ISO-10303-21;
HEADER;
/* Generated by software containing ST-Developer
 * from STEP Tools, Inc. (www.steptools.com) 
 */
/* OPTION: using custom renumber hook */

FILE_DESCRIPTION(
/* description */ ('STEP AP203'),
/* implementation_level */ '2;1');

FILE_NAME(
/* name */ 'USB-B-S-F-B-TH-FR',
/* time_stamp */ '2026-04-03T09:23:52+02:00',
/* author */ ('License CC BY-ND 4.0'),
/* organization */ ('CADENAS'),
/* preprocessor_version */ 'ST-DEVELOPER v20',
/* originating_system */ 'PARTsolutions',
/* authorisation */ '  ');

FILE_SCHEMA (('CONFIG_CONTROL_DESIGN'));
ENDSEC;

DATA;
#10=PROPERTY_DEFINITION_REPRESENTATION(#14,#12);
#11=PROPERTY_DEFINITION_REPRESENTATION(#15,#13);
#12=REPRESENTATION('',(#16),#10712);
#13=REPRESENTATION('',(#17),#10712);
#14=PROPERTY_DEFINITION('pmi validation property','',#10723);
#15=PROPERTY_DEFINITION('pmi validation property','',#10723);
#16=VALUE_REPRESENTATION_ITEM('number of annotations',COUNT_MEASURE(0.));
#17=VALUE_REPRESENTATION_ITEM('number of views',COUNT_MEASURE(0.));
#18=CONTEXT_DEPENDENT_SHAPE_REPRESENTATION(#24,#10725);
#19=CONTEXT_DEPENDENT_SHAPE_REPRESENTATION(#25,#10727);
#20=CONTEXT_DEPENDENT_SHAPE_REPRESENTATION(#26,#10729);
#21=NEXT_ASSEMBLY_USAGE_OCCURRENCE('NAUO1','USB-B-S-TH_S',
'USB-B-S-TH_S',#10730,#10731,'');
#22=NEXT_ASSEMBLY_USAGE_OCCURRENCE('NAUO2','USB-B-S-B-TH_B',
'USB-B-S-B-TH_B',#10730,#10732,'');
#23=NEXT_ASSEMBLY_USAGE_OCCURRENCE('NAUO3','USB-B-S-TH_P',
'USB-B-S-TH_P',#10730,#10733,'');
#24=(
REPRESENTATION_RELATIONSHIP(' ',' ',#6607,#6606)
REPRESENTATION_RELATIONSHIP_WITH_TRANSFORMATION(#27)
SHAPE_REPRESENTATION_RELATIONSHIP()
);
#25=(
REPRESENTATION_RELATIONSHIP(' ',' ',#6608,#6606)
REPRESENTATION_RELATIONSHIP_WITH_TRANSFORMATION(#28)
SHAPE_REPRESENTATION_RELATIONSHIP()
);
#26=(
REPRESENTATION_RELATIONSHIP(' ',' ',#6609,#6606)
REPRESENTATION_RELATIONSHIP_WITH_TRANSFORMATION(#29)
SHAPE_REPRESENTATION_RELATIONSHIP()
);
#27=ITEM_DEFINED_TRANSFORMATION(' ',' ',#6610,#6857);
#28=ITEM_DEFINED_TRANSFORMATION(' ',' ',#6610,#6953);
#29=ITEM_DEFINED_TRANSFORMATION(' ',' ',#6610,#7072);
#30=SHAPE_REPRESENTATION_RELATIONSHIP('','',#6607,#33);
#31=SHAPE_REPRESENTATION_RELATIONSHIP('','',#6608,#34);
#32=SHAPE_REPRESENTATION_RELATIONSHIP('','',#6609,#35);
#33=ADVANCED_BREP_SHAPE_REPRESENTATION('',(#6599),#10713);
#34=ADVANCED_BREP_SHAPE_REPRESENTATION('',(#6600),#10714);
#35=ADVANCED_BREP_SHAPE_REPRESENTATION('',(#6601),#10715);
#36=SPHERICAL_SURFACE('',#6718,0.300000000000002);
#37=SPHERICAL_SURFACE('',#6719,0.300000000000001);
#38=SPHERICAL_SURFACE('',#6720,0.300000000000004);
#39=SPHERICAL_SURFACE('',#6721,0.300000000000003);
#40=B_SPLINE_CURVE_WITH_KNOTS('',3,(#9328,#9329,#9330,#9331),
 .UNSPECIFIED.,.F.,.F.,(4,4),(0.,0.000436848260583913),.UNSPECIFIED.);
#41=B_SPLINE_CURVE_WITH_KNOTS('',3,(#9335,#9336,#9337,#9338),
 .UNSPECIFIED.,.F.,.F.,(4,4),(4.84869951806108E-19,0.000437555707025918),
 .UNSPECIFIED.);
#42=B_SPLINE_CURVE_WITH_KNOTS('',3,(#9360,#9361,#9362,#9363),
 .UNSPECIFIED.,.F.,.F.,(4,4),(0.,0.000436848260583917),.UNSPECIFIED.);
#43=B_SPLINE_CURVE_WITH_KNOTS('',3,(#9364,#9365,#9366,#9367),
 .UNSPECIFIED.,.F.,.F.,(4,4),(0.,0.000437555707025925),.UNSPECIFIED.);
#44=B_SPLINE_CURVE_WITH_KNOTS('',3,(#9504,#9505,#9506,#9507),
 .UNSPECIFIED.,.F.,.F.,(4,4),(0.,9.530782829021E-5),.UNSPECIFIED.);
#45=B_SPLINE_CURVE_WITH_KNOTS('',3,(#9513,#9514,#9515,#9516),
 .UNSPECIFIED.,.F.,.F.,(4,4),(0.,9.53078282902116E-5),.UNSPECIFIED.);
#46=B_SPLINE_CURVE_WITH_KNOTS('',3,(#9525,#9526,#9527,#9528),
 .UNSPECIFIED.,.F.,.F.,(4,4),(0.,9.53078282902082E-5),.UNSPECIFIED.);
#47=B_SPLINE_CURVE_WITH_KNOTS('',3,(#9533,#9534,#9535,#9536),
 .UNSPECIFIED.,.F.,.F.,(4,4),(0.,9.53078282902097E-5),.UNSPECIFIED.);
#48=ELLIPSE('',#6685,0.903791151713897,0.9);
#49=ELLIPSE('',#6686,0.903791151713897,0.9);
#50=ELLIPSE('',#6688,1.43063331997712,0.8);
#51=ELLIPSE('',#6689,1.43063331997712,0.8);
#52=ELLIPSE('',#6691,1.43063331997713,0.8);
#53=ELLIPSE('',#6692,1.43063331997713,0.8);
#54=ELLIPSE('',#6694,0.903791151713899,0.900000000000001);
#55=ELLIPSE('',#6695,0.903791151713899,0.900000000000001);
#56=ELLIPSE('',#6698,1.70716106434847,1.7);
#57=ELLIPSE('',#6700,1.70716106434847,1.7);
#58=ELLIPSE('',#6703,1.70716106434848,1.7);
#59=ELLIPSE('',#6704,1.70716106434848,1.7);
#60=ELLIPSE('',#6737,2.00842478158643,1.99999999999999);
#61=ELLIPSE('',#6738,0.602527434475931,0.599999999999999);
#62=ELLIPSE('',#6744,2.00842478158645,2.00000000000001);
#63=ELLIPSE('',#6745,0.602527434475931,0.599999999999999);
#64=ELLIPSE('',#6747,0.964974358803113,0.8);
#65=ELLIPSE('',#6748,1.43063331997712,0.8);
#66=ELLIPSE('',#6750,1.43063331997712,0.8);
#67=ELLIPSE('',#6751,0.964974358803124,0.8);
#68=ELLIPSE('',#6753,1.43063331997712,0.8);
#69=ELLIPSE('',#6754,0.964974358803124,0.8);
#70=ELLIPSE('',#6756,1.43063331997712,0.8);
#71=ELLIPSE('',#6757,0.964974358803113,0.8);
#72=ELLIPSE('',#6759,2.00842478158645,2.00000000000001);
#73=ELLIPSE('',#6760,0.602527434475931,0.599999999999999);
#74=ELLIPSE('',#6762,2.00842478158643,1.99999999999999);
#75=ELLIPSE('',#6763,0.602527434475931,0.599999999999999);
#76=CYLINDRICAL_SURFACE('',#6680,0.25);
#77=CYLINDRICAL_SURFACE('',#6681,0.25);
#78=CYLINDRICAL_SURFACE('',#6684,0.9);
#79=CYLINDRICAL_SURFACE('',#6693,0.900000000000001);
#80=CYLINDRICAL_SURFACE('',#6697,1.7);
#81=CYLINDRICAL_SURFACE('',#6701,1.7);
#82=CYLINDRICAL_SURFACE('',#6723,0.5);
#83=CYLINDRICAL_SURFACE('',#6726,0.5);
#84=CYLINDRICAL_SURFACE('',#6730,0.5);
#85=CYLINDRICAL_SURFACE('',#6733,0.5);
#86=CYLINDRICAL_SURFACE('',#6746,0.8);
#87=CYLINDRICAL_SURFACE('',#6749,0.8);
#88=CYLINDRICAL_SURFACE('',#6752,0.8);
#89=CYLINDRICAL_SURFACE('',#6755,0.8);
#90=CYLINDRICAL_SURFACE('',#6766,0.599999999999999);
#91=CYLINDRICAL_SURFACE('',#6768,2.00000000000001);
#92=CYLINDRICAL_SURFACE('',#6769,1.99999999999999);
#93=CYLINDRICAL_SURFACE('',#6771,0.599999999999999);
#94=CYLINDRICAL_SURFACE('',#6791,0.600000000000071);
#95=CYLINDRICAL_SURFACE('',#6792,0.5);
#96=CYLINDRICAL_SURFACE('',#6795,0.65);
#97=CYLINDRICAL_SURFACE('',#6798,0.65);
#98=CYLINDRICAL_SURFACE('',#6801,0.500000000000002);
#99=CYLINDRICAL_SURFACE('',#6802,0.600000000000051);
#100=CYLINDRICAL_SURFACE('',#6807,0.15);
#101=CYLINDRICAL_SURFACE('',#6810,0.5);
#102=CYLINDRICAL_SURFACE('',#6812,0.5);
#103=CYLINDRICAL_SURFACE('',#6815,0.15);
#104=CYLINDRICAL_SURFACE('',#6816,0.15);
#105=CYLINDRICAL_SURFACE('',#6824,0.150000000000001);
#106=CYLINDRICAL_SURFACE('',#6825,0.499999999999997);
#107=CYLINDRICAL_SURFACE('',#6826,0.199999999999998);
#108=CYLINDRICAL_SURFACE('',#6827,0.499999999999996);
#109=CYLINDRICAL_SURFACE('',#6828,0.200000000000005);
#110=CYLINDRICAL_SURFACE('',#6894,0.6);
#111=CYLINDRICAL_SURFACE('',#6896,0.6);
#112=CYLINDRICAL_SURFACE('',#6898,0.6);
#113=CYLINDRICAL_SURFACE('',#6964,0.499999999999999);
#114=CYLINDRICAL_SURFACE('',#6967,0.499999999999999);
#115=CYLINDRICAL_SURFACE('',#6976,0.500000000000004);
#116=CYLINDRICAL_SURFACE('',#6979,0.500000000000004);
#117=CYLINDRICAL_SURFACE('',#6992,0.75);
#118=CYLINDRICAL_SURFACE('',#6995,0.75);
#119=CYLINDRICAL_SURFACE('',#7002,0.750000000000013);
#120=CYLINDRICAL_SURFACE('',#7005,0.750000000000013);
#121=CYLINDRICAL_SURFACE('',#7010,0.200000000000001);
#122=CYLINDRICAL_SURFACE('',#7013,0.200000000000001);
#123=CYLINDRICAL_SURFACE('',#7022,0.450000000000002);
#124=CYLINDRICAL_SURFACE('',#7025,0.450000000000002);
#125=CYLINDRICAL_SURFACE('',#7030,0.2);
#126=CYLINDRICAL_SURFACE('',#7033,0.2);
#127=CYLINDRICAL_SURFACE('',#7042,0.449999999999998);
#128=CYLINDRICAL_SURFACE('',#7045,0.449999999999998);
#129=CIRCLE('',#6612,0.25);
#130=CIRCLE('',#6613,0.282842712474622);
#131=CIRCLE('',#6614,0.28284271247462);
#132=CIRCLE('',#6616,0.25);
#133=CIRCLE('',#6617,0.282842712474622);
#134=CIRCLE('',#6618,0.28284271247462);
#135=CIRCLE('',#6620,0.25);
#136=CIRCLE('',#6622,0.25);
#137=CIRCLE('',#6628,0.199999999999998);
#138=CIRCLE('',#6629,0.499999999999997);
#139=CIRCLE('',#6631,0.499999999999997);
#140=CIRCLE('',#6632,0.199999999999998);
#141=CIRCLE('',#6638,0.499999999999996);
#142=CIRCLE('',#6639,0.200000000000005);
#143=CIRCLE('',#6641,0.200000000000005);
#144=CIRCLE('',#6642,0.499999999999996);
#145=CIRCLE('',#6652,2.00000000000001);
#146=CIRCLE('',#6653,1.7);
#147=CIRCLE('',#6655,1.7);
#148=CIRCLE('',#6656,1.99999999999999);
#149=CIRCLE('',#6663,0.600000000000051);
#150=CIRCLE('',#6664,0.500000000000002);
#151=CIRCLE('',#6665,0.65);
#152=CIRCLE('',#6667,0.65);
#153=CIRCLE('',#6668,0.5);
#154=CIRCLE('',#6669,0.600000000000071);
#155=CIRCLE('',#6671,0.65);
#156=CIRCLE('',#6672,0.500000000000002);
#157=CIRCLE('',#6673,0.600000000000051);
#158=CIRCLE('',#6675,0.65);
#159=CIRCLE('',#6676,0.600000000000071);
#160=CIRCLE('',#6677,0.5);
#161=CIRCLE('',#6699,1.7);
#162=CIRCLE('',#6702,1.7);
#163=CIRCLE('',#6706,0.150000000000001);
#164=CIRCLE('',#6707,0.15);
#165=CIRCLE('',#6708,0.15);
#166=CIRCLE('',#6709,0.5);
#167=CIRCLE('',#6710,0.5);
#168=CIRCLE('',#6711,0.15);
#169=CIRCLE('',#6713,0.5);
#170=CIRCLE('',#6714,0.5);
#171=CIRCLE('',#6715,0.5);
#172=CIRCLE('',#6716,0.5);
#173=CIRCLE('',#6724,0.5);
#174=CIRCLE('',#6727,0.5);
#175=CIRCLE('',#6731,0.5);
#176=CIRCLE('',#6734,0.5);
#177=CIRCLE('',#6740,1.99999999999999);
#178=CIRCLE('',#6742,2.00000000000001);
#179=CIRCLE('',#6776,0.150000000000001);
#180=CIRCLE('',#6777,0.15);
#181=CIRCLE('',#6778,0.5);
#182=CIRCLE('',#6779,0.5);
#183=CIRCLE('',#6780,0.15);
#184=CIRCLE('',#6781,0.15);
#185=CIRCLE('',#6876,0.6);
#186=CIRCLE('',#6877,0.6);
#187=CIRCLE('',#6878,0.6);
#188=CIRCLE('',#6895,0.6);
#189=CIRCLE('',#6897,0.6);
#190=CIRCLE('',#6899,0.6);
#191=CIRCLE('',#6965,0.499999999999999);
#192=CIRCLE('',#6966,0.499999999999999);
#193=CIRCLE('',#6968,0.499999999999999);
#194=CIRCLE('',#6969,0.499999999999999);
#195=CIRCLE('',#6977,0.500000000000004);
#196=CIRCLE('',#6978,0.500000000000004);
#197=CIRCLE('',#6980,0.500000000000004);
#198=CIRCLE('',#6981,0.500000000000004);
#199=CIRCLE('',#6993,0.75);
#200=CIRCLE('',#6994,0.75);
#201=CIRCLE('',#6996,0.75);
#202=CIRCLE('',#6997,0.75);
#203=CIRCLE('',#7003,0.750000000000013);
#204=CIRCLE('',#7004,0.750000000000013);
#205=CIRCLE('',#7006,0.750000000000013);
#206=CIRCLE('',#7007,0.750000000000013);
#207=CIRCLE('',#7011,0.200000000000001);
#208=CIRCLE('',#7012,0.200000000000001);
#209=CIRCLE('',#7014,0.200000000000001);
#210=CIRCLE('',#7015,0.200000000000001);
#211=CIRCLE('',#7023,0.450000000000002);
#212=CIRCLE('',#7024,0.450000000000002);
#213=CIRCLE('',#7026,0.450000000000002);
#214=CIRCLE('',#7027,0.450000000000002);
#215=CIRCLE('',#7031,0.2);
#216=CIRCLE('',#7032,0.2);
#217=CIRCLE('',#7034,0.2);
#218=CIRCLE('',#7035,0.2);
#219=CIRCLE('',#7043,0.449999999999998);
#220=CIRCLE('',#7044,0.449999999999998);
#221=CIRCLE('',#7046,0.449999999999998);
#222=CIRCLE('',#7047,0.449999999999998);
#223=ORIENTED_EDGE('',*,*,#2083,.F.);
#224=ORIENTED_EDGE('',*,*,#2084,.F.);
#225=ORIENTED_EDGE('',*,*,#2085,.F.);
#226=ORIENTED_EDGE('',*,*,#2086,.F.);
#227=ORIENTED_EDGE('',*,*,#2087,.T.);
#228=ORIENTED_EDGE('',*,*,#2088,.F.);
#229=ORIENTED_EDGE('',*,*,#2089,.F.);
#230=ORIENTED_EDGE('',*,*,#2090,.F.);
#231=ORIENTED_EDGE('',*,*,#2091,.F.);
#232=ORIENTED_EDGE('',*,*,#2092,.F.);
#233=ORIENTED_EDGE('',*,*,#2093,.T.);
#234=ORIENTED_EDGE('',*,*,#2094,.F.);
#235=ORIENTED_EDGE('',*,*,#2095,.F.);
#236=ORIENTED_EDGE('',*,*,#2096,.F.);
#237=ORIENTED_EDGE('',*,*,#2097,.F.);
#238=ORIENTED_EDGE('',*,*,#2098,.T.);
#239=ORIENTED_EDGE('',*,*,#2099,.F.);
#240=ORIENTED_EDGE('',*,*,#2100,.F.);
#241=ORIENTED_EDGE('',*,*,#2101,.F.);
#242=ORIENTED_EDGE('',*,*,#2102,.T.);
#243=ORIENTED_EDGE('',*,*,#2103,.T.);
#244=ORIENTED_EDGE('',*,*,#2104,.F.);
#245=ORIENTED_EDGE('',*,*,#2105,.F.);
#246=ORIENTED_EDGE('',*,*,#2106,.F.);
#247=ORIENTED_EDGE('',*,*,#2107,.F.);
#248=ORIENTED_EDGE('',*,*,#2108,.F.);
#249=ORIENTED_EDGE('',*,*,#2109,.F.);
#250=ORIENTED_EDGE('',*,*,#2110,.F.);
#251=ORIENTED_EDGE('',*,*,#2111,.F.);
#252=ORIENTED_EDGE('',*,*,#2112,.T.);
#253=ORIENTED_EDGE('',*,*,#2113,.T.);
#254=ORIENTED_EDGE('',*,*,#2114,.T.);
#255=ORIENTED_EDGE('',*,*,#2115,.T.);
#256=ORIENTED_EDGE('',*,*,#2116,.F.);
#257=ORIENTED_EDGE('',*,*,#2117,.F.);
#258=ORIENTED_EDGE('',*,*,#2118,.F.);
#259=ORIENTED_EDGE('',*,*,#2119,.T.);
#260=ORIENTED_EDGE('',*,*,#2120,.T.);
#261=ORIENTED_EDGE('',*,*,#2121,.F.);
#262=ORIENTED_EDGE('',*,*,#2122,.F.);
#263=ORIENTED_EDGE('',*,*,#2123,.F.);
#264=ORIENTED_EDGE('',*,*,#2124,.F.);
#265=ORIENTED_EDGE('',*,*,#2125,.F.);
#266=ORIENTED_EDGE('',*,*,#2126,.F.);
#267=ORIENTED_EDGE('',*,*,#2127,.F.);
#268=ORIENTED_EDGE('',*,*,#2128,.F.);
#269=ORIENTED_EDGE('',*,*,#2129,.F.);
#270=ORIENTED_EDGE('',*,*,#2130,.F.);
#271=ORIENTED_EDGE('',*,*,#2131,.T.);
#272=ORIENTED_EDGE('',*,*,#2132,.T.);
#273=ORIENTED_EDGE('',*,*,#2133,.T.);
#274=ORIENTED_EDGE('',*,*,#2134,.T.);
#275=ORIENTED_EDGE('',*,*,#2135,.T.);
#276=ORIENTED_EDGE('',*,*,#2136,.T.);
#277=ORIENTED_EDGE('',*,*,#2137,.T.);
#278=ORIENTED_EDGE('',*,*,#2138,.T.);
#279=ORIENTED_EDGE('',*,*,#2139,.T.);
#280=ORIENTED_EDGE('',*,*,#2140,.T.);
#281=ORIENTED_EDGE('',*,*,#2141,.F.);
#282=ORIENTED_EDGE('',*,*,#2142,.F.);
#283=ORIENTED_EDGE('',*,*,#2143,.F.);
#284=ORIENTED_EDGE('',*,*,#2144,.F.);
#285=ORIENTED_EDGE('',*,*,#2145,.F.);
#286=ORIENTED_EDGE('',*,*,#2146,.F.);
#287=ORIENTED_EDGE('',*,*,#2147,.F.);
#288=ORIENTED_EDGE('',*,*,#2148,.F.);
#289=ORIENTED_EDGE('',*,*,#2149,.F.);
#290=ORIENTED_EDGE('',*,*,#2150,.F.);
#291=ORIENTED_EDGE('',*,*,#2151,.F.);
#292=ORIENTED_EDGE('',*,*,#2152,.T.);
#293=ORIENTED_EDGE('',*,*,#2153,.F.);
#294=ORIENTED_EDGE('',*,*,#2154,.T.);
#295=ORIENTED_EDGE('',*,*,#2155,.T.);
#296=ORIENTED_EDGE('',*,*,#2156,.F.);
#297=ORIENTED_EDGE('',*,*,#2157,.F.);
#298=ORIENTED_EDGE('',*,*,#2158,.F.);
#299=ORIENTED_EDGE('',*,*,#2159,.F.);
#300=ORIENTED_EDGE('',*,*,#2160,.F.);
#301=ORIENTED_EDGE('',*,*,#2161,.F.);
#302=ORIENTED_EDGE('',*,*,#2162,.F.);
#303=ORIENTED_EDGE('',*,*,#2163,.F.);
#304=ORIENTED_EDGE('',*,*,#2164,.F.);
#305=ORIENTED_EDGE('',*,*,#2165,.F.);
#306=ORIENTED_EDGE('',*,*,#2166,.F.);
#307=ORIENTED_EDGE('',*,*,#2167,.F.);
#308=ORIENTED_EDGE('',*,*,#2168,.F.);
#309=ORIENTED_EDGE('',*,*,#2169,.F.);
#310=ORIENTED_EDGE('',*,*,#2170,.F.);
#311=ORIENTED_EDGE('',*,*,#2171,.F.);
#312=ORIENTED_EDGE('',*,*,#2172,.F.);
#313=ORIENTED_EDGE('',*,*,#2173,.F.);
#314=ORIENTED_EDGE('',*,*,#2174,.F.);
#315=ORIENTED_EDGE('',*,*,#2175,.F.);
#316=ORIENTED_EDGE('',*,*,#2176,.F.);
#317=ORIENTED_EDGE('',*,*,#2177,.F.);
#318=ORIENTED_EDGE('',*,*,#2178,.T.);
#319=ORIENTED_EDGE('',*,*,#2179,.F.);
#320=ORIENTED_EDGE('',*,*,#2180,.T.);
#321=ORIENTED_EDGE('',*,*,#2181,.T.);
#322=ORIENTED_EDGE('',*,*,#2182,.F.);
#323=ORIENTED_EDGE('',*,*,#2183,.F.);
#324=ORIENTED_EDGE('',*,*,#2184,.F.);
#325=ORIENTED_EDGE('',*,*,#2185,.F.);
#326=ORIENTED_EDGE('',*,*,#2186,.T.);
#327=ORIENTED_EDGE('',*,*,#2187,.F.);
#328=ORIENTED_EDGE('',*,*,#2188,.F.);
#329=ORIENTED_EDGE('',*,*,#2189,.F.);
#330=ORIENTED_EDGE('',*,*,#2190,.F.);
#331=ORIENTED_EDGE('',*,*,#2191,.F.);
#332=ORIENTED_EDGE('',*,*,#2192,.F.);
#333=ORIENTED_EDGE('',*,*,#2193,.F.);
#334=ORIENTED_EDGE('',*,*,#2194,.F.);
#335=ORIENTED_EDGE('',*,*,#2195,.F.);
#336=ORIENTED_EDGE('',*,*,#2196,.F.);
#337=ORIENTED_EDGE('',*,*,#2197,.T.);
#338=ORIENTED_EDGE('',*,*,#2198,.T.);
#339=ORIENTED_EDGE('',*,*,#2199,.F.);
#340=ORIENTED_EDGE('',*,*,#2200,.F.);
#341=ORIENTED_EDGE('',*,*,#2201,.F.);
#342=ORIENTED_EDGE('',*,*,#2200,.T.);
#343=ORIENTED_EDGE('',*,*,#2202,.F.);
#344=ORIENTED_EDGE('',*,*,#2203,.F.);
#345=ORIENTED_EDGE('',*,*,#2204,.F.);
#346=ORIENTED_EDGE('',*,*,#2203,.T.);
#347=ORIENTED_EDGE('',*,*,#2205,.F.);
#348=ORIENTED_EDGE('',*,*,#2206,.F.);
#349=ORIENTED_EDGE('',*,*,#2207,.F.);
#350=ORIENTED_EDGE('',*,*,#2206,.T.);
#351=ORIENTED_EDGE('',*,*,#2208,.F.);
#352=ORIENTED_EDGE('',*,*,#2209,.T.);
#353=ORIENTED_EDGE('',*,*,#2210,.F.);
#354=ORIENTED_EDGE('',*,*,#2211,.F.);
#355=ORIENTED_EDGE('',*,*,#2196,.T.);
#356=ORIENTED_EDGE('',*,*,#2212,.T.);
#357=ORIENTED_EDGE('',*,*,#2211,.T.);
#358=ORIENTED_EDGE('',*,*,#2213,.F.);
#359=ORIENTED_EDGE('',*,*,#2214,.T.);
#360=ORIENTED_EDGE('',*,*,#2215,.T.);
#361=ORIENTED_EDGE('',*,*,#2216,.F.);
#362=ORIENTED_EDGE('',*,*,#2198,.F.);
#363=ORIENTED_EDGE('',*,*,#2217,.F.);
#364=ORIENTED_EDGE('',*,*,#2218,.F.);
#365=ORIENTED_EDGE('',*,*,#2219,.T.);
#366=ORIENTED_EDGE('',*,*,#2209,.F.);
#367=ORIENTED_EDGE('',*,*,#2220,.F.);
#368=ORIENTED_EDGE('',*,*,#2221,.T.);
#369=ORIENTED_EDGE('',*,*,#2222,.F.);
#370=ORIENTED_EDGE('',*,*,#2223,.F.);
#371=ORIENTED_EDGE('',*,*,#2224,.F.);
#372=ORIENTED_EDGE('',*,*,#2223,.T.);
#373=ORIENTED_EDGE('',*,*,#2225,.F.);
#374=ORIENTED_EDGE('',*,*,#2226,.T.);
#375=ORIENTED_EDGE('',*,*,#2227,.F.);
#376=ORIENTED_EDGE('',*,*,#2228,.F.);
#377=ORIENTED_EDGE('',*,*,#2229,.F.);
#378=ORIENTED_EDGE('',*,*,#2230,.F.);
#379=ORIENTED_EDGE('',*,*,#2231,.T.);
#380=ORIENTED_EDGE('',*,*,#2232,.T.);
#381=ORIENTED_EDGE('',*,*,#2233,.F.);
#382=ORIENTED_EDGE('',*,*,#2234,.F.);
#383=ORIENTED_EDGE('',*,*,#2235,.F.);
#384=ORIENTED_EDGE('',*,*,#2234,.T.);
#385=ORIENTED_EDGE('',*,*,#2236,.F.);
#386=ORIENTED_EDGE('',*,*,#2221,.F.);
#387=ORIENTED_EDGE('',*,*,#2230,.T.);
#388=ORIENTED_EDGE('',*,*,#2237,.T.);
#389=ORIENTED_EDGE('',*,*,#2228,.T.);
#390=ORIENTED_EDGE('',*,*,#2238,.T.);
#391=ORIENTED_EDGE('',*,*,#2239,.F.);
#392=ORIENTED_EDGE('',*,*,#2240,.F.);
#393=ORIENTED_EDGE('',*,*,#2241,.F.);
#394=ORIENTED_EDGE('',*,*,#2232,.F.);
#395=ORIENTED_EDGE('',*,*,#2242,.T.);
#396=ORIENTED_EDGE('',*,*,#2243,.T.);
#397=ORIENTED_EDGE('',*,*,#2244,.F.);
#398=ORIENTED_EDGE('',*,*,#2226,.F.);
#399=ORIENTED_EDGE('',*,*,#2245,.T.);
#400=ORIENTED_EDGE('',*,*,#2246,.F.);
#401=ORIENTED_EDGE('',*,*,#2247,.T.);
#402=ORIENTED_EDGE('',*,*,#2248,.T.);
#403=ORIENTED_EDGE('',*,*,#2249,.T.);
#404=ORIENTED_EDGE('',*,*,#2250,.F.);
#405=ORIENTED_EDGE('',*,*,#2251,.T.);
#406=ORIENTED_EDGE('',*,*,#2150,.T.);
#407=ORIENTED_EDGE('',*,*,#2252,.F.);
#408=ORIENTED_EDGE('',*,*,#2089,.T.);
#409=ORIENTED_EDGE('',*,*,#2253,.T.);
#410=ORIENTED_EDGE('',*,*,#2129,.T.);
#411=ORIENTED_EDGE('',*,*,#2254,.F.);
#412=ORIENTED_EDGE('',*,*,#2182,.T.);
#413=ORIENTED_EDGE('',*,*,#2255,.T.);
#414=ORIENTED_EDGE('',*,*,#2256,.T.);
#415=ORIENTED_EDGE('',*,*,#2257,.T.);
#416=ORIENTED_EDGE('',*,*,#2258,.F.);
#417=ORIENTED_EDGE('',*,*,#2259,.T.);
#418=ORIENTED_EDGE('',*,*,#2260,.T.);
#419=ORIENTED_EDGE('',*,*,#2261,.F.);
#420=ORIENTED_EDGE('',*,*,#2262,.F.);
#421=ORIENTED_EDGE('',*,*,#2263,.T.);
#422=ORIENTED_EDGE('',*,*,#2264,.T.);
#423=ORIENTED_EDGE('',*,*,#2265,.F.);
#424=ORIENTED_EDGE('',*,*,#2266,.F.);
#425=ORIENTED_EDGE('',*,*,#2267,.T.);
#426=ORIENTED_EDGE('',*,*,#2268,.T.);
#427=ORIENTED_EDGE('',*,*,#2269,.F.);
#428=ORIENTED_EDGE('',*,*,#2270,.F.);
#429=ORIENTED_EDGE('',*,*,#2271,.T.);
#430=ORIENTED_EDGE('',*,*,#2272,.T.);
#431=ORIENTED_EDGE('',*,*,#2273,.F.);
#432=ORIENTED_EDGE('',*,*,#2274,.F.);
#433=ORIENTED_EDGE('',*,*,#2275,.T.);
#434=ORIENTED_EDGE('',*,*,#2276,.T.);
#435=ORIENTED_EDGE('',*,*,#2277,.T.);
#436=ORIENTED_EDGE('',*,*,#2147,.T.);
#437=ORIENTED_EDGE('',*,*,#2278,.T.);
#438=ORIENTED_EDGE('',*,*,#2279,.F.);
#439=ORIENTED_EDGE('',*,*,#2280,.F.);
#440=ORIENTED_EDGE('',*,*,#2092,.T.);
#441=ORIENTED_EDGE('',*,*,#2185,.T.);
#442=ORIENTED_EDGE('',*,*,#2281,.T.);
#443=ORIENTED_EDGE('',*,*,#2126,.T.);
#444=ORIENTED_EDGE('',*,*,#2282,.F.);
#445=ORIENTED_EDGE('',*,*,#2283,.F.);
#446=ORIENTED_EDGE('',*,*,#2284,.T.);
#447=ORIENTED_EDGE('',*,*,#2285,.T.);
#448=ORIENTED_EDGE('',*,*,#2157,.T.);
#449=ORIENTED_EDGE('',*,*,#2286,.T.);
#450=ORIENTED_EDGE('',*,*,#2175,.T.);
#451=ORIENTED_EDGE('',*,*,#2287,.T.);
#452=ORIENTED_EDGE('',*,*,#2121,.T.);
#453=ORIENTED_EDGE('',*,*,#2288,.T.);
#454=ORIENTED_EDGE('',*,*,#2097,.T.);
#455=ORIENTED_EDGE('',*,*,#2289,.T.);
#456=ORIENTED_EDGE('',*,*,#2158,.T.);
#457=ORIENTED_EDGE('',*,*,#2285,.F.);
#458=ORIENTED_EDGE('',*,*,#2096,.T.);
#459=ORIENTED_EDGE('',*,*,#2287,.F.);
#460=ORIENTED_EDGE('',*,*,#2174,.T.);
#461=ORIENTED_EDGE('',*,*,#2290,.T.);
#462=ORIENTED_EDGE('',*,*,#2122,.T.);
#463=ORIENTED_EDGE('',*,*,#2159,.T.);
#464=ORIENTED_EDGE('',*,*,#2289,.F.);
#465=ORIENTED_EDGE('',*,*,#2095,.T.);
#466=ORIENTED_EDGE('',*,*,#2291,.T.);
#467=ORIENTED_EDGE('',*,*,#2173,.T.);
#468=ORIENTED_EDGE('',*,*,#2292,.T.);
#469=ORIENTED_EDGE('',*,*,#2123,.T.);
#470=ORIENTED_EDGE('',*,*,#2290,.F.);
#471=ORIENTED_EDGE('',*,*,#2293,.T.);
#472=ORIENTED_EDGE('',*,*,#2294,.T.);
#473=ORIENTED_EDGE('',*,*,#2261,.T.);
#474=ORIENTED_EDGE('',*,*,#2295,.T.);
#475=ORIENTED_EDGE('',*,*,#2296,.T.);
#476=ORIENTED_EDGE('',*,*,#2297,.T.);
#477=ORIENTED_EDGE('',*,*,#2265,.T.);
#478=ORIENTED_EDGE('',*,*,#2298,.T.);
#479=ORIENTED_EDGE('',*,*,#2299,.T.);
#480=ORIENTED_EDGE('',*,*,#2300,.T.);
#481=ORIENTED_EDGE('',*,*,#2301,.T.);
#482=ORIENTED_EDGE('',*,*,#2245,.F.);
#483=ORIENTED_EDGE('',*,*,#2302,.T.);
#484=ORIENTED_EDGE('',*,*,#2303,.T.);
#485=ORIENTED_EDGE('',*,*,#2304,.T.);
#486=ORIENTED_EDGE('',*,*,#2249,.F.);
#487=ORIENTED_EDGE('',*,*,#2088,.T.);
#488=ORIENTED_EDGE('',*,*,#2305,.T.);
#489=ORIENTED_EDGE('',*,*,#2306,.T.);
#490=ORIENTED_EDGE('',*,*,#2307,.T.);
#491=ORIENTED_EDGE('',*,*,#2257,.F.);
#492=ORIENTED_EDGE('',*,*,#2308,.T.);
#493=ORIENTED_EDGE('',*,*,#2309,.T.);
#494=ORIENTED_EDGE('',*,*,#2310,.T.);
#495=ORIENTED_EDGE('',*,*,#2311,.T.);
#496=ORIENTED_EDGE('',*,*,#2269,.T.);
#497=ORIENTED_EDGE('',*,*,#2312,.T.);
#498=ORIENTED_EDGE('',*,*,#2313,.T.);
#499=ORIENTED_EDGE('',*,*,#2314,.T.);
#500=ORIENTED_EDGE('',*,*,#2273,.T.);
#501=ORIENTED_EDGE('',*,*,#2315,.T.);
#502=ORIENTED_EDGE('',*,*,#2316,.T.);
#503=ORIENTED_EDGE('',*,*,#2130,.T.);
#504=ORIENTED_EDGE('',*,*,#2253,.F.);
#505=ORIENTED_EDGE('',*,*,#2317,.T.);
#506=ORIENTED_EDGE('',*,*,#2318,.T.);
#507=ORIENTED_EDGE('',*,*,#2151,.T.);
#508=ORIENTED_EDGE('',*,*,#2251,.F.);
#509=ORIENTED_EDGE('',*,*,#2319,.T.);
#510=ORIENTED_EDGE('',*,*,#2320,.T.);
#511=ORIENTED_EDGE('',*,*,#2321,.T.);
#512=ORIENTED_EDGE('',*,*,#2247,.F.);
#513=ORIENTED_EDGE('',*,*,#2322,.T.);
#514=ORIENTED_EDGE('',*,*,#2323,.T.);
#515=ORIENTED_EDGE('',*,*,#2324,.T.);
#516=ORIENTED_EDGE('',*,*,#2325,.T.);
#517=ORIENTED_EDGE('',*,*,#2267,.F.);
#518=ORIENTED_EDGE('',*,*,#2326,.T.);
#519=ORIENTED_EDGE('',*,*,#2327,.T.);
#520=ORIENTED_EDGE('',*,*,#2328,.T.);
#521=ORIENTED_EDGE('',*,*,#2263,.F.);
#522=ORIENTED_EDGE('',*,*,#2329,.T.);
#523=ORIENTED_EDGE('',*,*,#2330,.T.);
#524=ORIENTED_EDGE('',*,*,#2255,.F.);
#525=ORIENTED_EDGE('',*,*,#2181,.F.);
#526=ORIENTED_EDGE('',*,*,#2331,.T.);
#527=ORIENTED_EDGE('',*,*,#2332,.T.);
#528=ORIENTED_EDGE('',*,*,#2275,.F.);
#529=ORIENTED_EDGE('',*,*,#2333,.T.);
#530=ORIENTED_EDGE('',*,*,#2334,.T.);
#531=ORIENTED_EDGE('',*,*,#2335,.T.);
#532=ORIENTED_EDGE('',*,*,#2271,.F.);
#533=ORIENTED_EDGE('',*,*,#2336,.T.);
#534=ORIENTED_EDGE('',*,*,#2337,.T.);
#535=ORIENTED_EDGE('',*,*,#2338,.T.);
#536=ORIENTED_EDGE('',*,*,#2339,.T.);
#537=ORIENTED_EDGE('',*,*,#2259,.F.);
#538=ORIENTED_EDGE('',*,*,#2340,.T.);
#539=ORIENTED_EDGE('',*,*,#2281,.F.);
#540=ORIENTED_EDGE('',*,*,#2184,.T.);
#541=ORIENTED_EDGE('',*,*,#2341,.T.);
#542=ORIENTED_EDGE('',*,*,#2127,.T.);
#543=ORIENTED_EDGE('',*,*,#2342,.T.);
#544=ORIENTED_EDGE('',*,*,#2148,.T.);
#545=ORIENTED_EDGE('',*,*,#2277,.F.);
#546=ORIENTED_EDGE('',*,*,#2091,.T.);
#547=ORIENTED_EDGE('',*,*,#2341,.F.);
#548=ORIENTED_EDGE('',*,*,#2183,.T.);
#549=ORIENTED_EDGE('',*,*,#2254,.T.);
#550=ORIENTED_EDGE('',*,*,#2128,.T.);
#551=ORIENTED_EDGE('',*,*,#2252,.T.);
#552=ORIENTED_EDGE('',*,*,#2149,.T.);
#553=ORIENTED_EDGE('',*,*,#2342,.F.);
#554=ORIENTED_EDGE('',*,*,#2090,.T.);
#555=ORIENTED_EDGE('',*,*,#2117,.T.);
#556=ORIENTED_EDGE('',*,*,#2343,.F.);
#557=ORIENTED_EDGE('',*,*,#2179,.T.);
#558=ORIENTED_EDGE('',*,*,#2344,.F.);
#559=ORIENTED_EDGE('',*,*,#2153,.T.);
#560=ORIENTED_EDGE('',*,*,#2345,.F.);
#561=ORIENTED_EDGE('',*,*,#2101,.T.);
#562=ORIENTED_EDGE('',*,*,#2346,.F.);
#563=ORIENTED_EDGE('',*,*,#2347,.F.);
#564=ORIENTED_EDGE('',*,*,#2348,.F.);
#565=ORIENTED_EDGE('',*,*,#2349,.F.);
#566=ORIENTED_EDGE('',*,*,#2350,.T.);
#567=ORIENTED_EDGE('',*,*,#2351,.F.);
#568=ORIENTED_EDGE('',*,*,#2352,.T.);
#569=ORIENTED_EDGE('',*,*,#2353,.F.);
#570=ORIENTED_EDGE('',*,*,#2354,.T.);
#571=ORIENTED_EDGE('',*,*,#2355,.F.);
#572=ORIENTED_EDGE('',*,*,#2348,.T.);
#573=ORIENTED_EDGE('',*,*,#2353,.T.);
#574=ORIENTED_EDGE('',*,*,#2356,.T.);
#575=ORIENTED_EDGE('',*,*,#2357,.T.);
#576=ORIENTED_EDGE('',*,*,#2358,.T.);
#577=ORIENTED_EDGE('',*,*,#2359,.T.);
#578=ORIENTED_EDGE('',*,*,#2360,.F.);
#579=ORIENTED_EDGE('',*,*,#2361,.F.);
#580=ORIENTED_EDGE('',*,*,#2362,.F.);
#581=ORIENTED_EDGE('',*,*,#2363,.F.);
#582=ORIENTED_EDGE('',*,*,#2364,.T.);
#583=ORIENTED_EDGE('',*,*,#2360,.T.);
#584=ORIENTED_EDGE('',*,*,#2365,.T.);
#585=ORIENTED_EDGE('',*,*,#2366,.F.);
#586=ORIENTED_EDGE('',*,*,#2367,.F.);
#587=ORIENTED_EDGE('',*,*,#2368,.F.);
#588=ORIENTED_EDGE('',*,*,#2362,.T.);
#589=ORIENTED_EDGE('',*,*,#2369,.T.);
#590=ORIENTED_EDGE('',*,*,#2370,.T.);
#591=ORIENTED_EDGE('',*,*,#2093,.F.);
#592=ORIENTED_EDGE('',*,*,#2280,.T.);
#593=ORIENTED_EDGE('',*,*,#2371,.T.);
#594=ORIENTED_EDGE('',*,*,#2367,.T.);
#595=ORIENTED_EDGE('',*,*,#2125,.T.);
#596=ORIENTED_EDGE('',*,*,#2372,.T.);
#597=ORIENTED_EDGE('',*,*,#2373,.T.);
#598=ORIENTED_EDGE('',*,*,#2350,.F.);
#599=ORIENTED_EDGE('',*,*,#2374,.T.);
#600=ORIENTED_EDGE('',*,*,#2282,.T.);
#601=ORIENTED_EDGE('',*,*,#2375,.F.);
#602=ORIENTED_EDGE('',*,*,#2376,.F.);
#603=ORIENTED_EDGE('',*,*,#2377,.F.);
#604=ORIENTED_EDGE('',*,*,#2378,.F.);
#605=ORIENTED_EDGE('',*,*,#2379,.F.);
#606=ORIENTED_EDGE('',*,*,#2380,.F.);
#607=ORIENTED_EDGE('',*,*,#2381,.F.);
#608=ORIENTED_EDGE('',*,*,#2382,.F.);
#609=ORIENTED_EDGE('',*,*,#2383,.F.);
#610=ORIENTED_EDGE('',*,*,#2384,.F.);
#611=ORIENTED_EDGE('',*,*,#2385,.F.);
#612=ORIENTED_EDGE('',*,*,#2386,.F.);
#613=ORIENTED_EDGE('',*,*,#2387,.F.);
#614=ORIENTED_EDGE('',*,*,#2388,.F.);
#615=ORIENTED_EDGE('',*,*,#2389,.F.);
#616=ORIENTED_EDGE('',*,*,#2390,.F.);
#617=ORIENTED_EDGE('',*,*,#2391,.F.);
#618=ORIENTED_EDGE('',*,*,#2392,.F.);
#619=ORIENTED_EDGE('',*,*,#2393,.F.);
#620=ORIENTED_EDGE('',*,*,#2394,.F.);
#621=ORIENTED_EDGE('',*,*,#2118,.T.);
#622=ORIENTED_EDGE('',*,*,#2346,.T.);
#623=ORIENTED_EDGE('',*,*,#2100,.T.);
#624=ORIENTED_EDGE('',*,*,#2395,.T.);
#625=ORIENTED_EDGE('',*,*,#2396,.T.);
#626=ORIENTED_EDGE('',*,*,#2397,.T.);
#627=ORIENTED_EDGE('',*,*,#2398,.T.);
#628=ORIENTED_EDGE('',*,*,#2399,.T.);
#629=ORIENTED_EDGE('',*,*,#2400,.T.);
#630=ORIENTED_EDGE('',*,*,#2401,.T.);
#631=ORIENTED_EDGE('',*,*,#2402,.T.);
#632=ORIENTED_EDGE('',*,*,#2403,.T.);
#633=ORIENTED_EDGE('',*,*,#2288,.F.);
#634=ORIENTED_EDGE('',*,*,#2120,.F.);
#635=ORIENTED_EDGE('',*,*,#2404,.F.);
#636=ORIENTED_EDGE('',*,*,#2098,.F.);
#637=ORIENTED_EDGE('',*,*,#2404,.T.);
#638=ORIENTED_EDGE('',*,*,#2119,.F.);
#639=ORIENTED_EDGE('',*,*,#2395,.F.);
#640=ORIENTED_EDGE('',*,*,#2099,.T.);
#641=ORIENTED_EDGE('',*,*,#2132,.F.);
#642=ORIENTED_EDGE('',*,*,#2103,.F.);
#643=ORIENTED_EDGE('',*,*,#2131,.F.);
#644=ORIENTED_EDGE('',*,*,#2102,.F.);
#645=ORIENTED_EDGE('',*,*,#2397,.F.);
#646=ORIENTED_EDGE('',*,*,#2405,.F.);
#647=ORIENTED_EDGE('',*,*,#2406,.T.);
#648=ORIENTED_EDGE('',*,*,#2407,.T.);
#649=ORIENTED_EDGE('',*,*,#2398,.F.);
#650=ORIENTED_EDGE('',*,*,#2407,.F.);
#651=ORIENTED_EDGE('',*,*,#2408,.T.);
#652=ORIENTED_EDGE('',*,*,#2409,.T.);
#653=ORIENTED_EDGE('',*,*,#2399,.F.);
#654=ORIENTED_EDGE('',*,*,#2409,.F.);
#655=ORIENTED_EDGE('',*,*,#2410,.T.);
#656=ORIENTED_EDGE('',*,*,#2411,.T.);
#657=ORIENTED_EDGE('',*,*,#2396,.F.);
#658=ORIENTED_EDGE('',*,*,#2411,.F.);
#659=ORIENTED_EDGE('',*,*,#2412,.T.);
#660=ORIENTED_EDGE('',*,*,#2405,.T.);
#661=ORIENTED_EDGE('',*,*,#2406,.F.);
#662=ORIENTED_EDGE('',*,*,#2412,.F.);
#663=ORIENTED_EDGE('',*,*,#2410,.F.);
#664=ORIENTED_EDGE('',*,*,#2408,.F.);
#665=ORIENTED_EDGE('',*,*,#2401,.F.);
#666=ORIENTED_EDGE('',*,*,#2413,.F.);
#667=ORIENTED_EDGE('',*,*,#2414,.T.);
#668=ORIENTED_EDGE('',*,*,#2415,.T.);
#669=ORIENTED_EDGE('',*,*,#2402,.F.);
#670=ORIENTED_EDGE('',*,*,#2415,.F.);
#671=ORIENTED_EDGE('',*,*,#2416,.T.);
#672=ORIENTED_EDGE('',*,*,#2417,.T.);
#673=ORIENTED_EDGE('',*,*,#2403,.F.);
#674=ORIENTED_EDGE('',*,*,#2417,.F.);
#675=ORIENTED_EDGE('',*,*,#2418,.T.);
#676=ORIENTED_EDGE('',*,*,#2419,.T.);
#677=ORIENTED_EDGE('',*,*,#2400,.F.);
#678=ORIENTED_EDGE('',*,*,#2419,.F.);
#679=ORIENTED_EDGE('',*,*,#2420,.T.);
#680=ORIENTED_EDGE('',*,*,#2413,.T.);
#681=ORIENTED_EDGE('',*,*,#2414,.F.);
#682=ORIENTED_EDGE('',*,*,#2420,.F.);
#683=ORIENTED_EDGE('',*,*,#2418,.F.);
#684=ORIENTED_EDGE('',*,*,#2416,.F.);
#685=ORIENTED_EDGE('',*,*,#2421,.T.);
#686=ORIENTED_EDGE('',*,*,#2351,.T.);
#687=ORIENTED_EDGE('',*,*,#2347,.T.);
#688=ORIENTED_EDGE('',*,*,#2373,.F.);
#689=ORIENTED_EDGE('',*,*,#2422,.F.);
#690=ORIENTED_EDGE('',*,*,#2423,.T.);
#691=ORIENTED_EDGE('',*,*,#2424,.T.);
#692=ORIENTED_EDGE('',*,*,#2425,.F.);
#693=ORIENTED_EDGE('',*,*,#2426,.T.);
#694=ORIENTED_EDGE('',*,*,#2422,.T.);
#695=ORIENTED_EDGE('',*,*,#2372,.F.);
#696=ORIENTED_EDGE('',*,*,#2124,.T.);
#697=ORIENTED_EDGE('',*,*,#2292,.F.);
#698=ORIENTED_EDGE('',*,*,#2172,.T.);
#699=ORIENTED_EDGE('',*,*,#2145,.T.);
#700=ORIENTED_EDGE('',*,*,#2291,.F.);
#701=ORIENTED_EDGE('',*,*,#2094,.T.);
#702=ORIENTED_EDGE('',*,*,#2370,.F.);
#703=ORIENTED_EDGE('',*,*,#2427,.T.);
#704=ORIENTED_EDGE('',*,*,#2428,.T.);
#705=ORIENTED_EDGE('',*,*,#2429,.T.);
#706=ORIENTED_EDGE('',*,*,#2427,.F.);
#707=ORIENTED_EDGE('',*,*,#2369,.F.);
#708=ORIENTED_EDGE('',*,*,#2366,.T.);
#709=ORIENTED_EDGE('',*,*,#2361,.T.);
#710=ORIENTED_EDGE('',*,*,#2430,.T.);
#711=ORIENTED_EDGE('',*,*,#2431,.F.);
#712=ORIENTED_EDGE('',*,*,#2432,.T.);
#713=ORIENTED_EDGE('',*,*,#2433,.T.);
#714=ORIENTED_EDGE('',*,*,#2430,.F.);
#715=ORIENTED_EDGE('',*,*,#2365,.F.);
#716=ORIENTED_EDGE('',*,*,#2359,.F.);
#717=ORIENTED_EDGE('',*,*,#2434,.F.);
#718=ORIENTED_EDGE('',*,*,#2435,.F.);
#719=ORIENTED_EDGE('',*,*,#2421,.F.);
#720=ORIENTED_EDGE('',*,*,#2436,.T.);
#721=ORIENTED_EDGE('',*,*,#2437,.F.);
#722=ORIENTED_EDGE('',*,*,#2438,.F.);
#723=ORIENTED_EDGE('',*,*,#2356,.F.);
#724=ORIENTED_EDGE('',*,*,#2352,.F.);
#725=ORIENTED_EDGE('',*,*,#2439,.F.);
#726=ORIENTED_EDGE('',*,*,#2440,.T.);
#727=ORIENTED_EDGE('',*,*,#2441,.T.);
#728=ORIENTED_EDGE('',*,*,#2354,.F.);
#729=ORIENTED_EDGE('',*,*,#2357,.F.);
#730=ORIENTED_EDGE('',*,*,#2442,.F.);
#731=ORIENTED_EDGE('',*,*,#2443,.T.);
#732=ORIENTED_EDGE('',*,*,#2444,.F.);
#733=ORIENTED_EDGE('',*,*,#2445,.F.);
#734=ORIENTED_EDGE('',*,*,#2358,.F.);
#735=ORIENTED_EDGE('',*,*,#2364,.F.);
#736=ORIENTED_EDGE('',*,*,#2446,.T.);
#737=ORIENTED_EDGE('',*,*,#2447,.T.);
#738=ORIENTED_EDGE('',*,*,#2448,.T.);
#739=ORIENTED_EDGE('',*,*,#2449,.F.);
#740=ORIENTED_EDGE('',*,*,#2446,.F.);
#741=ORIENTED_EDGE('',*,*,#2363,.T.);
#742=ORIENTED_EDGE('',*,*,#2368,.T.);
#743=ORIENTED_EDGE('',*,*,#2371,.F.);
#744=ORIENTED_EDGE('',*,*,#2279,.T.);
#745=ORIENTED_EDGE('',*,*,#2450,.T.);
#746=ORIENTED_EDGE('',*,*,#2451,.T.);
#747=ORIENTED_EDGE('',*,*,#2283,.T.);
#748=ORIENTED_EDGE('',*,*,#2374,.F.);
#749=ORIENTED_EDGE('',*,*,#2349,.T.);
#750=ORIENTED_EDGE('',*,*,#2355,.T.);
#751=ORIENTED_EDGE('',*,*,#2441,.F.);
#752=ORIENTED_EDGE('',*,*,#2452,.F.);
#753=ORIENTED_EDGE('',*,*,#2453,.T.);
#754=ORIENTED_EDGE('',*,*,#2434,.T.);
#755=ORIENTED_EDGE('',*,*,#2445,.T.);
#756=ORIENTED_EDGE('',*,*,#2453,.F.);
#757=ORIENTED_EDGE('',*,*,#2444,.T.);
#758=ORIENTED_EDGE('',*,*,#2454,.T.);
#759=ORIENTED_EDGE('',*,*,#2435,.T.);
#760=ORIENTED_EDGE('',*,*,#2455,.T.);
#761=ORIENTED_EDGE('',*,*,#2431,.T.);
#762=ORIENTED_EDGE('',*,*,#2433,.F.);
#763=ORIENTED_EDGE('',*,*,#2454,.F.);
#764=ORIENTED_EDGE('',*,*,#2443,.F.);
#765=ORIENTED_EDGE('',*,*,#2449,.T.);
#766=ORIENTED_EDGE('',*,*,#2432,.F.);
#767=ORIENTED_EDGE('',*,*,#2455,.F.);
#768=ORIENTED_EDGE('',*,*,#2448,.F.);
#769=ORIENTED_EDGE('',*,*,#2456,.T.);
#770=ORIENTED_EDGE('',*,*,#2428,.F.);
#771=ORIENTED_EDGE('',*,*,#2429,.F.);
#772=ORIENTED_EDGE('',*,*,#2456,.F.);
#773=ORIENTED_EDGE('',*,*,#2447,.F.);
#774=ORIENTED_EDGE('',*,*,#2278,.F.);
#775=ORIENTED_EDGE('',*,*,#2146,.T.);
#776=ORIENTED_EDGE('',*,*,#2426,.F.);
#777=ORIENTED_EDGE('',*,*,#2186,.F.);
#778=ORIENTED_EDGE('',*,*,#2284,.F.);
#779=ORIENTED_EDGE('',*,*,#2451,.F.);
#780=ORIENTED_EDGE('',*,*,#2457,.T.);
#781=ORIENTED_EDGE('',*,*,#2423,.F.);
#782=ORIENTED_EDGE('',*,*,#2424,.F.);
#783=ORIENTED_EDGE('',*,*,#2457,.F.);
#784=ORIENTED_EDGE('',*,*,#2450,.F.);
#785=ORIENTED_EDGE('',*,*,#2458,.T.);
#786=ORIENTED_EDGE('',*,*,#2436,.F.);
#787=ORIENTED_EDGE('',*,*,#2425,.T.);
#788=ORIENTED_EDGE('',*,*,#2458,.F.);
#789=ORIENTED_EDGE('',*,*,#2452,.T.);
#790=ORIENTED_EDGE('',*,*,#2440,.F.);
#791=ORIENTED_EDGE('',*,*,#2459,.T.);
#792=ORIENTED_EDGE('',*,*,#2459,.F.);
#793=ORIENTED_EDGE('',*,*,#2439,.T.);
#794=ORIENTED_EDGE('',*,*,#2460,.T.);
#795=ORIENTED_EDGE('',*,*,#2437,.T.);
#796=ORIENTED_EDGE('',*,*,#2442,.T.);
#797=ORIENTED_EDGE('',*,*,#2438,.T.);
#798=ORIENTED_EDGE('',*,*,#2460,.F.);
#799=ORIENTED_EDGE('',*,*,#2461,.F.);
#800=ORIENTED_EDGE('',*,*,#2155,.F.);
#801=ORIENTED_EDGE('',*,*,#2462,.T.);
#802=ORIENTED_EDGE('',*,*,#2177,.T.);
#803=ORIENTED_EDGE('',*,*,#2463,.T.);
#804=ORIENTED_EDGE('',*,*,#2464,.T.);
#805=ORIENTED_EDGE('',*,*,#2465,.T.);
#806=ORIENTED_EDGE('',*,*,#2466,.T.);
#807=ORIENTED_EDGE('',*,*,#2467,.T.);
#808=ORIENTED_EDGE('',*,*,#2468,.T.);
#809=ORIENTED_EDGE('',*,*,#2469,.T.);
#810=ORIENTED_EDGE('',*,*,#2470,.T.);
#811=ORIENTED_EDGE('',*,*,#2471,.T.);
#812=ORIENTED_EDGE('',*,*,#2472,.T.);
#813=ORIENTED_EDGE('',*,*,#2473,.T.);
#814=ORIENTED_EDGE('',*,*,#2474,.T.);
#815=ORIENTED_EDGE('',*,*,#2475,.T.);
#816=ORIENTED_EDGE('',*,*,#2476,.T.);
#817=ORIENTED_EDGE('',*,*,#2477,.T.);
#818=ORIENTED_EDGE('',*,*,#2478,.T.);
#819=ORIENTED_EDGE('',*,*,#2479,.T.);
#820=ORIENTED_EDGE('',*,*,#2480,.T.);
#821=ORIENTED_EDGE('',*,*,#2481,.T.);
#822=ORIENTED_EDGE('',*,*,#2482,.T.);
#823=ORIENTED_EDGE('',*,*,#2344,.T.);
#824=ORIENTED_EDGE('',*,*,#2178,.F.);
#825=ORIENTED_EDGE('',*,*,#2462,.F.);
#826=ORIENTED_EDGE('',*,*,#2154,.F.);
#827=ORIENTED_EDGE('',*,*,#2176,.T.);
#828=ORIENTED_EDGE('',*,*,#2286,.F.);
#829=ORIENTED_EDGE('',*,*,#2156,.T.);
#830=ORIENTED_EDGE('',*,*,#2461,.T.);
#831=ORIENTED_EDGE('',*,*,#2483,.T.);
#832=ORIENTED_EDGE('',*,*,#2293,.F.);
#833=ORIENTED_EDGE('',*,*,#2087,.F.);
#834=ORIENTED_EDGE('',*,*,#2345,.T.);
#835=ORIENTED_EDGE('',*,*,#2152,.F.);
#836=ORIENTED_EDGE('',*,*,#2318,.F.);
#837=ORIENTED_EDGE('',*,*,#2262,.T.);
#838=ORIENTED_EDGE('',*,*,#2294,.F.);
#839=ORIENTED_EDGE('',*,*,#2483,.F.);
#840=ORIENTED_EDGE('',*,*,#2317,.F.);
#841=ORIENTED_EDGE('',*,*,#2180,.F.);
#842=ORIENTED_EDGE('',*,*,#2343,.T.);
#843=ORIENTED_EDGE('',*,*,#2116,.T.);
#844=ORIENTED_EDGE('',*,*,#2316,.F.);
#845=ORIENTED_EDGE('',*,*,#2484,.F.);
#846=ORIENTED_EDGE('',*,*,#2331,.F.);
#847=ORIENTED_EDGE('',*,*,#2484,.T.);
#848=ORIENTED_EDGE('',*,*,#2315,.F.);
#849=ORIENTED_EDGE('',*,*,#2276,.F.);
#850=ORIENTED_EDGE('',*,*,#2332,.F.);
#851=ORIENTED_EDGE('',*,*,#2274,.T.);
#852=ORIENTED_EDGE('',*,*,#2314,.F.);
#853=ORIENTED_EDGE('',*,*,#2485,.F.);
#854=ORIENTED_EDGE('',*,*,#2333,.F.);
#855=ORIENTED_EDGE('',*,*,#2485,.T.);
#856=ORIENTED_EDGE('',*,*,#2313,.F.);
#857=ORIENTED_EDGE('',*,*,#2486,.F.);
#858=ORIENTED_EDGE('',*,*,#2334,.F.);
#859=ORIENTED_EDGE('',*,*,#2486,.T.);
#860=ORIENTED_EDGE('',*,*,#2312,.F.);
#861=ORIENTED_EDGE('',*,*,#2272,.F.);
#862=ORIENTED_EDGE('',*,*,#2335,.F.);
#863=ORIENTED_EDGE('',*,*,#2270,.T.);
#864=ORIENTED_EDGE('',*,*,#2311,.F.);
#865=ORIENTED_EDGE('',*,*,#2487,.F.);
#866=ORIENTED_EDGE('',*,*,#2336,.F.);
#867=ORIENTED_EDGE('',*,*,#2487,.T.);
#868=ORIENTED_EDGE('',*,*,#2310,.F.);
#869=ORIENTED_EDGE('',*,*,#2488,.F.);
#870=ORIENTED_EDGE('',*,*,#2337,.F.);
#871=ORIENTED_EDGE('',*,*,#2488,.T.);
#872=ORIENTED_EDGE('',*,*,#2309,.F.);
#873=ORIENTED_EDGE('',*,*,#2489,.F.);
#874=ORIENTED_EDGE('',*,*,#2338,.F.);
#875=ORIENTED_EDGE('',*,*,#2489,.T.);
#876=ORIENTED_EDGE('',*,*,#2308,.F.);
#877=ORIENTED_EDGE('',*,*,#2260,.F.);
#878=ORIENTED_EDGE('',*,*,#2339,.F.);
#879=ORIENTED_EDGE('',*,*,#2258,.T.);
#880=ORIENTED_EDGE('',*,*,#2307,.F.);
#881=ORIENTED_EDGE('',*,*,#2490,.F.);
#882=ORIENTED_EDGE('',*,*,#2340,.F.);
#883=ORIENTED_EDGE('',*,*,#2490,.T.);
#884=ORIENTED_EDGE('',*,*,#2306,.F.);
#885=ORIENTED_EDGE('',*,*,#2491,.F.);
#886=ORIENTED_EDGE('',*,*,#2329,.F.);
#887=ORIENTED_EDGE('',*,*,#2491,.T.);
#888=ORIENTED_EDGE('',*,*,#2305,.F.);
#889=ORIENTED_EDGE('',*,*,#2256,.F.);
#890=ORIENTED_EDGE('',*,*,#2330,.F.);
#891=ORIENTED_EDGE('',*,*,#2250,.T.);
#892=ORIENTED_EDGE('',*,*,#2304,.F.);
#893=ORIENTED_EDGE('',*,*,#2492,.F.);
#894=ORIENTED_EDGE('',*,*,#2319,.F.);
#895=ORIENTED_EDGE('',*,*,#2492,.T.);
#896=ORIENTED_EDGE('',*,*,#2303,.F.);
#897=ORIENTED_EDGE('',*,*,#2493,.F.);
#898=ORIENTED_EDGE('',*,*,#2320,.F.);
#899=ORIENTED_EDGE('',*,*,#2493,.T.);
#900=ORIENTED_EDGE('',*,*,#2302,.F.);
#901=ORIENTED_EDGE('',*,*,#2248,.F.);
#902=ORIENTED_EDGE('',*,*,#2321,.F.);
#903=ORIENTED_EDGE('',*,*,#2246,.T.);
#904=ORIENTED_EDGE('',*,*,#2301,.F.);
#905=ORIENTED_EDGE('',*,*,#2494,.F.);
#906=ORIENTED_EDGE('',*,*,#2322,.F.);
#907=ORIENTED_EDGE('',*,*,#2494,.T.);
#908=ORIENTED_EDGE('',*,*,#2300,.F.);
#909=ORIENTED_EDGE('',*,*,#2495,.F.);
#910=ORIENTED_EDGE('',*,*,#2323,.F.);
#911=ORIENTED_EDGE('',*,*,#2495,.T.);
#912=ORIENTED_EDGE('',*,*,#2299,.F.);
#913=ORIENTED_EDGE('',*,*,#2496,.F.);
#914=ORIENTED_EDGE('',*,*,#2324,.F.);
#915=ORIENTED_EDGE('',*,*,#2496,.T.);
#916=ORIENTED_EDGE('',*,*,#2298,.F.);
#917=ORIENTED_EDGE('',*,*,#2268,.F.);
#918=ORIENTED_EDGE('',*,*,#2325,.F.);
#919=ORIENTED_EDGE('',*,*,#2497,.T.);
#920=ORIENTED_EDGE('',*,*,#2295,.F.);
#921=ORIENTED_EDGE('',*,*,#2264,.F.);
#922=ORIENTED_EDGE('',*,*,#2328,.F.);
#923=ORIENTED_EDGE('',*,*,#2498,.T.);
#924=ORIENTED_EDGE('',*,*,#2296,.F.);
#925=ORIENTED_EDGE('',*,*,#2497,.F.);
#926=ORIENTED_EDGE('',*,*,#2327,.F.);
#927=ORIENTED_EDGE('',*,*,#2266,.T.);
#928=ORIENTED_EDGE('',*,*,#2297,.F.);
#929=ORIENTED_EDGE('',*,*,#2498,.F.);
#930=ORIENTED_EDGE('',*,*,#2326,.F.);
#931=ORIENTED_EDGE('',*,*,#2394,.T.);
#932=ORIENTED_EDGE('',*,*,#2499,.F.);
#933=ORIENTED_EDGE('',*,*,#2465,.F.);
#934=ORIENTED_EDGE('',*,*,#2218,.T.);
#935=ORIENTED_EDGE('',*,*,#2393,.T.);
#936=ORIENTED_EDGE('',*,*,#2500,.F.);
#937=ORIENTED_EDGE('',*,*,#2466,.F.);
#938=ORIENTED_EDGE('',*,*,#2499,.T.);
#939=ORIENTED_EDGE('',*,*,#2392,.T.);
#940=ORIENTED_EDGE('',*,*,#2501,.F.);
#941=ORIENTED_EDGE('',*,*,#2467,.F.);
#942=ORIENTED_EDGE('',*,*,#2500,.T.);
#943=ORIENTED_EDGE('',*,*,#2391,.T.);
#944=ORIENTED_EDGE('',*,*,#2502,.F.);
#945=ORIENTED_EDGE('',*,*,#2468,.F.);
#946=ORIENTED_EDGE('',*,*,#2501,.T.);
#947=ORIENTED_EDGE('',*,*,#2390,.T.);
#948=ORIENTED_EDGE('',*,*,#2503,.F.);
#949=ORIENTED_EDGE('',*,*,#2469,.F.);
#950=ORIENTED_EDGE('',*,*,#2502,.T.);
#951=ORIENTED_EDGE('',*,*,#2389,.T.);
#952=ORIENTED_EDGE('',*,*,#2504,.F.);
#953=ORIENTED_EDGE('',*,*,#2470,.F.);
#954=ORIENTED_EDGE('',*,*,#2503,.T.);
#955=ORIENTED_EDGE('',*,*,#2388,.T.);
#956=ORIENTED_EDGE('',*,*,#2505,.F.);
#957=ORIENTED_EDGE('',*,*,#2471,.F.);
#958=ORIENTED_EDGE('',*,*,#2504,.T.);
#959=ORIENTED_EDGE('',*,*,#2387,.T.);
#960=ORIENTED_EDGE('',*,*,#2506,.F.);
#961=ORIENTED_EDGE('',*,*,#2472,.F.);
#962=ORIENTED_EDGE('',*,*,#2505,.T.);
#963=ORIENTED_EDGE('',*,*,#2386,.T.);
#964=ORIENTED_EDGE('',*,*,#2243,.F.);
#965=ORIENTED_EDGE('',*,*,#2473,.F.);
#966=ORIENTED_EDGE('',*,*,#2506,.T.);
#967=ORIENTED_EDGE('',*,*,#2384,.T.);
#968=ORIENTED_EDGE('',*,*,#2507,.F.);
#969=ORIENTED_EDGE('',*,*,#2475,.F.);
#970=ORIENTED_EDGE('',*,*,#2239,.T.);
#971=ORIENTED_EDGE('',*,*,#2383,.T.);
#972=ORIENTED_EDGE('',*,*,#2508,.F.);
#973=ORIENTED_EDGE('',*,*,#2476,.F.);
#974=ORIENTED_EDGE('',*,*,#2507,.T.);
#975=ORIENTED_EDGE('',*,*,#2382,.T.);
#976=ORIENTED_EDGE('',*,*,#2509,.F.);
#977=ORIENTED_EDGE('',*,*,#2477,.F.);
#978=ORIENTED_EDGE('',*,*,#2508,.T.);
#979=ORIENTED_EDGE('',*,*,#2381,.T.);
#980=ORIENTED_EDGE('',*,*,#2510,.F.);
#981=ORIENTED_EDGE('',*,*,#2478,.F.);
#982=ORIENTED_EDGE('',*,*,#2509,.T.);
#983=ORIENTED_EDGE('',*,*,#2380,.T.);
#984=ORIENTED_EDGE('',*,*,#2511,.F.);
#985=ORIENTED_EDGE('',*,*,#2479,.F.);
#986=ORIENTED_EDGE('',*,*,#2510,.T.);
#987=ORIENTED_EDGE('',*,*,#2379,.T.);
#988=ORIENTED_EDGE('',*,*,#2512,.F.);
#989=ORIENTED_EDGE('',*,*,#2480,.F.);
#990=ORIENTED_EDGE('',*,*,#2511,.T.);
#991=ORIENTED_EDGE('',*,*,#2378,.T.);
#992=ORIENTED_EDGE('',*,*,#2513,.F.);
#993=ORIENTED_EDGE('',*,*,#2481,.F.);
#994=ORIENTED_EDGE('',*,*,#2512,.T.);
#995=ORIENTED_EDGE('',*,*,#2377,.T.);
#996=ORIENTED_EDGE('',*,*,#2514,.F.);
#997=ORIENTED_EDGE('',*,*,#2482,.F.);
#998=ORIENTED_EDGE('',*,*,#2513,.T.);
#999=ORIENTED_EDGE('',*,*,#2376,.T.);
#1000=ORIENTED_EDGE('',*,*,#2214,.F.);
#1001=ORIENTED_EDGE('',*,*,#2463,.F.);
#1002=ORIENTED_EDGE('',*,*,#2514,.T.);
#1003=ORIENTED_EDGE('',*,*,#2217,.T.);
#1004=ORIENTED_EDGE('',*,*,#2197,.F.);
#1005=ORIENTED_EDGE('',*,*,#2215,.F.);
#1006=ORIENTED_EDGE('',*,*,#2375,.T.);
#1007=ORIENTED_EDGE('',*,*,#2219,.F.);
#1008=ORIENTED_EDGE('',*,*,#2464,.F.);
#1009=ORIENTED_EDGE('',*,*,#2213,.T.);
#1010=ORIENTED_EDGE('',*,*,#2210,.T.);
#1011=ORIENTED_EDGE('',*,*,#2244,.T.);
#1012=ORIENTED_EDGE('',*,*,#2385,.T.);
#1013=ORIENTED_EDGE('',*,*,#2238,.F.);
#1014=ORIENTED_EDGE('',*,*,#2227,.T.);
#1015=ORIENTED_EDGE('',*,*,#2242,.F.);
#1016=ORIENTED_EDGE('',*,*,#2231,.F.);
#1017=ORIENTED_EDGE('',*,*,#2240,.T.);
#1018=ORIENTED_EDGE('',*,*,#2474,.F.);
#1019=ORIENTED_EDGE('',*,*,#2225,.T.);
#1020=ORIENTED_EDGE('',*,*,#2222,.T.);
#1021=ORIENTED_EDGE('',*,*,#2236,.T.);
#1022=ORIENTED_EDGE('',*,*,#2233,.T.);
#1023=ORIENTED_EDGE('',*,*,#2241,.T.);
#1024=ORIENTED_EDGE('',*,*,#2224,.T.);
#1025=ORIENTED_EDGE('',*,*,#2237,.F.);
#1026=ORIENTED_EDGE('',*,*,#2229,.T.);
#1027=ORIENTED_EDGE('',*,*,#2235,.T.);
#1028=ORIENTED_EDGE('',*,*,#2220,.T.);
#1029=ORIENTED_EDGE('',*,*,#2199,.T.);
#1030=ORIENTED_EDGE('',*,*,#2216,.T.);
#1031=ORIENTED_EDGE('',*,*,#2208,.T.);
#1032=ORIENTED_EDGE('',*,*,#2205,.T.);
#1033=ORIENTED_EDGE('',*,*,#2202,.T.);
#1034=ORIENTED_EDGE('',*,*,#2195,.T.);
#1035=ORIENTED_EDGE('',*,*,#2201,.T.);
#1036=ORIENTED_EDGE('',*,*,#2204,.T.);
#1037=ORIENTED_EDGE('',*,*,#2207,.T.);
#1038=ORIENTED_EDGE('',*,*,#2212,.F.);
#1039=ORIENTED_EDGE('',*,*,#2188,.T.);
#1040=ORIENTED_EDGE('',*,*,#2515,.T.);
#1041=ORIENTED_EDGE('',*,*,#2136,.F.);
#1042=ORIENTED_EDGE('',*,*,#2516,.F.);
#1043=ORIENTED_EDGE('',*,*,#2189,.T.);
#1044=ORIENTED_EDGE('',*,*,#2516,.T.);
#1045=ORIENTED_EDGE('',*,*,#2135,.F.);
#1046=ORIENTED_EDGE('',*,*,#2517,.F.);
#1047=ORIENTED_EDGE('',*,*,#2190,.T.);
#1048=ORIENTED_EDGE('',*,*,#2517,.T.);
#1049=ORIENTED_EDGE('',*,*,#2134,.F.);
#1050=ORIENTED_EDGE('',*,*,#2518,.F.);
#1051=ORIENTED_EDGE('',*,*,#2187,.T.);
#1052=ORIENTED_EDGE('',*,*,#2518,.T.);
#1053=ORIENTED_EDGE('',*,*,#2133,.F.);
#1054=ORIENTED_EDGE('',*,*,#2515,.F.);
#1055=ORIENTED_EDGE('',*,*,#2160,.T.);
#1056=ORIENTED_EDGE('',*,*,#2519,.F.);
#1057=ORIENTED_EDGE('',*,*,#2104,.T.);
#1058=ORIENTED_EDGE('',*,*,#2520,.T.);
#1059=ORIENTED_EDGE('',*,*,#2161,.T.);
#1060=ORIENTED_EDGE('',*,*,#2520,.F.);
#1061=ORIENTED_EDGE('',*,*,#2107,.T.);
#1062=ORIENTED_EDGE('',*,*,#2521,.T.);
#1063=ORIENTED_EDGE('',*,*,#2162,.T.);
#1064=ORIENTED_EDGE('',*,*,#2521,.F.);
#1065=ORIENTED_EDGE('',*,*,#2106,.T.);
#1066=ORIENTED_EDGE('',*,*,#2522,.T.);
#1067=ORIENTED_EDGE('',*,*,#2163,.T.);
#1068=ORIENTED_EDGE('',*,*,#2522,.F.);
#1069=ORIENTED_EDGE('',*,*,#2105,.T.);
#1070=ORIENTED_EDGE('',*,*,#2519,.T.);
#1071=ORIENTED_EDGE('',*,*,#2169,.T.);
#1072=ORIENTED_EDGE('',*,*,#2523,.T.);
#1073=ORIENTED_EDGE('',*,*,#2115,.F.);
#1074=ORIENTED_EDGE('',*,*,#2524,.F.);
#1075=ORIENTED_EDGE('',*,*,#2170,.T.);
#1076=ORIENTED_EDGE('',*,*,#2524,.T.);
#1077=ORIENTED_EDGE('',*,*,#2114,.F.);
#1078=ORIENTED_EDGE('',*,*,#2525,.F.);
#1079=ORIENTED_EDGE('',*,*,#2171,.T.);
#1080=ORIENTED_EDGE('',*,*,#2525,.T.);
#1081=ORIENTED_EDGE('',*,*,#2113,.F.);
#1082=ORIENTED_EDGE('',*,*,#2526,.F.);
#1083=ORIENTED_EDGE('',*,*,#2168,.T.);
#1084=ORIENTED_EDGE('',*,*,#2526,.T.);
#1085=ORIENTED_EDGE('',*,*,#2112,.F.);
#1086=ORIENTED_EDGE('',*,*,#2523,.F.);
#1087=ORIENTED_EDGE('',*,*,#2141,.T.);
#1088=ORIENTED_EDGE('',*,*,#2527,.F.);
#1089=ORIENTED_EDGE('',*,*,#2083,.T.);
#1090=ORIENTED_EDGE('',*,*,#2528,.T.);
#1091=ORIENTED_EDGE('',*,*,#2142,.T.);
#1092=ORIENTED_EDGE('',*,*,#2528,.F.);
#1093=ORIENTED_EDGE('',*,*,#2086,.T.);
#1094=ORIENTED_EDGE('',*,*,#2529,.T.);
#1095=ORIENTED_EDGE('',*,*,#2143,.T.);
#1096=ORIENTED_EDGE('',*,*,#2529,.F.);
#1097=ORIENTED_EDGE('',*,*,#2085,.T.);
#1098=ORIENTED_EDGE('',*,*,#2530,.T.);
#1099=ORIENTED_EDGE('',*,*,#2144,.T.);
#1100=ORIENTED_EDGE('',*,*,#2530,.F.);
#1101=ORIENTED_EDGE('',*,*,#2084,.T.);
#1102=ORIENTED_EDGE('',*,*,#2527,.T.);
#1103=ORIENTED_EDGE('',*,*,#2192,.T.);
#1104=ORIENTED_EDGE('',*,*,#2531,.T.);
#1105=ORIENTED_EDGE('',*,*,#2140,.F.);
#1106=ORIENTED_EDGE('',*,*,#2532,.F.);
#1107=ORIENTED_EDGE('',*,*,#2193,.T.);
#1108=ORIENTED_EDGE('',*,*,#2532,.T.);
#1109=ORIENTED_EDGE('',*,*,#2139,.F.);
#1110=ORIENTED_EDGE('',*,*,#2533,.F.);
#1111=ORIENTED_EDGE('',*,*,#2194,.T.);
#1112=ORIENTED_EDGE('',*,*,#2533,.T.);
#1113=ORIENTED_EDGE('',*,*,#2138,.F.);
#1114=ORIENTED_EDGE('',*,*,#2534,.F.);
#1115=ORIENTED_EDGE('',*,*,#2191,.T.);
#1116=ORIENTED_EDGE('',*,*,#2534,.T.);
#1117=ORIENTED_EDGE('',*,*,#2137,.F.);
#1118=ORIENTED_EDGE('',*,*,#2531,.F.);
#1119=ORIENTED_EDGE('',*,*,#2164,.T.);
#1120=ORIENTED_EDGE('',*,*,#2535,.F.);
#1121=ORIENTED_EDGE('',*,*,#2108,.T.);
#1122=ORIENTED_EDGE('',*,*,#2536,.T.);
#1123=ORIENTED_EDGE('',*,*,#2165,.T.);
#1124=ORIENTED_EDGE('',*,*,#2536,.F.);
#1125=ORIENTED_EDGE('',*,*,#2111,.T.);
#1126=ORIENTED_EDGE('',*,*,#2537,.T.);
#1127=ORIENTED_EDGE('',*,*,#2166,.T.);
#1128=ORIENTED_EDGE('',*,*,#2537,.F.);
#1129=ORIENTED_EDGE('',*,*,#2110,.T.);
#1130=ORIENTED_EDGE('',*,*,#2538,.T.);
#1131=ORIENTED_EDGE('',*,*,#2167,.T.);
#1132=ORIENTED_EDGE('',*,*,#2538,.F.);
#1133=ORIENTED_EDGE('',*,*,#2109,.T.);
#1134=ORIENTED_EDGE('',*,*,#2535,.T.);
#1135=ORIENTED_EDGE('',*,*,#2539,.F.);
#1136=ORIENTED_EDGE('',*,*,#2540,.T.);
#1137=ORIENTED_EDGE('',*,*,#2541,.T.);
#1138=ORIENTED_EDGE('',*,*,#2542,.F.);
#1139=ORIENTED_EDGE('',*,*,#2543,.F.);
#1140=ORIENTED_EDGE('',*,*,#2544,.F.);
#1141=ORIENTED_EDGE('',*,*,#2545,.F.);
#1142=ORIENTED_EDGE('',*,*,#2546,.T.);
#1143=ORIENTED_EDGE('',*,*,#2547,.F.);
#1144=ORIENTED_EDGE('',*,*,#2548,.T.);
#1145=ORIENTED_EDGE('',*,*,#2549,.T.);
#1146=ORIENTED_EDGE('',*,*,#2550,.F.);
#1147=ORIENTED_EDGE('',*,*,#2551,.F.);
#1148=ORIENTED_EDGE('',*,*,#2552,.T.);
#1149=ORIENTED_EDGE('',*,*,#2553,.T.);
#1150=ORIENTED_EDGE('',*,*,#2554,.F.);
#1151=ORIENTED_EDGE('',*,*,#2555,.F.);
#1152=ORIENTED_EDGE('',*,*,#2556,.T.);
#1153=ORIENTED_EDGE('',*,*,#2557,.T.);
#1154=ORIENTED_EDGE('',*,*,#2558,.F.);
#1155=ORIENTED_EDGE('',*,*,#2559,.T.);
#1156=ORIENTED_EDGE('',*,*,#2560,.T.);
#1157=ORIENTED_EDGE('',*,*,#2561,.F.);
#1158=ORIENTED_EDGE('',*,*,#2562,.F.);
#1159=ORIENTED_EDGE('',*,*,#2563,.F.);
#1160=ORIENTED_EDGE('',*,*,#2564,.F.);
#1161=ORIENTED_EDGE('',*,*,#2565,.T.);
#1162=ORIENTED_EDGE('',*,*,#2566,.T.);
#1163=ORIENTED_EDGE('',*,*,#2567,.F.);
#1164=ORIENTED_EDGE('',*,*,#2568,.T.);
#1165=ORIENTED_EDGE('',*,*,#2569,.T.);
#1166=ORIENTED_EDGE('',*,*,#2570,.F.);
#1167=ORIENTED_EDGE('',*,*,#2571,.T.);
#1168=ORIENTED_EDGE('',*,*,#2572,.T.);
#1169=ORIENTED_EDGE('',*,*,#2573,.F.);
#1170=ORIENTED_EDGE('',*,*,#2574,.T.);
#1171=ORIENTED_EDGE('',*,*,#2575,.T.);
#1172=ORIENTED_EDGE('',*,*,#2576,.T.);
#1173=ORIENTED_EDGE('',*,*,#2577,.F.);
#1174=ORIENTED_EDGE('',*,*,#2578,.T.);
#1175=ORIENTED_EDGE('',*,*,#2579,.T.);
#1176=ORIENTED_EDGE('',*,*,#2580,.T.);
#1177=ORIENTED_EDGE('',*,*,#2571,.F.);
#1178=ORIENTED_EDGE('',*,*,#2581,.T.);
#1179=ORIENTED_EDGE('',*,*,#2582,.T.);
#1180=ORIENTED_EDGE('',*,*,#2583,.T.);
#1181=ORIENTED_EDGE('',*,*,#2575,.F.);
#1182=ORIENTED_EDGE('',*,*,#2584,.T.);
#1183=ORIENTED_EDGE('',*,*,#2585,.F.);
#1184=ORIENTED_EDGE('',*,*,#2586,.F.);
#1185=ORIENTED_EDGE('',*,*,#2587,.F.);
#1186=ORIENTED_EDGE('',*,*,#2588,.F.);
#1187=ORIENTED_EDGE('',*,*,#2589,.F.);
#1188=ORIENTED_EDGE('',*,*,#2590,.F.);
#1189=ORIENTED_EDGE('',*,*,#2591,.F.);
#1190=ORIENTED_EDGE('',*,*,#2592,.F.);
#1191=ORIENTED_EDGE('',*,*,#2593,.F.);
#1192=ORIENTED_EDGE('',*,*,#2594,.F.);
#1193=ORIENTED_EDGE('',*,*,#2595,.F.);
#1194=ORIENTED_EDGE('',*,*,#2596,.F.);
#1195=ORIENTED_EDGE('',*,*,#2597,.F.);
#1196=ORIENTED_EDGE('',*,*,#2598,.F.);
#1197=ORIENTED_EDGE('',*,*,#2599,.F.);
#1198=ORIENTED_EDGE('',*,*,#2546,.F.);
#1199=ORIENTED_EDGE('',*,*,#2600,.F.);
#1200=ORIENTED_EDGE('',*,*,#2561,.T.);
#1201=ORIENTED_EDGE('',*,*,#2601,.F.);
#1202=ORIENTED_EDGE('',*,*,#2602,.F.);
#1203=ORIENTED_EDGE('',*,*,#2603,.T.);
#1204=ORIENTED_EDGE('',*,*,#2604,.T.);
#1205=ORIENTED_EDGE('',*,*,#2605,.F.);
#1206=ORIENTED_EDGE('',*,*,#2606,.F.);
#1207=ORIENTED_EDGE('',*,*,#2607,.T.);
#1208=ORIENTED_EDGE('',*,*,#2602,.T.);
#1209=ORIENTED_EDGE('',*,*,#2608,.F.);
#1210=ORIENTED_EDGE('',*,*,#2609,.F.);
#1211=ORIENTED_EDGE('',*,*,#2610,.T.);
#1212=ORIENTED_EDGE('',*,*,#2606,.T.);
#1213=ORIENTED_EDGE('',*,*,#2611,.F.);
#1214=ORIENTED_EDGE('',*,*,#2612,.F.);
#1215=ORIENTED_EDGE('',*,*,#2613,.T.);
#1216=ORIENTED_EDGE('',*,*,#2614,.T.);
#1217=ORIENTED_EDGE('',*,*,#2615,.F.);
#1218=ORIENTED_EDGE('',*,*,#2616,.F.);
#1219=ORIENTED_EDGE('',*,*,#2617,.T.);
#1220=ORIENTED_EDGE('',*,*,#2612,.T.);
#1221=ORIENTED_EDGE('',*,*,#2618,.F.);
#1222=ORIENTED_EDGE('',*,*,#2619,.F.);
#1223=ORIENTED_EDGE('',*,*,#2620,.T.);
#1224=ORIENTED_EDGE('',*,*,#2616,.T.);
#1225=ORIENTED_EDGE('',*,*,#2621,.F.);
#1226=ORIENTED_EDGE('',*,*,#2604,.F.);
#1227=ORIENTED_EDGE('',*,*,#2622,.T.);
#1228=ORIENTED_EDGE('',*,*,#2609,.T.);
#1229=ORIENTED_EDGE('',*,*,#2623,.F.);
#1230=ORIENTED_EDGE('',*,*,#2614,.F.);
#1231=ORIENTED_EDGE('',*,*,#2624,.T.);
#1232=ORIENTED_EDGE('',*,*,#2619,.T.);
#1233=ORIENTED_EDGE('',*,*,#2544,.T.);
#1234=ORIENTED_EDGE('',*,*,#2625,.T.);
#1235=ORIENTED_EDGE('',*,*,#2559,.F.);
#1236=ORIENTED_EDGE('',*,*,#2626,.F.);
#1237=ORIENTED_EDGE('',*,*,#2613,.F.);
#1238=ORIENTED_EDGE('',*,*,#2617,.F.);
#1239=ORIENTED_EDGE('',*,*,#2620,.F.);
#1240=ORIENTED_EDGE('',*,*,#2624,.F.);
#1241=ORIENTED_EDGE('',*,*,#2603,.F.);
#1242=ORIENTED_EDGE('',*,*,#2607,.F.);
#1243=ORIENTED_EDGE('',*,*,#2610,.F.);
#1244=ORIENTED_EDGE('',*,*,#2622,.F.);
#1245=ORIENTED_EDGE('',*,*,#2562,.T.);
#1246=ORIENTED_EDGE('',*,*,#2600,.T.);
#1247=ORIENTED_EDGE('',*,*,#2545,.T.);
#1248=ORIENTED_EDGE('',*,*,#2626,.T.);
#1249=ORIENTED_EDGE('',*,*,#2627,.F.);
#1250=ORIENTED_EDGE('',*,*,#2579,.F.);
#1251=ORIENTED_EDGE('',*,*,#2628,.F.);
#1252=ORIENTED_EDGE('',*,*,#2629,.F.);
#1253=ORIENTED_EDGE('',*,*,#2630,.F.);
#1254=ORIENTED_EDGE('',*,*,#2582,.F.);
#1255=ORIENTED_EDGE('',*,*,#2631,.F.);
#1256=ORIENTED_EDGE('',*,*,#2632,.F.);
#1257=ORIENTED_EDGE('',*,*,#2599,.T.);
#1258=ORIENTED_EDGE('',*,*,#2560,.F.);
#1259=ORIENTED_EDGE('',*,*,#2625,.F.);
#1260=ORIENTED_EDGE('',*,*,#2543,.T.);
#1261=ORIENTED_EDGE('',*,*,#2601,.T.);
#1262=ORIENTED_EDGE('',*,*,#2621,.T.);
#1263=ORIENTED_EDGE('',*,*,#2608,.T.);
#1264=ORIENTED_EDGE('',*,*,#2605,.T.);
#1265=ORIENTED_EDGE('',*,*,#2611,.T.);
#1266=ORIENTED_EDGE('',*,*,#2623,.T.);
#1267=ORIENTED_EDGE('',*,*,#2618,.T.);
#1268=ORIENTED_EDGE('',*,*,#2615,.T.);
#1269=ORIENTED_EDGE('',*,*,#2633,.T.);
#1270=ORIENTED_EDGE('',*,*,#2634,.T.);
#1271=ORIENTED_EDGE('',*,*,#2635,.T.);
#1272=ORIENTED_EDGE('',*,*,#2636,.T.);
#1273=ORIENTED_EDGE('',*,*,#2637,.T.);
#1274=ORIENTED_EDGE('',*,*,#2638,.T.);
#1275=ORIENTED_EDGE('',*,*,#2639,.T.);
#1276=ORIENTED_EDGE('',*,*,#2640,.T.);
#1277=ORIENTED_EDGE('',*,*,#2641,.T.);
#1278=ORIENTED_EDGE('',*,*,#2642,.T.);
#1279=ORIENTED_EDGE('',*,*,#2643,.T.);
#1280=ORIENTED_EDGE('',*,*,#2644,.T.);
#1281=ORIENTED_EDGE('',*,*,#2580,.F.);
#1282=ORIENTED_EDGE('',*,*,#2627,.T.);
#1283=ORIENTED_EDGE('',*,*,#2645,.T.);
#1284=ORIENTED_EDGE('',*,*,#2572,.F.);
#1285=ORIENTED_EDGE('',*,*,#2645,.F.);
#1286=ORIENTED_EDGE('',*,*,#2629,.T.);
#1287=ORIENTED_EDGE('',*,*,#2646,.T.);
#1288=ORIENTED_EDGE('',*,*,#2573,.T.);
#1289=ORIENTED_EDGE('',*,*,#2646,.F.);
#1290=ORIENTED_EDGE('',*,*,#2628,.T.);
#1291=ORIENTED_EDGE('',*,*,#2581,.F.);
#1292=ORIENTED_EDGE('',*,*,#2574,.F.);
#1293=ORIENTED_EDGE('',*,*,#2583,.F.);
#1294=ORIENTED_EDGE('',*,*,#2630,.T.);
#1295=ORIENTED_EDGE('',*,*,#2647,.T.);
#1296=ORIENTED_EDGE('',*,*,#2576,.F.);
#1297=ORIENTED_EDGE('',*,*,#2647,.F.);
#1298=ORIENTED_EDGE('',*,*,#2632,.T.);
#1299=ORIENTED_EDGE('',*,*,#2648,.T.);
#1300=ORIENTED_EDGE('',*,*,#2577,.T.);
#1301=ORIENTED_EDGE('',*,*,#2648,.F.);
#1302=ORIENTED_EDGE('',*,*,#2631,.T.);
#1303=ORIENTED_EDGE('',*,*,#2584,.F.);
#1304=ORIENTED_EDGE('',*,*,#2578,.F.);
#1305=ORIENTED_EDGE('',*,*,#2649,.T.);
#1306=ORIENTED_EDGE('',*,*,#2650,.F.);
#1307=ORIENTED_EDGE('',*,*,#2641,.F.);
#1308=ORIENTED_EDGE('',*,*,#2651,.T.);
#1309=ORIENTED_EDGE('',*,*,#2652,.T.);
#1310=ORIENTED_EDGE('',*,*,#2651,.F.);
#1311=ORIENTED_EDGE('',*,*,#2644,.F.);
#1312=ORIENTED_EDGE('',*,*,#2653,.T.);
#1313=ORIENTED_EDGE('',*,*,#2654,.T.);
#1314=ORIENTED_EDGE('',*,*,#2653,.F.);
#1315=ORIENTED_EDGE('',*,*,#2643,.F.);
#1316=ORIENTED_EDGE('',*,*,#2655,.T.);
#1317=ORIENTED_EDGE('',*,*,#2656,.T.);
#1318=ORIENTED_EDGE('',*,*,#2657,.F.);
#1319=ORIENTED_EDGE('',*,*,#2637,.F.);
#1320=ORIENTED_EDGE('',*,*,#2658,.T.);
#1321=ORIENTED_EDGE('',*,*,#2659,.T.);
#1322=ORIENTED_EDGE('',*,*,#2658,.F.);
#1323=ORIENTED_EDGE('',*,*,#2640,.F.);
#1324=ORIENTED_EDGE('',*,*,#2660,.T.);
#1325=ORIENTED_EDGE('',*,*,#2661,.T.);
#1326=ORIENTED_EDGE('',*,*,#2660,.F.);
#1327=ORIENTED_EDGE('',*,*,#2639,.F.);
#1328=ORIENTED_EDGE('',*,*,#2662,.T.);
#1329=ORIENTED_EDGE('',*,*,#2663,.T.);
#1330=ORIENTED_EDGE('',*,*,#2664,.F.);
#1331=ORIENTED_EDGE('',*,*,#2633,.F.);
#1332=ORIENTED_EDGE('',*,*,#2665,.T.);
#1333=ORIENTED_EDGE('',*,*,#2666,.T.);
#1334=ORIENTED_EDGE('',*,*,#2665,.F.);
#1335=ORIENTED_EDGE('',*,*,#2636,.F.);
#1336=ORIENTED_EDGE('',*,*,#2667,.T.);
#1337=ORIENTED_EDGE('',*,*,#2668,.T.);
#1338=ORIENTED_EDGE('',*,*,#2667,.F.);
#1339=ORIENTED_EDGE('',*,*,#2635,.F.);
#1340=ORIENTED_EDGE('',*,*,#2669,.T.);
#1341=ORIENTED_EDGE('',*,*,#2670,.T.);
#1342=ORIENTED_EDGE('',*,*,#2655,.F.);
#1343=ORIENTED_EDGE('',*,*,#2642,.F.);
#1344=ORIENTED_EDGE('',*,*,#2650,.T.);
#1345=ORIENTED_EDGE('',*,*,#2671,.T.);
#1346=ORIENTED_EDGE('',*,*,#2662,.F.);
#1347=ORIENTED_EDGE('',*,*,#2638,.F.);
#1348=ORIENTED_EDGE('',*,*,#2657,.T.);
#1349=ORIENTED_EDGE('',*,*,#2672,.T.);
#1350=ORIENTED_EDGE('',*,*,#2669,.F.);
#1351=ORIENTED_EDGE('',*,*,#2634,.F.);
#1352=ORIENTED_EDGE('',*,*,#2664,.T.);
#1353=ORIENTED_EDGE('',*,*,#2672,.F.);
#1354=ORIENTED_EDGE('',*,*,#2663,.F.);
#1355=ORIENTED_EDGE('',*,*,#2666,.F.);
#1356=ORIENTED_EDGE('',*,*,#2668,.F.);
#1357=ORIENTED_EDGE('',*,*,#2671,.F.);
#1358=ORIENTED_EDGE('',*,*,#2656,.F.);
#1359=ORIENTED_EDGE('',*,*,#2659,.F.);
#1360=ORIENTED_EDGE('',*,*,#2661,.F.);
#1361=ORIENTED_EDGE('',*,*,#2670,.F.);
#1362=ORIENTED_EDGE('',*,*,#2649,.F.);
#1363=ORIENTED_EDGE('',*,*,#2652,.F.);
#1364=ORIENTED_EDGE('',*,*,#2654,.F.);
#1365=ORIENTED_EDGE('',*,*,#2586,.T.);
#1366=ORIENTED_EDGE('',*,*,#2673,.F.);
#1367=ORIENTED_EDGE('',*,*,#2674,.F.);
#1368=ORIENTED_EDGE('',*,*,#2675,.T.);
#1369=ORIENTED_EDGE('',*,*,#2585,.T.);
#1370=ORIENTED_EDGE('',*,*,#2676,.F.);
#1371=ORIENTED_EDGE('',*,*,#2677,.F.);
#1372=ORIENTED_EDGE('',*,*,#2673,.T.);
#1373=ORIENTED_EDGE('',*,*,#2598,.T.);
#1374=ORIENTED_EDGE('',*,*,#2678,.F.);
#1375=ORIENTED_EDGE('',*,*,#2679,.F.);
#1376=ORIENTED_EDGE('',*,*,#2676,.T.);
#1377=ORIENTED_EDGE('',*,*,#2597,.T.);
#1378=ORIENTED_EDGE('',*,*,#2680,.F.);
#1379=ORIENTED_EDGE('',*,*,#2681,.F.);
#1380=ORIENTED_EDGE('',*,*,#2678,.T.);
#1381=ORIENTED_EDGE('',*,*,#2596,.T.);
#1382=ORIENTED_EDGE('',*,*,#2682,.F.);
#1383=ORIENTED_EDGE('',*,*,#2683,.F.);
#1384=ORIENTED_EDGE('',*,*,#2680,.T.);
#1385=ORIENTED_EDGE('',*,*,#2595,.T.);
#1386=ORIENTED_EDGE('',*,*,#2684,.F.);
#1387=ORIENTED_EDGE('',*,*,#2685,.F.);
#1388=ORIENTED_EDGE('',*,*,#2682,.T.);
#1389=ORIENTED_EDGE('',*,*,#2594,.T.);
#1390=ORIENTED_EDGE('',*,*,#2686,.F.);
#1391=ORIENTED_EDGE('',*,*,#2687,.F.);
#1392=ORIENTED_EDGE('',*,*,#2684,.T.);
#1393=ORIENTED_EDGE('',*,*,#2593,.T.);
#1394=ORIENTED_EDGE('',*,*,#2688,.F.);
#1395=ORIENTED_EDGE('',*,*,#2689,.F.);
#1396=ORIENTED_EDGE('',*,*,#2686,.T.);
#1397=ORIENTED_EDGE('',*,*,#2592,.T.);
#1398=ORIENTED_EDGE('',*,*,#2690,.F.);
#1399=ORIENTED_EDGE('',*,*,#2691,.F.);
#1400=ORIENTED_EDGE('',*,*,#2688,.T.);
#1401=ORIENTED_EDGE('',*,*,#2591,.T.);
#1402=ORIENTED_EDGE('',*,*,#2692,.F.);
#1403=ORIENTED_EDGE('',*,*,#2693,.F.);
#1404=ORIENTED_EDGE('',*,*,#2690,.T.);
#1405=ORIENTED_EDGE('',*,*,#2590,.T.);
#1406=ORIENTED_EDGE('',*,*,#2694,.F.);
#1407=ORIENTED_EDGE('',*,*,#2695,.F.);
#1408=ORIENTED_EDGE('',*,*,#2692,.T.);
#1409=ORIENTED_EDGE('',*,*,#2589,.T.);
#1410=ORIENTED_EDGE('',*,*,#2696,.F.);
#1411=ORIENTED_EDGE('',*,*,#2697,.F.);
#1412=ORIENTED_EDGE('',*,*,#2694,.T.);
#1413=ORIENTED_EDGE('',*,*,#2588,.T.);
#1414=ORIENTED_EDGE('',*,*,#2698,.F.);
#1415=ORIENTED_EDGE('',*,*,#2699,.F.);
#1416=ORIENTED_EDGE('',*,*,#2696,.T.);
#1417=ORIENTED_EDGE('',*,*,#2700,.F.);
#1418=ORIENTED_EDGE('',*,*,#2701,.F.);
#1419=ORIENTED_EDGE('',*,*,#2702,.T.);
#1420=ORIENTED_EDGE('',*,*,#2703,.T.);
#1421=ORIENTED_EDGE('',*,*,#2704,.F.);
#1422=ORIENTED_EDGE('',*,*,#2705,.F.);
#1423=ORIENTED_EDGE('',*,*,#2706,.T.);
#1424=ORIENTED_EDGE('',*,*,#2701,.T.);
#1425=ORIENTED_EDGE('',*,*,#2707,.F.);
#1426=ORIENTED_EDGE('',*,*,#2708,.F.);
#1427=ORIENTED_EDGE('',*,*,#2709,.T.);
#1428=ORIENTED_EDGE('',*,*,#2705,.T.);
#1429=ORIENTED_EDGE('',*,*,#2710,.F.);
#1430=ORIENTED_EDGE('',*,*,#2703,.F.);
#1431=ORIENTED_EDGE('',*,*,#2711,.T.);
#1432=ORIENTED_EDGE('',*,*,#2708,.T.);
#1433=ORIENTED_EDGE('',*,*,#2587,.T.);
#1434=ORIENTED_EDGE('',*,*,#2675,.F.);
#1435=ORIENTED_EDGE('',*,*,#2712,.F.);
#1436=ORIENTED_EDGE('',*,*,#2698,.T.);
#1437=ORIENTED_EDGE('',*,*,#2702,.F.);
#1438=ORIENTED_EDGE('',*,*,#2706,.F.);
#1439=ORIENTED_EDGE('',*,*,#2709,.F.);
#1440=ORIENTED_EDGE('',*,*,#2711,.F.);
#1441=ORIENTED_EDGE('',*,*,#2674,.T.);
#1442=ORIENTED_EDGE('',*,*,#2677,.T.);
#1443=ORIENTED_EDGE('',*,*,#2679,.T.);
#1444=ORIENTED_EDGE('',*,*,#2681,.T.);
#1445=ORIENTED_EDGE('',*,*,#2683,.T.);
#1446=ORIENTED_EDGE('',*,*,#2685,.T.);
#1447=ORIENTED_EDGE('',*,*,#2687,.T.);
#1448=ORIENTED_EDGE('',*,*,#2689,.T.);
#1449=ORIENTED_EDGE('',*,*,#2691,.T.);
#1450=ORIENTED_EDGE('',*,*,#2693,.T.);
#1451=ORIENTED_EDGE('',*,*,#2695,.T.);
#1452=ORIENTED_EDGE('',*,*,#2697,.T.);
#1453=ORIENTED_EDGE('',*,*,#2699,.T.);
#1454=ORIENTED_EDGE('',*,*,#2712,.T.);
#1455=ORIENTED_EDGE('',*,*,#2700,.T.);
#1456=ORIENTED_EDGE('',*,*,#2710,.T.);
#1457=ORIENTED_EDGE('',*,*,#2707,.T.);
#1458=ORIENTED_EDGE('',*,*,#2704,.T.);
#1459=ORIENTED_EDGE('',*,*,#2713,.T.);
#1460=ORIENTED_EDGE('',*,*,#2714,.F.);
#1461=ORIENTED_EDGE('',*,*,#2715,.F.);
#1462=ORIENTED_EDGE('',*,*,#2716,.T.);
#1463=ORIENTED_EDGE('',*,*,#2717,.T.);
#1464=ORIENTED_EDGE('',*,*,#2556,.F.);
#1465=ORIENTED_EDGE('',*,*,#2718,.F.);
#1466=ORIENTED_EDGE('',*,*,#2714,.T.);
#1467=ORIENTED_EDGE('',*,*,#2719,.T.);
#1468=ORIENTED_EDGE('',*,*,#2716,.F.);
#1469=ORIENTED_EDGE('',*,*,#2720,.F.);
#1470=ORIENTED_EDGE('',*,*,#2558,.T.);
#1471=ORIENTED_EDGE('',*,*,#2715,.T.);
#1472=ORIENTED_EDGE('',*,*,#2718,.T.);
#1473=ORIENTED_EDGE('',*,*,#2555,.T.);
#1474=ORIENTED_EDGE('',*,*,#2720,.T.);
#1475=ORIENTED_EDGE('',*,*,#2713,.F.);
#1476=ORIENTED_EDGE('',*,*,#2719,.F.);
#1477=ORIENTED_EDGE('',*,*,#2557,.F.);
#1478=ORIENTED_EDGE('',*,*,#2717,.F.);
#1479=ORIENTED_EDGE('',*,*,#2721,.T.);
#1480=ORIENTED_EDGE('',*,*,#2722,.F.);
#1481=ORIENTED_EDGE('',*,*,#2723,.F.);
#1482=ORIENTED_EDGE('',*,*,#2550,.T.);
#1483=ORIENTED_EDGE('',*,*,#2724,.T.);
#1484=ORIENTED_EDGE('',*,*,#2725,.F.);
#1485=ORIENTED_EDGE('',*,*,#2726,.F.);
#1486=ORIENTED_EDGE('',*,*,#2722,.T.);
#1487=ORIENTED_EDGE('',*,*,#2727,.T.);
#1488=ORIENTED_EDGE('',*,*,#2548,.F.);
#1489=ORIENTED_EDGE('',*,*,#2728,.F.);
#1490=ORIENTED_EDGE('',*,*,#2725,.T.);
#1491=ORIENTED_EDGE('',*,*,#2547,.T.);
#1492=ORIENTED_EDGE('',*,*,#2723,.T.);
#1493=ORIENTED_EDGE('',*,*,#2726,.T.);
#1494=ORIENTED_EDGE('',*,*,#2728,.T.);
#1495=ORIENTED_EDGE('',*,*,#2549,.F.);
#1496=ORIENTED_EDGE('',*,*,#2727,.F.);
#1497=ORIENTED_EDGE('',*,*,#2724,.F.);
#1498=ORIENTED_EDGE('',*,*,#2721,.F.);
#1499=ORIENTED_EDGE('',*,*,#2729,.T.);
#1500=ORIENTED_EDGE('',*,*,#2730,.F.);
#1501=ORIENTED_EDGE('',*,*,#2731,.F.);
#1502=ORIENTED_EDGE('',*,*,#2563,.T.);
#1503=ORIENTED_EDGE('',*,*,#2732,.T.);
#1504=ORIENTED_EDGE('',*,*,#2733,.F.);
#1505=ORIENTED_EDGE('',*,*,#2734,.F.);
#1506=ORIENTED_EDGE('',*,*,#2730,.T.);
#1507=ORIENTED_EDGE('',*,*,#2735,.T.);
#1508=ORIENTED_EDGE('',*,*,#2565,.F.);
#1509=ORIENTED_EDGE('',*,*,#2736,.F.);
#1510=ORIENTED_EDGE('',*,*,#2733,.T.);
#1511=ORIENTED_EDGE('',*,*,#2731,.T.);
#1512=ORIENTED_EDGE('',*,*,#2734,.T.);
#1513=ORIENTED_EDGE('',*,*,#2736,.T.);
#1514=ORIENTED_EDGE('',*,*,#2564,.T.);
#1515=ORIENTED_EDGE('',*,*,#2729,.F.);
#1516=ORIENTED_EDGE('',*,*,#2566,.F.);
#1517=ORIENTED_EDGE('',*,*,#2735,.F.);
#1518=ORIENTED_EDGE('',*,*,#2732,.F.);
#1519=ORIENTED_EDGE('',*,*,#2737,.T.);
#1520=ORIENTED_EDGE('',*,*,#2540,.F.);
#1521=ORIENTED_EDGE('',*,*,#2738,.F.);
#1522=ORIENTED_EDGE('',*,*,#2739,.T.);
#1523=ORIENTED_EDGE('',*,*,#2740,.T.);
#1524=ORIENTED_EDGE('',*,*,#2741,.F.);
#1525=ORIENTED_EDGE('',*,*,#2742,.F.);
#1526=ORIENTED_EDGE('',*,*,#2542,.T.);
#1527=ORIENTED_EDGE('',*,*,#2743,.T.);
#1528=ORIENTED_EDGE('',*,*,#2739,.F.);
#1529=ORIENTED_EDGE('',*,*,#2744,.F.);
#1530=ORIENTED_EDGE('',*,*,#2741,.T.);
#1531=ORIENTED_EDGE('',*,*,#2738,.T.);
#1532=ORIENTED_EDGE('',*,*,#2539,.T.);
#1533=ORIENTED_EDGE('',*,*,#2742,.T.);
#1534=ORIENTED_EDGE('',*,*,#2744,.T.);
#1535=ORIENTED_EDGE('',*,*,#2737,.F.);
#1536=ORIENTED_EDGE('',*,*,#2743,.F.);
#1537=ORIENTED_EDGE('',*,*,#2740,.F.);
#1538=ORIENTED_EDGE('',*,*,#2541,.F.);
#1539=ORIENTED_EDGE('',*,*,#2745,.T.);
#1540=ORIENTED_EDGE('',*,*,#2746,.F.);
#1541=ORIENTED_EDGE('',*,*,#2747,.F.);
#1542=ORIENTED_EDGE('',*,*,#2748,.T.);
#1543=ORIENTED_EDGE('',*,*,#2749,.T.);
#1544=ORIENTED_EDGE('',*,*,#2568,.F.);
#1545=ORIENTED_EDGE('',*,*,#2750,.F.);
#1546=ORIENTED_EDGE('',*,*,#2746,.T.);
#1547=ORIENTED_EDGE('',*,*,#2751,.T.);
#1548=ORIENTED_EDGE('',*,*,#2748,.F.);
#1549=ORIENTED_EDGE('',*,*,#2752,.F.);
#1550=ORIENTED_EDGE('',*,*,#2570,.T.);
#1551=ORIENTED_EDGE('',*,*,#2747,.T.);
#1552=ORIENTED_EDGE('',*,*,#2750,.T.);
#1553=ORIENTED_EDGE('',*,*,#2567,.T.);
#1554=ORIENTED_EDGE('',*,*,#2752,.T.);
#1555=ORIENTED_EDGE('',*,*,#2745,.F.);
#1556=ORIENTED_EDGE('',*,*,#2751,.F.);
#1557=ORIENTED_EDGE('',*,*,#2569,.F.);
#1558=ORIENTED_EDGE('',*,*,#2749,.F.);
#1559=ORIENTED_EDGE('',*,*,#2753,.T.);
#1560=ORIENTED_EDGE('',*,*,#2754,.F.);
#1561=ORIENTED_EDGE('',*,*,#2755,.F.);
#1562=ORIENTED_EDGE('',*,*,#2554,.T.);
#1563=ORIENTED_EDGE('',*,*,#2756,.T.);
#1564=ORIENTED_EDGE('',*,*,#2757,.F.);
#1565=ORIENTED_EDGE('',*,*,#2758,.F.);
#1566=ORIENTED_EDGE('',*,*,#2754,.T.);
#1567=ORIENTED_EDGE('',*,*,#2759,.T.);
#1568=ORIENTED_EDGE('',*,*,#2552,.F.);
#1569=ORIENTED_EDGE('',*,*,#2760,.F.);
#1570=ORIENTED_EDGE('',*,*,#2757,.T.);
#1571=ORIENTED_EDGE('',*,*,#2551,.T.);
#1572=ORIENTED_EDGE('',*,*,#2755,.T.);
#1573=ORIENTED_EDGE('',*,*,#2758,.T.);
#1574=ORIENTED_EDGE('',*,*,#2760,.T.);
#1575=ORIENTED_EDGE('',*,*,#2553,.F.);
#1576=ORIENTED_EDGE('',*,*,#2759,.F.);
#1577=ORIENTED_EDGE('',*,*,#2756,.F.);
#1578=ORIENTED_EDGE('',*,*,#2753,.F.);
#1579=ORIENTED_EDGE('',*,*,#2761,.F.);
#1580=ORIENTED_EDGE('',*,*,#2762,.F.);
#1581=ORIENTED_EDGE('',*,*,#2763,.F.);
#1582=ORIENTED_EDGE('',*,*,#2764,.T.);
#1583=ORIENTED_EDGE('',*,*,#2765,.T.);
#1584=ORIENTED_EDGE('',*,*,#2766,.T.);
#1585=ORIENTED_EDGE('',*,*,#2767,.F.);
#1586=ORIENTED_EDGE('',*,*,#2768,.F.);
#1587=ORIENTED_EDGE('',*,*,#2769,.F.);
#1588=ORIENTED_EDGE('',*,*,#2770,.T.);
#1589=ORIENTED_EDGE('',*,*,#2771,.F.);
#1590=ORIENTED_EDGE('',*,*,#2772,.F.);
#1591=ORIENTED_EDGE('',*,*,#2773,.F.);
#1592=ORIENTED_EDGE('',*,*,#2774,.T.);
#1593=ORIENTED_EDGE('',*,*,#2775,.F.);
#1594=ORIENTED_EDGE('',*,*,#2776,.T.);
#1595=ORIENTED_EDGE('',*,*,#2777,.F.);
#1596=ORIENTED_EDGE('',*,*,#2778,.F.);
#1597=ORIENTED_EDGE('',*,*,#2779,.F.);
#1598=ORIENTED_EDGE('',*,*,#2780,.T.);
#1599=ORIENTED_EDGE('',*,*,#2781,.T.);
#1600=ORIENTED_EDGE('',*,*,#2782,.T.);
#1601=ORIENTED_EDGE('',*,*,#2783,.F.);
#1602=ORIENTED_EDGE('',*,*,#2784,.T.);
#1603=ORIENTED_EDGE('',*,*,#2785,.T.);
#1604=ORIENTED_EDGE('',*,*,#2786,.T.);
#1605=ORIENTED_EDGE('',*,*,#2787,.F.);
#1606=ORIENTED_EDGE('',*,*,#2788,.T.);
#1607=ORIENTED_EDGE('',*,*,#2789,.T.);
#1608=ORIENTED_EDGE('',*,*,#2790,.F.);
#1609=ORIENTED_EDGE('',*,*,#2791,.F.);
#1610=ORIENTED_EDGE('',*,*,#2792,.F.);
#1611=ORIENTED_EDGE('',*,*,#2793,.F.);
#1612=ORIENTED_EDGE('',*,*,#2794,.F.);
#1613=ORIENTED_EDGE('',*,*,#2795,.F.);
#1614=ORIENTED_EDGE('',*,*,#2796,.T.);
#1615=ORIENTED_EDGE('',*,*,#2797,.F.);
#1616=ORIENTED_EDGE('',*,*,#2798,.T.);
#1617=ORIENTED_EDGE('',*,*,#2799,.T.);
#1618=ORIENTED_EDGE('',*,*,#2800,.F.);
#1619=ORIENTED_EDGE('',*,*,#2801,.F.);
#1620=ORIENTED_EDGE('',*,*,#2802,.F.);
#1621=ORIENTED_EDGE('',*,*,#2803,.F.);
#1622=ORIENTED_EDGE('',*,*,#2794,.T.);
#1623=ORIENTED_EDGE('',*,*,#2804,.F.);
#1624=ORIENTED_EDGE('',*,*,#2800,.T.);
#1625=ORIENTED_EDGE('',*,*,#2805,.T.);
#1626=ORIENTED_EDGE('',*,*,#2806,.F.);
#1627=ORIENTED_EDGE('',*,*,#2807,.F.);
#1628=ORIENTED_EDGE('',*,*,#2808,.F.);
#1629=ORIENTED_EDGE('',*,*,#2809,.F.);
#1630=ORIENTED_EDGE('',*,*,#2802,.T.);
#1631=ORIENTED_EDGE('',*,*,#2810,.F.);
#1632=ORIENTED_EDGE('',*,*,#2806,.T.);
#1633=ORIENTED_EDGE('',*,*,#2811,.T.);
#1634=ORIENTED_EDGE('',*,*,#2812,.F.);
#1635=ORIENTED_EDGE('',*,*,#2813,.F.);
#1636=ORIENTED_EDGE('',*,*,#2814,.F.);
#1637=ORIENTED_EDGE('',*,*,#2815,.F.);
#1638=ORIENTED_EDGE('',*,*,#2808,.T.);
#1639=ORIENTED_EDGE('',*,*,#2816,.F.);
#1640=ORIENTED_EDGE('',*,*,#2812,.T.);
#1641=ORIENTED_EDGE('',*,*,#2817,.T.);
#1642=ORIENTED_EDGE('',*,*,#2818,.F.);
#1643=ORIENTED_EDGE('',*,*,#2814,.T.);
#1644=ORIENTED_EDGE('',*,*,#2819,.T.);
#1645=ORIENTED_EDGE('',*,*,#2820,.F.);
#1646=ORIENTED_EDGE('',*,*,#2821,.T.);
#1647=ORIENTED_EDGE('',*,*,#2822,.F.);
#1648=ORIENTED_EDGE('',*,*,#2823,.T.);
#1649=ORIENTED_EDGE('',*,*,#2818,.T.);
#1650=ORIENTED_EDGE('',*,*,#2824,.F.);
#1651=ORIENTED_EDGE('',*,*,#2825,.F.);
#1652=ORIENTED_EDGE('',*,*,#2826,.F.);
#1653=ORIENTED_EDGE('',*,*,#2827,.F.);
#1654=ORIENTED_EDGE('',*,*,#2820,.T.);
#1655=ORIENTED_EDGE('',*,*,#2828,.F.);
#1656=ORIENTED_EDGE('',*,*,#2822,.T.);
#1657=ORIENTED_EDGE('',*,*,#2829,.T.);
#1658=ORIENTED_EDGE('',*,*,#2830,.F.);
#1659=ORIENTED_EDGE('',*,*,#2831,.F.);
#1660=ORIENTED_EDGE('',*,*,#2832,.F.);
#1661=ORIENTED_EDGE('',*,*,#2833,.F.);
#1662=ORIENTED_EDGE('',*,*,#2830,.T.);
#1663=ORIENTED_EDGE('',*,*,#2834,.T.);
#1664=ORIENTED_EDGE('',*,*,#2835,.F.);
#1665=ORIENTED_EDGE('',*,*,#2836,.F.);
#1666=ORIENTED_EDGE('',*,*,#2826,.T.);
#1667=ORIENTED_EDGE('',*,*,#2837,.F.);
#1668=ORIENTED_EDGE('',*,*,#2838,.F.);
#1669=ORIENTED_EDGE('',*,*,#2839,.F.);
#1670=ORIENTED_EDGE('',*,*,#2840,.T.);
#1671=ORIENTED_EDGE('',*,*,#2841,.T.);
#1672=ORIENTED_EDGE('',*,*,#2842,.F.);
#1673=ORIENTED_EDGE('',*,*,#2843,.F.);
#1674=ORIENTED_EDGE('',*,*,#2844,.F.);
#1675=ORIENTED_EDGE('',*,*,#2845,.F.);
#1676=ORIENTED_EDGE('',*,*,#2846,.F.);
#1677=ORIENTED_EDGE('',*,*,#2847,.F.);
#1678=ORIENTED_EDGE('',*,*,#2838,.T.);
#1679=ORIENTED_EDGE('',*,*,#2848,.F.);
#1680=ORIENTED_EDGE('',*,*,#2842,.T.);
#1681=ORIENTED_EDGE('',*,*,#2849,.T.);
#1682=ORIENTED_EDGE('',*,*,#2850,.F.);
#1683=ORIENTED_EDGE('',*,*,#2846,.T.);
#1684=ORIENTED_EDGE('',*,*,#2851,.T.);
#1685=ORIENTED_EDGE('',*,*,#2852,.F.);
#1686=ORIENTED_EDGE('',*,*,#2853,.T.);
#1687=ORIENTED_EDGE('',*,*,#2854,.F.);
#1688=ORIENTED_EDGE('',*,*,#2855,.T.);
#1689=ORIENTED_EDGE('',*,*,#2850,.T.);
#1690=ORIENTED_EDGE('',*,*,#2856,.F.);
#1691=ORIENTED_EDGE('',*,*,#2857,.F.);
#1692=ORIENTED_EDGE('',*,*,#2858,.F.);
#1693=ORIENTED_EDGE('',*,*,#2859,.F.);
#1694=ORIENTED_EDGE('',*,*,#2852,.T.);
#1695=ORIENTED_EDGE('',*,*,#2860,.F.);
#1696=ORIENTED_EDGE('',*,*,#2854,.T.);
#1697=ORIENTED_EDGE('',*,*,#2861,.T.);
#1698=ORIENTED_EDGE('',*,*,#2862,.F.);
#1699=ORIENTED_EDGE('',*,*,#2863,.F.);
#1700=ORIENTED_EDGE('',*,*,#2864,.F.);
#1701=ORIENTED_EDGE('',*,*,#2865,.F.);
#1702=ORIENTED_EDGE('',*,*,#2858,.T.);
#1703=ORIENTED_EDGE('',*,*,#2866,.F.);
#1704=ORIENTED_EDGE('',*,*,#2862,.T.);
#1705=ORIENTED_EDGE('',*,*,#2867,.T.);
#1706=ORIENTED_EDGE('',*,*,#2868,.F.);
#1707=ORIENTED_EDGE('',*,*,#2869,.F.);
#1708=ORIENTED_EDGE('',*,*,#2870,.F.);
#1709=ORIENTED_EDGE('',*,*,#2871,.F.);
#1710=ORIENTED_EDGE('',*,*,#2864,.T.);
#1711=ORIENTED_EDGE('',*,*,#2872,.F.);
#1712=ORIENTED_EDGE('',*,*,#2868,.T.);
#1713=ORIENTED_EDGE('',*,*,#2873,.T.);
#1714=ORIENTED_EDGE('',*,*,#2874,.F.);
#1715=ORIENTED_EDGE('',*,*,#2875,.F.);
#1716=ORIENTED_EDGE('',*,*,#2876,.F.);
#1717=ORIENTED_EDGE('',*,*,#2877,.F.);
#1718=ORIENTED_EDGE('',*,*,#2870,.T.);
#1719=ORIENTED_EDGE('',*,*,#2878,.F.);
#1720=ORIENTED_EDGE('',*,*,#2874,.T.);
#1721=ORIENTED_EDGE('',*,*,#2879,.T.);
#1722=ORIENTED_EDGE('',*,*,#2880,.F.);
#1723=ORIENTED_EDGE('',*,*,#2881,.F.);
#1724=ORIENTED_EDGE('',*,*,#2882,.F.);
#1725=ORIENTED_EDGE('',*,*,#2883,.F.);
#1726=ORIENTED_EDGE('',*,*,#2876,.T.);
#1727=ORIENTED_EDGE('',*,*,#2884,.F.);
#1728=ORIENTED_EDGE('',*,*,#2880,.T.);
#1729=ORIENTED_EDGE('',*,*,#2885,.T.);
#1730=ORIENTED_EDGE('',*,*,#2886,.F.);
#1731=ORIENTED_EDGE('',*,*,#2887,.F.);
#1732=ORIENTED_EDGE('',*,*,#2888,.F.);
#1733=ORIENTED_EDGE('',*,*,#2889,.F.);
#1734=ORIENTED_EDGE('',*,*,#2882,.T.);
#1735=ORIENTED_EDGE('',*,*,#2890,.F.);
#1736=ORIENTED_EDGE('',*,*,#2886,.T.);
#1737=ORIENTED_EDGE('',*,*,#2891,.T.);
#1738=ORIENTED_EDGE('',*,*,#2892,.F.);
#1739=ORIENTED_EDGE('',*,*,#2893,.F.);
#1740=ORIENTED_EDGE('',*,*,#2776,.F.);
#1741=ORIENTED_EDGE('',*,*,#2894,.F.);
#1742=ORIENTED_EDGE('',*,*,#2888,.T.);
#1743=ORIENTED_EDGE('',*,*,#2895,.F.);
#1744=ORIENTED_EDGE('',*,*,#2892,.T.);
#1745=ORIENTED_EDGE('',*,*,#2896,.T.);
#1746=ORIENTED_EDGE('',*,*,#2764,.F.);
#1747=ORIENTED_EDGE('',*,*,#2897,.F.);
#1748=ORIENTED_EDGE('',*,*,#2898,.F.);
#1749=ORIENTED_EDGE('',*,*,#2899,.F.);
#1750=ORIENTED_EDGE('',*,*,#2778,.T.);
#1751=ORIENTED_EDGE('',*,*,#2900,.F.);
#1752=ORIENTED_EDGE('',*,*,#2790,.T.);
#1753=ORIENTED_EDGE('',*,*,#2901,.T.);
#1754=ORIENTED_EDGE('',*,*,#2902,.F.);
#1755=ORIENTED_EDGE('',*,*,#2903,.F.);
#1756=ORIENTED_EDGE('',*,*,#2904,.F.);
#1757=ORIENTED_EDGE('',*,*,#2905,.F.);
#1758=ORIENTED_EDGE('',*,*,#2898,.T.);
#1759=ORIENTED_EDGE('',*,*,#2906,.F.);
#1760=ORIENTED_EDGE('',*,*,#2902,.T.);
#1761=ORIENTED_EDGE('',*,*,#2907,.T.);
#1762=ORIENTED_EDGE('',*,*,#2908,.F.);
#1763=ORIENTED_EDGE('',*,*,#2909,.F.);
#1764=ORIENTED_EDGE('',*,*,#2796,.F.);
#1765=ORIENTED_EDGE('',*,*,#2910,.F.);
#1766=ORIENTED_EDGE('',*,*,#2904,.T.);
#1767=ORIENTED_EDGE('',*,*,#2911,.F.);
#1768=ORIENTED_EDGE('',*,*,#2908,.T.);
#1769=ORIENTED_EDGE('',*,*,#2912,.T.);
#1770=ORIENTED_EDGE('',*,*,#2798,.F.);
#1771=ORIENTED_EDGE('',*,*,#2913,.F.);
#1772=ORIENTED_EDGE('',*,*,#2914,.T.);
#1773=ORIENTED_EDGE('',*,*,#2772,.T.);
#1774=ORIENTED_EDGE('',*,*,#2915,.T.);
#1775=ORIENTED_EDGE('',*,*,#2916,.F.);
#1776=ORIENTED_EDGE('',*,*,#2917,.T.);
#1777=ORIENTED_EDGE('',*,*,#2768,.T.);
#1778=ORIENTED_EDGE('',*,*,#2918,.T.);
#1779=ORIENTED_EDGE('',*,*,#2919,.F.);
#1780=ORIENTED_EDGE('',*,*,#2913,.T.);
#1781=ORIENTED_EDGE('',*,*,#2920,.F.);
#1782=ORIENTED_EDGE('',*,*,#2921,.F.);
#1783=ORIENTED_EDGE('',*,*,#2922,.F.);
#1784=ORIENTED_EDGE('',*,*,#2916,.T.);
#1785=ORIENTED_EDGE('',*,*,#2923,.F.);
#1786=ORIENTED_EDGE('',*,*,#2924,.F.);
#1787=ORIENTED_EDGE('',*,*,#2925,.F.);
#1788=ORIENTED_EDGE('',*,*,#2921,.T.);
#1789=ORIENTED_EDGE('',*,*,#2926,.T.);
#1790=ORIENTED_EDGE('',*,*,#2927,.F.);
#1791=ORIENTED_EDGE('',*,*,#2928,.F.);
#1792=ORIENTED_EDGE('',*,*,#2924,.T.);
#1793=ORIENTED_EDGE('',*,*,#2929,.T.);
#1794=ORIENTED_EDGE('',*,*,#2930,.F.);
#1795=ORIENTED_EDGE('',*,*,#2931,.F.);
#1796=ORIENTED_EDGE('',*,*,#2927,.T.);
#1797=ORIENTED_EDGE('',*,*,#2932,.F.);
#1798=ORIENTED_EDGE('',*,*,#2933,.F.);
#1799=ORIENTED_EDGE('',*,*,#2934,.F.);
#1800=ORIENTED_EDGE('',*,*,#2930,.T.);
#1801=ORIENTED_EDGE('',*,*,#2935,.F.);
#1802=ORIENTED_EDGE('',*,*,#2936,.F.);
#1803=ORIENTED_EDGE('',*,*,#2937,.F.);
#1804=ORIENTED_EDGE('',*,*,#2933,.T.);
#1805=ORIENTED_EDGE('',*,*,#2938,.F.);
#1806=ORIENTED_EDGE('',*,*,#2939,.F.);
#1807=ORIENTED_EDGE('',*,*,#2940,.F.);
#1808=ORIENTED_EDGE('',*,*,#2936,.T.);
#1809=ORIENTED_EDGE('',*,*,#2941,.F.);
#1810=ORIENTED_EDGE('',*,*,#2942,.F.);
#1811=ORIENTED_EDGE('',*,*,#2943,.F.);
#1812=ORIENTED_EDGE('',*,*,#2939,.T.);
#1813=ORIENTED_EDGE('',*,*,#2944,.F.);
#1814=ORIENTED_EDGE('',*,*,#2945,.T.);
#1815=ORIENTED_EDGE('',*,*,#2946,.F.);
#1816=ORIENTED_EDGE('',*,*,#2942,.T.);
#1817=ORIENTED_EDGE('',*,*,#2947,.F.);
#1818=ORIENTED_EDGE('',*,*,#2948,.T.);
#1819=ORIENTED_EDGE('',*,*,#2949,.T.);
#1820=ORIENTED_EDGE('',*,*,#2950,.F.);
#1821=ORIENTED_EDGE('',*,*,#2951,.F.);
#1822=ORIENTED_EDGE('',*,*,#2952,.T.);
#1823=ORIENTED_EDGE('',*,*,#2953,.F.);
#1824=ORIENTED_EDGE('',*,*,#2954,.F.);
#1825=ORIENTED_EDGE('',*,*,#2955,.F.);
#1826=ORIENTED_EDGE('',*,*,#2956,.T.);
#1827=ORIENTED_EDGE('',*,*,#2957,.F.);
#1828=ORIENTED_EDGE('',*,*,#2958,.F.);
#1829=ORIENTED_EDGE('',*,*,#2959,.F.);
#1830=ORIENTED_EDGE('',*,*,#2960,.T.);
#1831=ORIENTED_EDGE('',*,*,#2961,.F.);
#1832=ORIENTED_EDGE('',*,*,#2962,.T.);
#1833=ORIENTED_EDGE('',*,*,#2963,.T.);
#1834=ORIENTED_EDGE('',*,*,#2964,.T.);
#1835=ORIENTED_EDGE('',*,*,#2965,.F.);
#1836=ORIENTED_EDGE('',*,*,#2966,.T.);
#1837=ORIENTED_EDGE('',*,*,#2958,.T.);
#1838=ORIENTED_EDGE('',*,*,#2967,.T.);
#1839=ORIENTED_EDGE('',*,*,#2968,.F.);
#1840=ORIENTED_EDGE('',*,*,#2969,.T.);
#1841=ORIENTED_EDGE('',*,*,#2954,.T.);
#1842=ORIENTED_EDGE('',*,*,#2970,.T.);
#1843=ORIENTED_EDGE('',*,*,#2971,.F.);
#1844=ORIENTED_EDGE('',*,*,#2965,.T.);
#1845=ORIENTED_EDGE('',*,*,#2972,.F.);
#1846=ORIENTED_EDGE('',*,*,#2973,.F.);
#1847=ORIENTED_EDGE('',*,*,#2974,.F.);
#1848=ORIENTED_EDGE('',*,*,#2968,.T.);
#1849=ORIENTED_EDGE('',*,*,#2975,.F.);
#1850=ORIENTED_EDGE('',*,*,#2976,.F.);
#1851=ORIENTED_EDGE('',*,*,#2977,.F.);
#1852=ORIENTED_EDGE('',*,*,#2973,.T.);
#1853=ORIENTED_EDGE('',*,*,#2978,.T.);
#1854=ORIENTED_EDGE('',*,*,#2979,.F.);
#1855=ORIENTED_EDGE('',*,*,#2980,.F.);
#1856=ORIENTED_EDGE('',*,*,#2976,.T.);
#1857=ORIENTED_EDGE('',*,*,#2981,.T.);
#1858=ORIENTED_EDGE('',*,*,#2982,.F.);
#1859=ORIENTED_EDGE('',*,*,#2983,.F.);
#1860=ORIENTED_EDGE('',*,*,#2979,.T.);
#1861=ORIENTED_EDGE('',*,*,#2984,.F.);
#1862=ORIENTED_EDGE('',*,*,#2985,.F.);
#1863=ORIENTED_EDGE('',*,*,#2986,.F.);
#1864=ORIENTED_EDGE('',*,*,#2982,.T.);
#1865=ORIENTED_EDGE('',*,*,#2987,.F.);
#1866=ORIENTED_EDGE('',*,*,#2988,.F.);
#1867=ORIENTED_EDGE('',*,*,#2989,.F.);
#1868=ORIENTED_EDGE('',*,*,#2985,.T.);
#1869=ORIENTED_EDGE('',*,*,#2990,.F.);
#1870=ORIENTED_EDGE('',*,*,#2782,.F.);
#1871=ORIENTED_EDGE('',*,*,#2991,.F.);
#1872=ORIENTED_EDGE('',*,*,#2988,.T.);
#1873=ORIENTED_EDGE('',*,*,#2992,.F.);
#1874=ORIENTED_EDGE('',*,*,#2786,.F.);
#1875=ORIENTED_EDGE('',*,*,#2993,.T.);
#1876=ORIENTED_EDGE('',*,*,#2840,.F.);
#1877=ORIENTED_EDGE('',*,*,#2994,.F.);
#1878=ORIENTED_EDGE('',*,*,#2835,.T.);
#1879=ORIENTED_EDGE('',*,*,#2995,.T.);
#1880=ORIENTED_EDGE('',*,*,#2962,.F.);
#1881=ORIENTED_EDGE('',*,*,#2996,.F.);
#1882=ORIENTED_EDGE('',*,*,#2950,.T.);
#1883=ORIENTED_EDGE('',*,*,#2775,.T.);
#1884=ORIENTED_EDGE('',*,*,#2997,.F.);
#1885=ORIENTED_EDGE('',*,*,#2951,.T.);
#1886=ORIENTED_EDGE('',*,*,#2996,.T.);
#1887=ORIENTED_EDGE('',*,*,#2961,.T.);
#1888=ORIENTED_EDGE('',*,*,#2998,.F.);
#1889=ORIENTED_EDGE('',*,*,#2779,.T.);
#1890=ORIENTED_EDGE('',*,*,#2899,.T.);
#1891=ORIENTED_EDGE('',*,*,#2905,.T.);
#1892=ORIENTED_EDGE('',*,*,#2910,.T.);
#1893=ORIENTED_EDGE('',*,*,#2795,.T.);
#1894=ORIENTED_EDGE('',*,*,#2803,.T.);
#1895=ORIENTED_EDGE('',*,*,#2809,.T.);
#1896=ORIENTED_EDGE('',*,*,#2815,.T.);
#1897=ORIENTED_EDGE('',*,*,#2821,.F.);
#1898=ORIENTED_EDGE('',*,*,#2827,.T.);
#1899=ORIENTED_EDGE('',*,*,#2836,.T.);
#1900=ORIENTED_EDGE('',*,*,#2994,.T.);
#1901=ORIENTED_EDGE('',*,*,#2839,.T.);
#1902=ORIENTED_EDGE('',*,*,#2847,.T.);
#1903=ORIENTED_EDGE('',*,*,#2853,.F.);
#1904=ORIENTED_EDGE('',*,*,#2859,.T.);
#1905=ORIENTED_EDGE('',*,*,#2865,.T.);
#1906=ORIENTED_EDGE('',*,*,#2871,.T.);
#1907=ORIENTED_EDGE('',*,*,#2877,.T.);
#1908=ORIENTED_EDGE('',*,*,#2883,.T.);
#1909=ORIENTED_EDGE('',*,*,#2889,.T.);
#1910=ORIENTED_EDGE('',*,*,#2894,.T.);
#1911=ORIENTED_EDGE('',*,*,#2849,.F.);
#1912=ORIENTED_EDGE('',*,*,#2841,.F.);
#1913=ORIENTED_EDGE('',*,*,#2993,.F.);
#1914=ORIENTED_EDGE('',*,*,#2834,.F.);
#1915=ORIENTED_EDGE('',*,*,#2829,.F.);
#1916=ORIENTED_EDGE('',*,*,#2824,.T.);
#1917=ORIENTED_EDGE('',*,*,#2817,.F.);
#1918=ORIENTED_EDGE('',*,*,#2811,.F.);
#1919=ORIENTED_EDGE('',*,*,#2805,.F.);
#1920=ORIENTED_EDGE('',*,*,#2799,.F.);
#1921=ORIENTED_EDGE('',*,*,#2912,.F.);
#1922=ORIENTED_EDGE('',*,*,#2907,.F.);
#1923=ORIENTED_EDGE('',*,*,#2901,.F.);
#1924=ORIENTED_EDGE('',*,*,#2789,.F.);
#1925=ORIENTED_EDGE('',*,*,#2999,.T.);
#1926=ORIENTED_EDGE('',*,*,#2963,.F.);
#1927=ORIENTED_EDGE('',*,*,#2995,.F.);
#1928=ORIENTED_EDGE('',*,*,#2949,.F.);
#1929=ORIENTED_EDGE('',*,*,#3000,.T.);
#1930=ORIENTED_EDGE('',*,*,#2765,.F.);
#1931=ORIENTED_EDGE('',*,*,#2896,.F.);
#1932=ORIENTED_EDGE('',*,*,#2891,.F.);
#1933=ORIENTED_EDGE('',*,*,#2885,.F.);
#1934=ORIENTED_EDGE('',*,*,#2879,.F.);
#1935=ORIENTED_EDGE('',*,*,#2873,.F.);
#1936=ORIENTED_EDGE('',*,*,#2867,.F.);
#1937=ORIENTED_EDGE('',*,*,#2861,.F.);
#1938=ORIENTED_EDGE('',*,*,#2856,.T.);
#1939=ORIENTED_EDGE('',*,*,#3000,.F.);
#1940=ORIENTED_EDGE('',*,*,#2948,.F.);
#1941=ORIENTED_EDGE('',*,*,#3001,.F.);
#1942=ORIENTED_EDGE('',*,*,#2766,.F.);
#1943=ORIENTED_EDGE('',*,*,#2767,.T.);
#1944=ORIENTED_EDGE('',*,*,#3001,.T.);
#1945=ORIENTED_EDGE('',*,*,#2947,.T.);
#1946=ORIENTED_EDGE('',*,*,#2941,.T.);
#1947=ORIENTED_EDGE('',*,*,#2935,.T.);
#1948=ORIENTED_EDGE('',*,*,#2929,.F.);
#1949=ORIENTED_EDGE('',*,*,#2923,.T.);
#1950=ORIENTED_EDGE('',*,*,#2918,.F.);
#1951=ORIENTED_EDGE('',*,*,#2999,.F.);
#1952=ORIENTED_EDGE('',*,*,#2788,.F.);
#1953=ORIENTED_EDGE('',*,*,#3002,.F.);
#1954=ORIENTED_EDGE('',*,*,#2964,.F.);
#1955=ORIENTED_EDGE('',*,*,#2953,.T.);
#1956=ORIENTED_EDGE('',*,*,#3002,.T.);
#1957=ORIENTED_EDGE('',*,*,#2787,.T.);
#1958=ORIENTED_EDGE('',*,*,#2992,.T.);
#1959=ORIENTED_EDGE('',*,*,#2987,.T.);
#1960=ORIENTED_EDGE('',*,*,#2981,.F.);
#1961=ORIENTED_EDGE('',*,*,#2975,.T.);
#1962=ORIENTED_EDGE('',*,*,#2970,.F.);
#1963=ORIENTED_EDGE('',*,*,#3003,.F.);
#1964=ORIENTED_EDGE('',*,*,#2952,.F.);
#1965=ORIENTED_EDGE('',*,*,#2997,.T.);
#1966=ORIENTED_EDGE('',*,*,#2774,.F.);
#1967=ORIENTED_EDGE('',*,*,#2773,.T.);
#1968=ORIENTED_EDGE('',*,*,#2914,.F.);
#1969=ORIENTED_EDGE('',*,*,#2919,.T.);
#1970=ORIENTED_EDGE('',*,*,#2925,.T.);
#1971=ORIENTED_EDGE('',*,*,#2931,.T.);
#1972=ORIENTED_EDGE('',*,*,#2937,.T.);
#1973=ORIENTED_EDGE('',*,*,#2943,.T.);
#1974=ORIENTED_EDGE('',*,*,#3003,.T.);
#1975=ORIENTED_EDGE('',*,*,#3004,.F.);
#1976=ORIENTED_EDGE('',*,*,#2780,.F.);
#1977=ORIENTED_EDGE('',*,*,#2998,.T.);
#1978=ORIENTED_EDGE('',*,*,#2960,.F.);
#1979=ORIENTED_EDGE('',*,*,#2959,.T.);
#1980=ORIENTED_EDGE('',*,*,#2966,.F.);
#1981=ORIENTED_EDGE('',*,*,#2971,.T.);
#1982=ORIENTED_EDGE('',*,*,#2977,.T.);
#1983=ORIENTED_EDGE('',*,*,#2983,.T.);
#1984=ORIENTED_EDGE('',*,*,#2989,.T.);
#1985=ORIENTED_EDGE('',*,*,#2781,.F.);
#1986=ORIENTED_EDGE('',*,*,#3004,.T.);
#1987=ORIENTED_EDGE('',*,*,#3005,.F.);
#1988=ORIENTED_EDGE('',*,*,#2784,.F.);
#1989=ORIENTED_EDGE('',*,*,#3006,.F.);
#1990=ORIENTED_EDGE('',*,*,#2956,.F.);
#1991=ORIENTED_EDGE('',*,*,#2955,.T.);
#1992=ORIENTED_EDGE('',*,*,#2969,.F.);
#1993=ORIENTED_EDGE('',*,*,#2974,.T.);
#1994=ORIENTED_EDGE('',*,*,#2980,.T.);
#1995=ORIENTED_EDGE('',*,*,#2986,.T.);
#1996=ORIENTED_EDGE('',*,*,#2991,.T.);
#1997=ORIENTED_EDGE('',*,*,#2785,.F.);
#1998=ORIENTED_EDGE('',*,*,#3005,.T.);
#1999=ORIENTED_EDGE('',*,*,#2957,.T.);
#2000=ORIENTED_EDGE('',*,*,#3006,.T.);
#2001=ORIENTED_EDGE('',*,*,#2783,.T.);
#2002=ORIENTED_EDGE('',*,*,#2990,.T.);
#2003=ORIENTED_EDGE('',*,*,#2984,.T.);
#2004=ORIENTED_EDGE('',*,*,#2978,.F.);
#2005=ORIENTED_EDGE('',*,*,#2972,.T.);
#2006=ORIENTED_EDGE('',*,*,#2967,.F.);
#2007=ORIENTED_EDGE('',*,*,#2771,.T.);
#2008=ORIENTED_EDGE('',*,*,#3007,.T.);
#2009=ORIENTED_EDGE('',*,*,#2944,.T.);
#2010=ORIENTED_EDGE('',*,*,#2938,.T.);
#2011=ORIENTED_EDGE('',*,*,#2932,.T.);
#2012=ORIENTED_EDGE('',*,*,#2926,.F.);
#2013=ORIENTED_EDGE('',*,*,#2920,.T.);
#2014=ORIENTED_EDGE('',*,*,#2915,.F.);
#2015=ORIENTED_EDGE('',*,*,#2769,.T.);
#2016=ORIENTED_EDGE('',*,*,#2917,.F.);
#2017=ORIENTED_EDGE('',*,*,#2922,.T.);
#2018=ORIENTED_EDGE('',*,*,#2928,.T.);
#2019=ORIENTED_EDGE('',*,*,#2934,.T.);
#2020=ORIENTED_EDGE('',*,*,#2940,.T.);
#2021=ORIENTED_EDGE('',*,*,#2946,.T.);
#2022=ORIENTED_EDGE('',*,*,#3008,.T.);
#2023=ORIENTED_EDGE('',*,*,#3008,.F.);
#2024=ORIENTED_EDGE('',*,*,#2945,.F.);
#2025=ORIENTED_EDGE('',*,*,#3007,.F.);
#2026=ORIENTED_EDGE('',*,*,#2770,.F.);
#2027=ORIENTED_EDGE('',*,*,#2833,.T.);
#2028=ORIENTED_EDGE('',*,*,#3009,.F.);
#2029=ORIENTED_EDGE('',*,*,#2791,.T.);
#2030=ORIENTED_EDGE('',*,*,#2900,.T.);
#2031=ORIENTED_EDGE('',*,*,#2906,.T.);
#2032=ORIENTED_EDGE('',*,*,#2911,.T.);
#2033=ORIENTED_EDGE('',*,*,#2797,.T.);
#2034=ORIENTED_EDGE('',*,*,#2804,.T.);
#2035=ORIENTED_EDGE('',*,*,#2810,.T.);
#2036=ORIENTED_EDGE('',*,*,#2816,.T.);
#2037=ORIENTED_EDGE('',*,*,#2823,.F.);
#2038=ORIENTED_EDGE('',*,*,#2828,.T.);
#2039=ORIENTED_EDGE('',*,*,#2831,.T.);
#2040=ORIENTED_EDGE('',*,*,#2825,.T.);
#2041=ORIENTED_EDGE('',*,*,#2819,.F.);
#2042=ORIENTED_EDGE('',*,*,#2813,.T.);
#2043=ORIENTED_EDGE('',*,*,#2807,.T.);
#2044=ORIENTED_EDGE('',*,*,#2801,.T.);
#2045=ORIENTED_EDGE('',*,*,#2793,.T.);
#2046=ORIENTED_EDGE('',*,*,#2909,.T.);
#2047=ORIENTED_EDGE('',*,*,#2903,.T.);
#2048=ORIENTED_EDGE('',*,*,#2897,.T.);
#2049=ORIENTED_EDGE('',*,*,#2777,.T.);
#2050=ORIENTED_EDGE('',*,*,#3010,.T.);
#2051=ORIENTED_EDGE('',*,*,#2792,.T.);
#2052=ORIENTED_EDGE('',*,*,#3009,.T.);
#2053=ORIENTED_EDGE('',*,*,#2832,.T.);
#2054=ORIENTED_EDGE('',*,*,#3010,.F.);
#2055=ORIENTED_EDGE('',*,*,#2762,.T.);
#2056=ORIENTED_EDGE('',*,*,#3011,.F.);
#2057=ORIENTED_EDGE('',*,*,#2844,.T.);
#2058=ORIENTED_EDGE('',*,*,#3012,.T.);
#2059=ORIENTED_EDGE('',*,*,#2761,.T.);
#2060=ORIENTED_EDGE('',*,*,#2893,.T.);
#2061=ORIENTED_EDGE('',*,*,#2887,.T.);
#2062=ORIENTED_EDGE('',*,*,#2881,.T.);
#2063=ORIENTED_EDGE('',*,*,#2875,.T.);
#2064=ORIENTED_EDGE('',*,*,#2869,.T.);
#2065=ORIENTED_EDGE('',*,*,#2863,.T.);
#2066=ORIENTED_EDGE('',*,*,#2857,.T.);
#2067=ORIENTED_EDGE('',*,*,#2851,.F.);
#2068=ORIENTED_EDGE('',*,*,#2845,.T.);
#2069=ORIENTED_EDGE('',*,*,#2837,.T.);
#2070=ORIENTED_EDGE('',*,*,#3011,.T.);
#2071=ORIENTED_EDGE('',*,*,#2763,.T.);
#2072=ORIENTED_EDGE('',*,*,#3012,.F.);
#2073=ORIENTED_EDGE('',*,*,#2843,.T.);
#2074=ORIENTED_EDGE('',*,*,#2848,.T.);
#2075=ORIENTED_EDGE('',*,*,#2855,.F.);
#2076=ORIENTED_EDGE('',*,*,#2860,.T.);
#2077=ORIENTED_EDGE('',*,*,#2866,.T.);
#2078=ORIENTED_EDGE('',*,*,#2872,.T.);
#2079=ORIENTED_EDGE('',*,*,#2878,.T.);
#2080=ORIENTED_EDGE('',*,*,#2884,.T.);
#2081=ORIENTED_EDGE('',*,*,#2890,.T.);
#2082=ORIENTED_EDGE('',*,*,#2895,.T.);
#2083=EDGE_CURVE('',#3013,#3014,#3631,.T.);
#2084=EDGE_CURVE('',#3015,#3013,#3632,.T.);
#2085=EDGE_CURVE('',#3016,#3015,#3633,.T.);
#2086=EDGE_CURVE('',#3014,#3016,#3634,.T.);
#2087=EDGE_CURVE('',#3017,#3018,#3635,.T.);
#2088=EDGE_CURVE('',#3019,#3018,#3636,.T.);
#2089=EDGE_CURVE('',#3020,#3019,#3637,.T.);
#2090=EDGE_CURVE('',#3021,#3020,#129,.F.);
#2091=EDGE_CURVE('',#3022,#3021,#3638,.T.);
#2092=EDGE_CURVE('',#3023,#3022,#3639,.T.);
#2093=EDGE_CURVE('',#3023,#3024,#3640,.T.);
#2094=EDGE_CURVE('',#3025,#3024,#3641,.T.);
#2095=EDGE_CURVE('',#3026,#3025,#3642,.T.);
#2096=EDGE_CURVE('',#3027,#3026,#3643,.T.);
#2097=EDGE_CURVE('',#3028,#3027,#3644,.T.);
#2098=EDGE_CURVE('',#3028,#3029,#3645,.T.);
#2099=EDGE_CURVE('',#3030,#3029,#3646,.T.);
#2100=EDGE_CURVE('',#3031,#3030,#3647,.T.);
#2101=EDGE_CURVE('',#3017,#3031,#3648,.T.);
#2102=EDGE_CURVE('',#3032,#3032,#130,.T.);
#2103=EDGE_CURVE('',#3033,#3033,#131,.T.);
#2104=EDGE_CURVE('',#3034,#3035,#3649,.T.);
#2105=EDGE_CURVE('',#3036,#3034,#3650,.T.);
#2106=EDGE_CURVE('',#3037,#3036,#3651,.T.);
#2107=EDGE_CURVE('',#3035,#3037,#3652,.T.);
#2108=EDGE_CURVE('',#3038,#3039,#3653,.T.);
#2109=EDGE_CURVE('',#3040,#3038,#3654,.T.);
#2110=EDGE_CURVE('',#3041,#3040,#3655,.T.);
#2111=EDGE_CURVE('',#3039,#3041,#3656,.T.);
#2112=EDGE_CURVE('',#3042,#3043,#3657,.T.);
#2113=EDGE_CURVE('',#3043,#3044,#3658,.T.);
#2114=EDGE_CURVE('',#3044,#3045,#3659,.T.);
#2115=EDGE_CURVE('',#3045,#3042,#3660,.T.);
#2116=EDGE_CURVE('',#3046,#3047,#3661,.T.);
#2117=EDGE_CURVE('',#3048,#3046,#3662,.T.);
#2118=EDGE_CURVE('',#3049,#3048,#3663,.T.);
#2119=EDGE_CURVE('',#3049,#3050,#3664,.T.);
#2120=EDGE_CURVE('',#3050,#3051,#3665,.T.);
#2121=EDGE_CURVE('',#3052,#3051,#3666,.T.);
#2122=EDGE_CURVE('',#3053,#3052,#3667,.T.);
#2123=EDGE_CURVE('',#3054,#3053,#3668,.T.);
#2124=EDGE_CURVE('',#3055,#3054,#3669,.T.);
#2125=EDGE_CURVE('',#3056,#3055,#3670,.T.);
#2126=EDGE_CURVE('',#3057,#3056,#3671,.T.);
#2127=EDGE_CURVE('',#3058,#3057,#3672,.T.);
#2128=EDGE_CURVE('',#3059,#3058,#132,.F.);
#2129=EDGE_CURVE('',#3060,#3059,#3673,.T.);
#2130=EDGE_CURVE('',#3047,#3060,#3674,.T.);
#2131=EDGE_CURVE('',#3061,#3061,#133,.T.);
#2132=EDGE_CURVE('',#3062,#3062,#134,.T.);
#2133=EDGE_CURVE('',#3063,#3064,#3675,.T.);
#2134=EDGE_CURVE('',#3064,#3065,#3676,.T.);
#2135=EDGE_CURVE('',#3065,#3066,#3677,.T.);
#2136=EDGE_CURVE('',#3066,#3063,#3678,.T.);
#2137=EDGE_CURVE('',#3067,#3068,#3679,.T.);
#2138=EDGE_CURVE('',#3068,#3069,#3680,.T.);
#2139=EDGE_CURVE('',#3069,#3070,#3681,.T.);
#2140=EDGE_CURVE('',#3070,#3067,#3682,.T.);
#2141=EDGE_CURVE('',#3071,#3072,#3683,.T.);
#2142=EDGE_CURVE('',#3073,#3071,#3684,.T.);
#2143=EDGE_CURVE('',#3074,#3073,#3685,.T.);
#2144=EDGE_CURVE('',#3072,#3074,#3686,.T.);
#2145=EDGE_CURVE('',#3075,#3076,#3687,.T.);
#2146=EDGE_CURVE('',#3077,#3075,#3688,.T.);
#2147=EDGE_CURVE('',#3078,#3077,#3689,.T.);
#2148=EDGE_CURVE('',#3079,#3078,#3690,.T.);
#2149=EDGE_CURVE('',#3080,#3079,#135,.T.);
#2150=EDGE_CURVE('',#3081,#3080,#3691,.T.);
#2151=EDGE_CURVE('',#3082,#3081,#3692,.T.);
#2152=EDGE_CURVE('',#3082,#3083,#3693,.T.);
#2153=EDGE_CURVE('',#3084,#3083,#3694,.T.);
#2154=EDGE_CURVE('',#3084,#3085,#3695,.T.);
#2155=EDGE_CURVE('',#3085,#3086,#3696,.T.);
#2156=EDGE_CURVE('',#3087,#3086,#3697,.T.);
#2157=EDGE_CURVE('',#3088,#3087,#3698,.T.);
#2158=EDGE_CURVE('',#3089,#3088,#3699,.T.);
#2159=EDGE_CURVE('',#3076,#3089,#3700,.T.);
#2160=EDGE_CURVE('',#3090,#3091,#3701,.T.);
#2161=EDGE_CURVE('',#3092,#3090,#3702,.T.);
#2162=EDGE_CURVE('',#3093,#3092,#3703,.T.);
#2163=EDGE_CURVE('',#3091,#3093,#3704,.T.);
#2164=EDGE_CURVE('',#3094,#3095,#3705,.T.);
#2165=EDGE_CURVE('',#3096,#3094,#3706,.T.);
#2166=EDGE_CURVE('',#3097,#3096,#3707,.T.);
#2167=EDGE_CURVE('',#3095,#3097,#3708,.T.);
#2168=EDGE_CURVE('',#3098,#3099,#3709,.T.);
#2169=EDGE_CURVE('',#3100,#3098,#3710,.T.);
#2170=EDGE_CURVE('',#3101,#3100,#3711,.T.);
#2171=EDGE_CURVE('',#3099,#3101,#3712,.T.);
#2172=EDGE_CURVE('',#3102,#3103,#3713,.T.);
#2173=EDGE_CURVE('',#3104,#3102,#3714,.T.);
#2174=EDGE_CURVE('',#3105,#3104,#3715,.T.);
#2175=EDGE_CURVE('',#3106,#3105,#3716,.T.);
#2176=EDGE_CURVE('',#3107,#3106,#3717,.T.);
#2177=EDGE_CURVE('',#3108,#3107,#3718,.T.);
#2178=EDGE_CURVE('',#3108,#3109,#3719,.T.);
#2179=EDGE_CURVE('',#3110,#3109,#3720,.T.);
#2180=EDGE_CURVE('',#3110,#3111,#3721,.T.);
#2181=EDGE_CURVE('',#3111,#3112,#3722,.T.);
#2182=EDGE_CURVE('',#3113,#3112,#3723,.T.);
#2183=EDGE_CURVE('',#3114,#3113,#136,.T.);
#2184=EDGE_CURVE('',#3115,#3114,#3724,.T.);
#2185=EDGE_CURVE('',#3116,#3115,#3725,.T.);
#2186=EDGE_CURVE('',#3116,#3103,#3726,.T.);
#2187=EDGE_CURVE('',#3117,#3118,#3727,.T.);
#2188=EDGE_CURVE('',#3119,#3117,#3728,.T.);
#2189=EDGE_CURVE('',#3120,#3119,#3729,.T.);
#2190=EDGE_CURVE('',#3118,#3120,#3730,.T.);
#2191=EDGE_CURVE('',#3121,#3122,#3731,.T.);
#2192=EDGE_CURVE('',#3123,#3121,#3732,.T.);
#2193=EDGE_CURVE('',#3124,#3123,#3733,.T.);
#2194=EDGE_CURVE('',#3122,#3124,#3734,.T.);
#2195=EDGE_CURVE('',#3125,#3126,#3735,.T.);
#2196=EDGE_CURVE('',#3127,#3125,#3736,.T.);
#2197=EDGE_CURVE('',#3127,#3128,#3737,.T.);
#2198=EDGE_CURVE('',#3128,#3129,#3738,.T.);
#2199=EDGE_CURVE('',#3130,#3129,#3739,.T.);
#2200=EDGE_CURVE('',#3126,#3130,#3740,.T.);
#2201=EDGE_CURVE('',#3126,#3131,#3741,.T.);
#2202=EDGE_CURVE('',#3132,#3130,#3742,.T.);
#2203=EDGE_CURVE('',#3131,#3132,#3743,.T.);
#2204=EDGE_CURVE('',#3131,#3133,#3744,.T.);
#2205=EDGE_CURVE('',#3134,#3132,#3745,.T.);
#2206=EDGE_CURVE('',#3133,#3134,#3746,.T.);
#2207=EDGE_CURVE('',#3133,#3135,#3747,.T.);
#2208=EDGE_CURVE('',#3136,#3134,#3748,.T.);
#2209=EDGE_CURVE('',#3136,#3137,#3749,.T.);
#2210=EDGE_CURVE('',#3138,#3137,#3750,.T.);
#2211=EDGE_CURVE('',#3135,#3138,#3751,.T.);
#2212=EDGE_CURVE('',#3125,#3135,#3752,.T.);
#2213=EDGE_CURVE('',#3139,#3138,#137,.T.);
#2214=EDGE_CURVE('',#3139,#3140,#3753,.T.);
#2215=EDGE_CURVE('',#3140,#3127,#138,.T.);
#2216=EDGE_CURVE('',#3129,#3136,#3754,.T.);
#2217=EDGE_CURVE('',#3141,#3128,#139,.T.);
#2218=EDGE_CURVE('',#3142,#3141,#3755,.T.);
#2219=EDGE_CURVE('',#3142,#3137,#140,.T.);
#2220=EDGE_CURVE('',#3143,#3144,#3756,.T.);
#2221=EDGE_CURVE('',#3143,#3145,#3757,.T.);
#2222=EDGE_CURVE('',#3146,#3145,#3758,.T.);
#2223=EDGE_CURVE('',#3144,#3146,#3759,.T.);
#2224=EDGE_CURVE('',#3144,#3147,#3760,.T.);
#2225=EDGE_CURVE('',#3148,#3146,#3761,.T.);
#2226=EDGE_CURVE('',#3148,#3149,#3762,.T.);
#2227=EDGE_CURVE('',#3150,#3149,#3763,.T.);
#2228=EDGE_CURVE('',#3147,#3150,#3764,.T.);
#2229=EDGE_CURVE('',#3151,#3152,#3765,.T.);
#2230=EDGE_CURVE('',#3153,#3151,#3766,.T.);
#2231=EDGE_CURVE('',#3153,#3154,#3767,.T.);
#2232=EDGE_CURVE('',#3154,#3155,#3768,.T.);
#2233=EDGE_CURVE('',#3156,#3155,#3769,.T.);
#2234=EDGE_CURVE('',#3152,#3156,#3770,.T.);
#2235=EDGE_CURVE('',#3152,#3143,#3771,.T.);
#2236=EDGE_CURVE('',#3145,#3156,#3772,.T.);
#2237=EDGE_CURVE('',#3151,#3147,#3773,.T.);
#2238=EDGE_CURVE('',#3150,#3157,#141,.T.);
#2239=EDGE_CURVE('',#3158,#3157,#3774,.T.);
#2240=EDGE_CURVE('',#3153,#3158,#142,.T.);
#2241=EDGE_CURVE('',#3155,#3148,#3775,.T.);
#2242=EDGE_CURVE('',#3154,#3159,#143,.T.);
#2243=EDGE_CURVE('',#3159,#3160,#3776,.T.);
#2244=EDGE_CURVE('',#3149,#3160,#144,.T.);
#2245=EDGE_CURVE('',#3161,#3162,#3777,.T.);
#2246=EDGE_CURVE('',#3163,#3162,#3778,.T.);
#2247=EDGE_CURVE('',#3163,#3164,#3779,.T.);
#2248=EDGE_CURVE('',#3164,#3161,#3780,.T.);
#2249=EDGE_CURVE('',#3019,#3165,#3781,.T.);
#2250=EDGE_CURVE('',#3166,#3165,#3782,.T.);
#2251=EDGE_CURVE('',#3166,#3081,#3783,.T.);
#2252=EDGE_CURVE('',#3020,#3080,#3784,.T.);
#2253=EDGE_CURVE('',#3167,#3060,#3785,.T.);
#2254=EDGE_CURVE('',#3113,#3059,#3786,.T.);
#2255=EDGE_CURVE('',#3112,#3168,#3787,.T.);
#2256=EDGE_CURVE('',#3168,#3167,#3788,.T.);
#2257=EDGE_CURVE('',#3169,#3170,#3789,.T.);
#2258=EDGE_CURVE('',#3171,#3170,#3790,.T.);
#2259=EDGE_CURVE('',#3171,#3172,#3791,.T.);
#2260=EDGE_CURVE('',#3172,#3169,#3792,.T.);
#2261=EDGE_CURVE('',#3173,#3174,#3793,.T.);
#2262=EDGE_CURVE('',#3175,#3173,#3794,.T.);
#2263=EDGE_CURVE('',#3175,#3176,#3795,.T.);
#2264=EDGE_CURVE('',#3176,#3174,#3796,.T.);
#2265=EDGE_CURVE('',#3177,#3178,#3797,.T.);
#2266=EDGE_CURVE('',#3179,#3177,#3798,.T.);
#2267=EDGE_CURVE('',#3179,#3180,#3799,.T.);
#2268=EDGE_CURVE('',#3180,#3178,#3800,.T.);
#2269=EDGE_CURVE('',#3181,#3182,#3801,.T.);
#2270=EDGE_CURVE('',#3183,#3181,#3802,.T.);
#2271=EDGE_CURVE('',#3183,#3184,#3803,.T.);
#2272=EDGE_CURVE('',#3184,#3182,#3804,.T.);
#2273=EDGE_CURVE('',#3185,#3186,#3805,.T.);
#2274=EDGE_CURVE('',#3187,#3185,#3806,.T.);
#2275=EDGE_CURVE('',#3187,#3188,#3807,.T.);
#2276=EDGE_CURVE('',#3188,#3186,#3808,.T.);
#2277=EDGE_CURVE('',#3022,#3078,#3809,.T.);
#2278=EDGE_CURVE('',#3077,#3189,#145,.T.);
#2279=EDGE_CURVE('',#3190,#3189,#3810,.T.);
#2280=EDGE_CURVE('',#3023,#3190,#146,.T.);
#2281=EDGE_CURVE('',#3115,#3057,#3811,.T.);
#2282=EDGE_CURVE('',#3191,#3056,#147,.T.);
#2283=EDGE_CURVE('',#3192,#3191,#3812,.T.);
#2284=EDGE_CURVE('',#3192,#3116,#148,.T.);
#2285=EDGE_CURVE('',#3027,#3088,#3813,.T.);
#2286=EDGE_CURVE('',#3087,#3106,#3814,.T.);
#2287=EDGE_CURVE('',#3105,#3052,#3815,.T.);
#2288=EDGE_CURVE('',#3051,#3028,#3816,.T.);
#2289=EDGE_CURVE('',#3026,#3089,#3817,.T.);
#2290=EDGE_CURVE('',#3104,#3053,#3818,.T.);
#2291=EDGE_CURVE('',#3025,#3076,#3819,.T.);
#2292=EDGE_CURVE('',#3102,#3054,#3820,.T.);
#2293=EDGE_CURVE('',#3018,#3193,#3821,.T.);
#2294=EDGE_CURVE('',#3193,#3173,#3822,.T.);
#2295=EDGE_CURVE('',#3174,#3194,#3823,.T.);
#2296=EDGE_CURVE('',#3194,#3195,#3824,.T.);
#2297=EDGE_CURVE('',#3195,#3177,#3825,.T.);
#2298=EDGE_CURVE('',#3178,#3196,#3826,.T.);
#2299=EDGE_CURVE('',#3196,#3197,#149,.T.);
#2300=EDGE_CURVE('',#3197,#3198,#150,.T.);
#2301=EDGE_CURVE('',#3198,#3162,#3827,.T.);
#2302=EDGE_CURVE('',#3161,#3199,#3828,.T.);
#2303=EDGE_CURVE('',#3199,#3200,#151,.T.);
#2304=EDGE_CURVE('',#3200,#3165,#3829,.T.);
#2305=EDGE_CURVE('',#3167,#3201,#3830,.T.);
#2306=EDGE_CURVE('',#3201,#3202,#152,.T.);
#2307=EDGE_CURVE('',#3202,#3170,#3831,.T.);
#2308=EDGE_CURVE('',#3169,#3203,#3832,.T.);
#2309=EDGE_CURVE('',#3203,#3204,#153,.T.);
#2310=EDGE_CURVE('',#3204,#3205,#154,.T.);
#2311=EDGE_CURVE('',#3205,#3181,#3833,.T.);
#2312=EDGE_CURVE('',#3182,#3206,#3834,.T.);
#2313=EDGE_CURVE('',#3206,#3207,#3835,.T.);
#2314=EDGE_CURVE('',#3207,#3185,#3836,.T.);
#2315=EDGE_CURVE('',#3186,#3208,#3837,.T.);
#2316=EDGE_CURVE('',#3208,#3047,#3838,.T.);
#2317=EDGE_CURVE('',#3175,#3209,#3839,.T.);
#2318=EDGE_CURVE('',#3209,#3082,#3840,.T.);
#2319=EDGE_CURVE('',#3166,#3210,#3841,.T.);
#2320=EDGE_CURVE('',#3210,#3211,#155,.F.);
#2321=EDGE_CURVE('',#3211,#3164,#3842,.T.);
#2322=EDGE_CURVE('',#3163,#3212,#3843,.T.);
#2323=EDGE_CURVE('',#3212,#3213,#156,.F.);
#2324=EDGE_CURVE('',#3213,#3214,#157,.F.);
#2325=EDGE_CURVE('',#3214,#3180,#3844,.T.);
#2326=EDGE_CURVE('',#3179,#3215,#3845,.T.);
#2327=EDGE_CURVE('',#3215,#3216,#3846,.T.);
#2328=EDGE_CURVE('',#3216,#3176,#3847,.T.);
#2329=EDGE_CURVE('',#3217,#3218,#158,.F.);
#2330=EDGE_CURVE('',#3218,#3168,#3848,.T.);
#2331=EDGE_CURVE('',#3111,#3219,#3849,.T.);
#2332=EDGE_CURVE('',#3219,#3188,#3850,.T.);
#2333=EDGE_CURVE('',#3187,#3220,#3851,.T.);
#2334=EDGE_CURVE('',#3220,#3221,#3852,.T.);
#2335=EDGE_CURVE('',#3221,#3184,#3853,.T.);
#2336=EDGE_CURVE('',#3183,#3222,#3854,.T.);
#2337=EDGE_CURVE('',#3222,#3223,#159,.F.);
#2338=EDGE_CURVE('',#3223,#3224,#160,.F.);
#2339=EDGE_CURVE('',#3224,#3172,#3855,.T.);
#2340=EDGE_CURVE('',#3171,#3217,#3856,.T.);
#2341=EDGE_CURVE('',#3114,#3058,#3857,.T.);
#2342=EDGE_CURVE('',#3021,#3079,#3858,.T.);
#2343=EDGE_CURVE('',#3110,#3046,#3859,.T.);
#2344=EDGE_CURVE('',#3084,#3109,#3860,.T.);
#2345=EDGE_CURVE('',#3017,#3083,#3861,.T.);
#2346=EDGE_CURVE('',#3048,#3031,#3862,.T.);
#2347=EDGE_CURVE('',#3225,#3226,#3863,.T.);
#2348=EDGE_CURVE('',#3227,#3225,#3864,.T.);
#2349=EDGE_CURVE('',#3228,#3227,#3865,.T.);
#2350=EDGE_CURVE('',#3228,#3226,#3866,.T.);
#2351=EDGE_CURVE('',#3229,#3225,#48,.T.);
#2352=EDGE_CURVE('',#3229,#3230,#40,.T.);
#2353=EDGE_CURVE('',#3231,#3230,#3867,.T.);
#2354=EDGE_CURVE('',#3231,#3232,#41,.T.);
#2355=EDGE_CURVE('',#3227,#3232,#49,.T.);
#2356=EDGE_CURVE('',#3230,#3233,#50,.F.);
#2357=EDGE_CURVE('',#3233,#3231,#51,.F.);
#2358=EDGE_CURVE('',#3234,#3235,#52,.F.);
#2359=EDGE_CURVE('',#3235,#3236,#53,.F.);
#2360=EDGE_CURVE('',#3234,#3236,#3868,.T.);
#2361=EDGE_CURVE('',#3237,#3238,#54,.T.);
#2362=EDGE_CURVE('',#3239,#3237,#3869,.T.);
#2363=EDGE_CURVE('',#3240,#3239,#55,.T.);
#2364=EDGE_CURVE('',#3240,#3234,#42,.T.);
#2365=EDGE_CURVE('',#3236,#3238,#43,.T.);
#2366=EDGE_CURVE('',#3241,#3237,#3870,.T.);
#2367=EDGE_CURVE('',#3242,#3241,#3871,.T.);
#2368=EDGE_CURVE('',#3239,#3242,#3872,.T.);
#2369=EDGE_CURVE('',#3241,#3243,#56,.T.);
#2370=EDGE_CURVE('',#3243,#3024,#161,.T.);
#2371=EDGE_CURVE('',#3190,#3242,#57,.T.);
#2372=EDGE_CURVE('',#3055,#3244,#162,.T.);
#2373=EDGE_CURVE('',#3244,#3226,#58,.T.);
#2374=EDGE_CURVE('',#3228,#3191,#59,.T.);
#2375=EDGE_CURVE('',#3140,#3141,#3873,.T.);
#2376=EDGE_CURVE('',#3245,#3140,#163,.T.);
#2377=EDGE_CURVE('',#3246,#3245,#3874,.T.);
#2378=EDGE_CURVE('',#3247,#3246,#3875,.T.);
#2379=EDGE_CURVE('',#3248,#3247,#3876,.T.);
#2380=EDGE_CURVE('',#3249,#3248,#3877,.T.);
#2381=EDGE_CURVE('',#3250,#3249,#3878,.T.);
#2382=EDGE_CURVE('',#3251,#3250,#3879,.T.);
#2383=EDGE_CURVE('',#3252,#3251,#3880,.T.);
#2384=EDGE_CURVE('',#3157,#3252,#164,.T.);
#2385=EDGE_CURVE('',#3160,#3157,#3881,.T.);
#2386=EDGE_CURVE('',#3253,#3160,#165,.T.);
#2387=EDGE_CURVE('',#3254,#3253,#3882,.T.);
#2388=EDGE_CURVE('',#3255,#3254,#3883,.T.);
#2389=EDGE_CURVE('',#3256,#3255,#166,.T.);
#2390=EDGE_CURVE('',#3257,#3256,#3884,.T.);
#2391=EDGE_CURVE('',#3258,#3257,#167,.T.);
#2392=EDGE_CURVE('',#3259,#3258,#3885,.T.);
#2393=EDGE_CURVE('',#3260,#3259,#3886,.T.);
#2394=EDGE_CURVE('',#3141,#3260,#168,.T.);
#2395=EDGE_CURVE('',#3030,#3049,#3887,.T.);
#2396=EDGE_CURVE('',#3261,#3262,#169,.T.);
#2397=EDGE_CURVE('',#3262,#3263,#3888,.T.);
#2398=EDGE_CURVE('',#3263,#3264,#170,.T.);
#2399=EDGE_CURVE('',#3264,#3261,#3889,.T.);
#2400=EDGE_CURVE('',#3265,#3266,#171,.T.);
#2401=EDGE_CURVE('',#3266,#3267,#3890,.T.);
#2402=EDGE_CURVE('',#3267,#3268,#172,.T.);
#2403=EDGE_CURVE('',#3268,#3265,#3891,.T.);
#2404=EDGE_CURVE('',#3029,#3050,#3892,.T.);
#2405=EDGE_CURVE('',#3269,#3262,#3893,.T.);
#2406=EDGE_CURVE('',#3269,#3270,#3894,.T.);
#2407=EDGE_CURVE('',#3270,#3263,#3895,.T.);
#2408=EDGE_CURVE('',#3270,#3271,#173,.T.);
#2409=EDGE_CURVE('',#3271,#3264,#3896,.T.);
#2410=EDGE_CURVE('',#3271,#3272,#3897,.T.);
#2411=EDGE_CURVE('',#3272,#3261,#3898,.T.);
#2412=EDGE_CURVE('',#3272,#3269,#174,.T.);
#2413=EDGE_CURVE('',#3273,#3266,#3899,.T.);
#2414=EDGE_CURVE('',#3273,#3274,#3900,.T.);
#2415=EDGE_CURVE('',#3274,#3267,#3901,.T.);
#2416=EDGE_CURVE('',#3274,#3275,#175,.T.);
#2417=EDGE_CURVE('',#3275,#3268,#3902,.T.);
#2418=EDGE_CURVE('',#3275,#3276,#3903,.T.);
#2419=EDGE_CURVE('',#3276,#3265,#3904,.T.);
#2420=EDGE_CURVE('',#3276,#3273,#176,.T.);
#2421=EDGE_CURVE('',#3277,#3229,#3905,.T.);
#2422=EDGE_CURVE('',#3278,#3244,#3906,.T.);
#2423=EDGE_CURVE('',#3278,#3279,#60,.T.);
#2424=EDGE_CURVE('',#3279,#3280,#3907,.T.);
#2425=EDGE_CURVE('',#3277,#3280,#61,.T.);
#2426=EDGE_CURVE('',#3103,#3278,#177,.T.);
#2427=EDGE_CURVE('',#3243,#3281,#3908,.T.);
#2428=EDGE_CURVE('',#3281,#3075,#178,.T.);
#2429=EDGE_CURVE('',#3282,#3281,#62,.T.);
#2430=EDGE_CURVE('',#3238,#3283,#3909,.T.);
#2431=EDGE_CURVE('',#3284,#3283,#63,.T.);
#2432=EDGE_CURVE('',#3284,#3282,#3910,.T.);
#2433=EDGE_CURVE('',#3285,#3283,#44,.T.);
#2434=EDGE_CURVE('',#3286,#3235,#64,.F.);
#2435=EDGE_CURVE('',#3285,#3286,#65,.F.);
#2436=EDGE_CURVE('',#3277,#3287,#45,.T.);
#2437=EDGE_CURVE('',#3288,#3287,#66,.F.);
#2438=EDGE_CURVE('',#3233,#3288,#67,.F.);
#2439=EDGE_CURVE('',#3289,#3290,#68,.F.);
#2440=EDGE_CURVE('',#3289,#3291,#46,.T.);
#2441=EDGE_CURVE('',#3291,#3232,#3911,.T.);
#2442=EDGE_CURVE('',#3290,#3233,#69,.F.);
#2443=EDGE_CURVE('',#3292,#3293,#47,.T.);
#2444=EDGE_CURVE('',#3294,#3293,#70,.F.);
#2445=EDGE_CURVE('',#3235,#3294,#71,.F.);
#2446=EDGE_CURVE('',#3240,#3292,#3912,.T.);
#2447=EDGE_CURVE('',#3189,#3295,#72,.T.);
#2448=EDGE_CURVE('',#3295,#3296,#3913,.T.);
#2449=EDGE_CURVE('',#3292,#3296,#73,.T.);
#2450=EDGE_CURVE('',#3297,#3298,#3914,.T.);
#2451=EDGE_CURVE('',#3298,#3192,#74,.T.);
#2452=EDGE_CURVE('',#3297,#3291,#75,.T.);
#2453=EDGE_CURVE('',#3294,#3286,#3915,.T.);
#2454=EDGE_CURVE('',#3293,#3285,#3916,.T.);
#2455=EDGE_CURVE('',#3296,#3284,#3917,.T.);
#2456=EDGE_CURVE('',#3295,#3282,#3918,.T.);
#2457=EDGE_CURVE('',#3298,#3279,#3919,.T.);
#2458=EDGE_CURVE('',#3297,#3280,#3920,.T.);
#2459=EDGE_CURVE('',#3289,#3287,#3921,.T.);
#2460=EDGE_CURVE('',#3290,#3288,#3922,.T.);
#2461=EDGE_CURVE('',#3086,#3107,#3923,.T.);
#2462=EDGE_CURVE('',#3085,#3108,#3924,.T.);
#2463=EDGE_CURVE('',#3299,#3139,#179,.T.);
#2464=EDGE_CURVE('',#3139,#3142,#3925,.T.);
#2465=EDGE_CURVE('',#3142,#3300,#180,.T.);
#2466=EDGE_CURVE('',#3300,#3301,#3926,.T.);
#2467=EDGE_CURVE('',#3301,#3302,#3927,.T.);
#2468=EDGE_CURVE('',#3302,#3303,#181,.T.);
#2469=EDGE_CURVE('',#3303,#3304,#3928,.T.);
#2470=EDGE_CURVE('',#3304,#3305,#182,.T.);
#2471=EDGE_CURVE('',#3305,#3306,#3929,.T.);
#2472=EDGE_CURVE('',#3306,#3307,#3930,.T.);
#2473=EDGE_CURVE('',#3307,#3159,#183,.T.);
#2474=EDGE_CURVE('',#3159,#3158,#3931,.T.);
#2475=EDGE_CURVE('',#3158,#3308,#184,.T.);
#2476=EDGE_CURVE('',#3308,#3309,#3932,.T.);
#2477=EDGE_CURVE('',#3309,#3310,#3933,.T.);
#2478=EDGE_CURVE('',#3310,#3311,#3934,.T.);
#2479=EDGE_CURVE('',#3311,#3312,#3935,.T.);
#2480=EDGE_CURVE('',#3312,#3313,#3936,.T.);
#2481=EDGE_CURVE('',#3313,#3314,#3937,.T.);
#2482=EDGE_CURVE('',#3314,#3299,#3938,.T.);
#2483=EDGE_CURVE('',#3209,#3193,#3939,.T.);
#2484=EDGE_CURVE('',#3219,#3208,#3940,.T.);
#2485=EDGE_CURVE('',#3220,#3207,#3941,.T.);
#2486=EDGE_CURVE('',#3221,#3206,#3942,.T.);
#2487=EDGE_CURVE('',#3222,#3205,#3943,.T.);
#2488=EDGE_CURVE('',#3223,#3204,#3944,.T.);
#2489=EDGE_CURVE('',#3224,#3203,#3945,.T.);
#2490=EDGE_CURVE('',#3217,#3202,#3946,.T.);
#2491=EDGE_CURVE('',#3218,#3201,#3947,.T.);
#2492=EDGE_CURVE('',#3210,#3200,#3948,.T.);
#2493=EDGE_CURVE('',#3211,#3199,#3949,.T.);
#2494=EDGE_CURVE('',#3212,#3198,#3950,.T.);
#2495=EDGE_CURVE('',#3213,#3197,#3951,.T.);
#2496=EDGE_CURVE('',#3214,#3196,#3952,.T.);
#2497=EDGE_CURVE('',#3216,#3194,#3953,.T.);
#2498=EDGE_CURVE('',#3215,#3195,#3954,.T.);
#2499=EDGE_CURVE('',#3300,#3260,#3955,.T.);
#2500=EDGE_CURVE('',#3301,#3259,#3956,.T.);
#2501=EDGE_CURVE('',#3302,#3258,#3957,.T.);
#2502=EDGE_CURVE('',#3303,#3257,#3958,.T.);
#2503=EDGE_CURVE('',#3304,#3256,#3959,.T.);
#2504=EDGE_CURVE('',#3305,#3255,#3960,.T.);
#2505=EDGE_CURVE('',#3306,#3254,#3961,.T.);
#2506=EDGE_CURVE('',#3307,#3253,#3962,.T.);
#2507=EDGE_CURVE('',#3308,#3252,#3963,.T.);
#2508=EDGE_CURVE('',#3309,#3251,#3964,.T.);
#2509=EDGE_CURVE('',#3310,#3250,#3965,.T.);
#2510=EDGE_CURVE('',#3311,#3249,#3966,.T.);
#2511=EDGE_CURVE('',#3312,#3248,#3967,.T.);
#2512=EDGE_CURVE('',#3313,#3247,#3968,.T.);
#2513=EDGE_CURVE('',#3314,#3246,#3969,.T.);
#2514=EDGE_CURVE('',#3299,#3245,#3970,.T.);
#2515=EDGE_CURVE('',#3117,#3063,#3971,.T.);
#2516=EDGE_CURVE('',#3119,#3066,#3972,.T.);
#2517=EDGE_CURVE('',#3120,#3065,#3973,.T.);
#2518=EDGE_CURVE('',#3118,#3064,#3974,.T.);
#2519=EDGE_CURVE('',#3034,#3091,#3975,.T.);
#2520=EDGE_CURVE('',#3035,#3090,#3976,.T.);
#2521=EDGE_CURVE('',#3037,#3092,#3977,.T.);
#2522=EDGE_CURVE('',#3036,#3093,#3978,.T.);
#2523=EDGE_CURVE('',#3098,#3042,#3979,.T.);
#2524=EDGE_CURVE('',#3100,#3045,#3980,.T.);
#2525=EDGE_CURVE('',#3101,#3044,#3981,.T.);
#2526=EDGE_CURVE('',#3099,#3043,#3982,.T.);
#2527=EDGE_CURVE('',#3013,#3072,#3983,.T.);
#2528=EDGE_CURVE('',#3014,#3071,#3984,.T.);
#2529=EDGE_CURVE('',#3016,#3073,#3985,.T.);
#2530=EDGE_CURVE('',#3015,#3074,#3986,.T.);
#2531=EDGE_CURVE('',#3121,#3067,#3987,.T.);
#2532=EDGE_CURVE('',#3123,#3070,#3988,.T.);
#2533=EDGE_CURVE('',#3124,#3069,#3989,.T.);
#2534=EDGE_CURVE('',#3122,#3068,#3990,.T.);
#2535=EDGE_CURVE('',#3038,#3095,#3991,.T.);
#2536=EDGE_CURVE('',#3039,#3094,#3992,.T.);
#2537=EDGE_CURVE('',#3041,#3096,#3993,.T.);
#2538=EDGE_CURVE('',#3040,#3097,#3994,.T.);
#2539=EDGE_CURVE('',#3315,#3316,#3995,.T.);
#2540=EDGE_CURVE('',#3315,#3317,#3996,.T.);
#2541=EDGE_CURVE('',#3317,#3318,#3997,.T.);
#2542=EDGE_CURVE('',#3316,#3318,#3998,.T.);
#2543=EDGE_CURVE('',#3319,#3320,#3999,.T.);
#2544=EDGE_CURVE('',#3321,#3319,#4000,.T.);
#2545=EDGE_CURVE('',#3322,#3321,#4001,.T.);
#2546=EDGE_CURVE('',#3322,#3320,#4002,.T.);
#2547=EDGE_CURVE('',#3323,#3324,#4003,.T.);
#2548=EDGE_CURVE('',#3323,#3325,#4004,.T.);
#2549=EDGE_CURVE('',#3325,#3326,#4005,.T.);
#2550=EDGE_CURVE('',#3324,#3326,#4006,.T.);
#2551=EDGE_CURVE('',#3327,#3328,#4007,.T.);
#2552=EDGE_CURVE('',#3327,#3329,#4008,.T.);
#2553=EDGE_CURVE('',#3329,#3330,#4009,.T.);
#2554=EDGE_CURVE('',#3328,#3330,#4010,.T.);
#2555=EDGE_CURVE('',#3331,#3332,#4011,.T.);
#2556=EDGE_CURVE('',#3331,#3333,#4012,.T.);
#2557=EDGE_CURVE('',#3333,#3334,#4013,.T.);
#2558=EDGE_CURVE('',#3332,#3334,#4014,.T.);
#2559=EDGE_CURVE('',#3335,#3336,#4015,.T.);
#2560=EDGE_CURVE('',#3336,#3337,#4016,.T.);
#2561=EDGE_CURVE('',#3338,#3337,#4017,.T.);
#2562=EDGE_CURVE('',#3335,#3338,#4018,.T.);
#2563=EDGE_CURVE('',#3339,#3340,#4019,.T.);
#2564=EDGE_CURVE('',#3341,#3339,#4020,.T.);
#2565=EDGE_CURVE('',#3341,#3342,#4021,.T.);
#2566=EDGE_CURVE('',#3342,#3340,#4022,.T.);
#2567=EDGE_CURVE('',#3343,#3344,#4023,.T.);
#2568=EDGE_CURVE('',#3343,#3345,#4024,.T.);
#2569=EDGE_CURVE('',#3345,#3346,#4025,.T.);
#2570=EDGE_CURVE('',#3344,#3346,#4026,.T.);
#2571=EDGE_CURVE('',#3347,#3348,#4027,.T.);
#2572=EDGE_CURVE('',#3348,#3349,#4028,.T.);
#2573=EDGE_CURVE('',#3350,#3349,#4029,.T.);
#2574=EDGE_CURVE('',#3350,#3347,#4030,.T.);
#2575=EDGE_CURVE('',#3351,#3352,#4031,.T.);
#2576=EDGE_CURVE('',#3352,#3353,#4032,.T.);
#2577=EDGE_CURVE('',#3354,#3353,#4033,.T.);
#2578=EDGE_CURVE('',#3354,#3351,#4034,.T.);
#2579=EDGE_CURVE('',#3355,#3356,#4035,.T.);
#2580=EDGE_CURVE('',#3356,#3348,#4036,.T.);
#2581=EDGE_CURVE('',#3347,#3355,#4037,.T.);
#2582=EDGE_CURVE('',#3357,#3358,#4038,.T.);
#2583=EDGE_CURVE('',#3358,#3352,#4039,.T.);
#2584=EDGE_CURVE('',#3351,#3357,#4040,.T.);
#2585=EDGE_CURVE('',#3359,#3360,#4041,.T.);
#2586=EDGE_CURVE('',#3361,#3359,#4042,.T.);
#2587=EDGE_CURVE('',#3362,#3361,#4043,.T.);
#2588=EDGE_CURVE('',#3363,#3362,#4044,.T.);
#2589=EDGE_CURVE('',#3364,#3363,#4045,.T.);
#2590=EDGE_CURVE('',#3365,#3364,#4046,.T.);
#2591=EDGE_CURVE('',#3366,#3365,#4047,.T.);
#2592=EDGE_CURVE('',#3367,#3366,#4048,.T.);
#2593=EDGE_CURVE('',#3368,#3367,#4049,.T.);
#2594=EDGE_CURVE('',#3369,#3368,#4050,.T.);
#2595=EDGE_CURVE('',#3370,#3369,#4051,.T.);
#2596=EDGE_CURVE('',#3371,#3370,#4052,.T.);
#2597=EDGE_CURVE('',#3372,#3371,#4053,.T.);
#2598=EDGE_CURVE('',#3360,#3372,#4054,.T.);
#2599=EDGE_CURVE('',#3320,#3337,#4055,.T.);
#2600=EDGE_CURVE('',#3338,#3322,#4056,.T.);
#2601=EDGE_CURVE('',#3373,#3374,#4057,.T.);
#2602=EDGE_CURVE('',#3375,#3373,#4058,.T.);
#2603=EDGE_CURVE('',#3375,#3376,#4059,.T.);
#2604=EDGE_CURVE('',#3376,#3374,#4060,.T.);
#2605=EDGE_CURVE('',#3377,#3373,#4061,.T.);
#2606=EDGE_CURVE('',#3378,#3377,#4062,.T.);
#2607=EDGE_CURVE('',#3378,#3375,#4063,.T.);
#2608=EDGE_CURVE('',#3379,#3377,#4064,.T.);
#2609=EDGE_CURVE('',#3380,#3379,#4065,.T.);
#2610=EDGE_CURVE('',#3380,#3378,#4066,.T.);
#2611=EDGE_CURVE('',#3381,#3382,#4067,.T.);
#2612=EDGE_CURVE('',#3383,#3381,#4068,.T.);
#2613=EDGE_CURVE('',#3383,#3384,#4069,.T.);
#2614=EDGE_CURVE('',#3384,#3382,#4070,.T.);
#2615=EDGE_CURVE('',#3385,#3381,#4071,.T.);
#2616=EDGE_CURVE('',#3386,#3385,#4072,.T.);
#2617=EDGE_CURVE('',#3386,#3383,#4073,.T.);
#2618=EDGE_CURVE('',#3387,#3385,#4074,.T.);
#2619=EDGE_CURVE('',#3388,#3387,#4075,.T.);
#2620=EDGE_CURVE('',#3388,#3386,#4076,.T.);
#2621=EDGE_CURVE('',#3374,#3379,#4077,.T.);
#2622=EDGE_CURVE('',#3376,#3380,#4078,.T.);
#2623=EDGE_CURVE('',#3382,#3387,#4079,.T.);
#2624=EDGE_CURVE('',#3384,#3388,#4080,.T.);
#2625=EDGE_CURVE('',#3319,#3336,#4081,.T.);
#2626=EDGE_CURVE('',#3321,#3335,#4082,.T.);
#2627=EDGE_CURVE('',#3356,#3389,#4083,.T.);
#2628=EDGE_CURVE('',#3390,#3355,#4084,.T.);
#2629=EDGE_CURVE('',#3389,#3390,#4085,.T.);
#2630=EDGE_CURVE('',#3358,#3391,#4086,.T.);
#2631=EDGE_CURVE('',#3392,#3357,#4087,.T.);
#2632=EDGE_CURVE('',#3391,#3392,#4088,.T.);
#2633=EDGE_CURVE('',#3393,#3394,#4089,.T.);
#2634=EDGE_CURVE('',#3394,#3395,#185,.T.);
#2635=EDGE_CURVE('',#3395,#3396,#4090,.T.);
#2636=EDGE_CURVE('',#3396,#3393,#4091,.T.);
#2637=EDGE_CURVE('',#3397,#3398,#4092,.T.);
#2638=EDGE_CURVE('',#3398,#3399,#186,.T.);
#2639=EDGE_CURVE('',#3399,#3400,#4093,.T.);
#2640=EDGE_CURVE('',#3400,#3397,#4094,.T.);
#2641=EDGE_CURVE('',#3401,#3402,#4095,.T.);
#2642=EDGE_CURVE('',#3402,#3403,#187,.T.);
#2643=EDGE_CURVE('',#3403,#3404,#4096,.T.);
#2644=EDGE_CURVE('',#3404,#3401,#4097,.T.);
#2645=EDGE_CURVE('',#3389,#3349,#4098,.T.);
#2646=EDGE_CURVE('',#3390,#3350,#4099,.T.);
#2647=EDGE_CURVE('',#3391,#3353,#4100,.T.);
#2648=EDGE_CURVE('',#3392,#3354,#4101,.T.);
#2649=EDGE_CURVE('',#3405,#3406,#4102,.T.);
#2650=EDGE_CURVE('',#3402,#3406,#4103,.T.);
#2651=EDGE_CURVE('',#3401,#3405,#4104,.T.);
#2652=EDGE_CURVE('',#3407,#3405,#4105,.T.);
#2653=EDGE_CURVE('',#3404,#3407,#4106,.T.);
#2654=EDGE_CURVE('',#3408,#3407,#4107,.T.);
#2655=EDGE_CURVE('',#3403,#3408,#4108,.T.);
#2656=EDGE_CURVE('',#3409,#3410,#4109,.T.);
#2657=EDGE_CURVE('',#3398,#3410,#4110,.T.);
#2658=EDGE_CURVE('',#3397,#3409,#4111,.T.);
#2659=EDGE_CURVE('',#3411,#3409,#4112,.T.);
#2660=EDGE_CURVE('',#3400,#3411,#4113,.T.);
#2661=EDGE_CURVE('',#3412,#3411,#4114,.T.);
#2662=EDGE_CURVE('',#3399,#3412,#4115,.T.);
#2663=EDGE_CURVE('',#3413,#3414,#4116,.T.);
#2664=EDGE_CURVE('',#3394,#3414,#4117,.T.);
#2665=EDGE_CURVE('',#3393,#3413,#4118,.T.);
#2666=EDGE_CURVE('',#3415,#3413,#4119,.T.);
#2667=EDGE_CURVE('',#3396,#3415,#4120,.T.);
#2668=EDGE_CURVE('',#3416,#3415,#4121,.T.);
#2669=EDGE_CURVE('',#3395,#3416,#4122,.T.);
#2670=EDGE_CURVE('',#3406,#3408,#188,.T.);
#2671=EDGE_CURVE('',#3410,#3412,#189,.T.);
#2672=EDGE_CURVE('',#3414,#3416,#190,.T.);
#2673=EDGE_CURVE('',#3417,#3359,#4123,.T.);
#2674=EDGE_CURVE('',#3418,#3417,#4124,.T.);
#2675=EDGE_CURVE('',#3418,#3361,#4125,.T.);
#2676=EDGE_CURVE('',#3419,#3360,#4126,.T.);
#2677=EDGE_CURVE('',#3417,#3419,#4127,.T.);
#2678=EDGE_CURVE('',#3420,#3372,#4128,.T.);
#2679=EDGE_CURVE('',#3419,#3420,#4129,.T.);
#2680=EDGE_CURVE('',#3421,#3371,#4130,.T.);
#2681=EDGE_CURVE('',#3420,#3421,#4131,.T.);
#2682=EDGE_CURVE('',#3422,#3370,#4132,.T.);
#2683=EDGE_CURVE('',#3421,#3422,#4133,.T.);
#2684=EDGE_CURVE('',#3423,#3369,#4134,.T.);
#2685=EDGE_CURVE('',#3422,#3423,#4135,.T.);
#2686=EDGE_CURVE('',#3424,#3368,#4136,.T.);
#2687=EDGE_CURVE('',#3423,#3424,#4137,.T.);
#2688=EDGE_CURVE('',#3425,#3367,#4138,.T.);
#2689=EDGE_CURVE('',#3424,#3425,#4139,.T.);
#2690=EDGE_CURVE('',#3426,#3366,#4140,.T.);
#2691=EDGE_CURVE('',#3425,#3426,#4141,.T.);
#2692=EDGE_CURVE('',#3427,#3365,#4142,.T.);
#2693=EDGE_CURVE('',#3426,#3427,#4143,.T.);
#2694=EDGE_CURVE('',#3428,#3364,#4144,.T.);
#2695=EDGE_CURVE('',#3427,#3428,#4145,.T.);
#2696=EDGE_CURVE('',#3429,#3363,#4146,.T.);
#2697=EDGE_CURVE('',#3428,#3429,#4147,.T.);
#2698=EDGE_CURVE('',#3430,#3362,#4148,.T.);
#2699=EDGE_CURVE('',#3429,#3430,#4149,.T.);
#2700=EDGE_CURVE('',#3431,#3432,#4150,.T.);
#2701=EDGE_CURVE('',#3433,#3431,#4151,.T.);
#2702=EDGE_CURVE('',#3433,#3434,#4152,.T.);
#2703=EDGE_CURVE('',#3434,#3432,#4153,.T.);
#2704=EDGE_CURVE('',#3435,#3431,#4154,.T.);
#2705=EDGE_CURVE('',#3436,#3435,#4155,.T.);
#2706=EDGE_CURVE('',#3436,#3433,#4156,.T.);
#2707=EDGE_CURVE('',#3437,#3435,#4157,.T.);
#2708=EDGE_CURVE('',#3438,#3437,#4158,.T.);
#2709=EDGE_CURVE('',#3438,#3436,#4159,.T.);
#2710=EDGE_CURVE('',#3432,#3437,#4160,.T.);
#2711=EDGE_CURVE('',#3434,#3438,#4161,.T.);
#2712=EDGE_CURVE('',#3430,#3418,#4162,.T.);
#2713=EDGE_CURVE('',#3439,#3440,#4163,.T.);
#2714=EDGE_CURVE('',#3441,#3440,#4164,.T.);
#2715=EDGE_CURVE('',#3442,#3441,#4165,.T.);
#2716=EDGE_CURVE('',#3442,#3439,#4166,.T.);
#2717=EDGE_CURVE('',#3440,#3333,#4167,.T.);
#2718=EDGE_CURVE('',#3441,#3331,#4168,.T.);
#2719=EDGE_CURVE('',#3334,#3439,#4169,.T.);
#2720=EDGE_CURVE('',#3332,#3442,#4170,.T.);
#2721=EDGE_CURVE('',#3326,#3443,#4171,.T.);
#2722=EDGE_CURVE('',#3444,#3443,#4172,.T.);
#2723=EDGE_CURVE('',#3324,#3444,#4173,.T.);
#2724=EDGE_CURVE('',#3443,#3445,#4174,.T.);
#2725=EDGE_CURVE('',#3446,#3445,#4175,.T.);
#2726=EDGE_CURVE('',#3444,#3446,#4176,.T.);
#2727=EDGE_CURVE('',#3445,#3325,#4177,.T.);
#2728=EDGE_CURVE('',#3446,#3323,#4178,.T.);
#2729=EDGE_CURVE('',#3340,#3447,#4179,.T.);
#2730=EDGE_CURVE('',#3448,#3447,#4180,.T.);
#2731=EDGE_CURVE('',#3339,#3448,#4181,.T.);
#2732=EDGE_CURVE('',#3447,#3449,#4182,.T.);
#2733=EDGE_CURVE('',#3450,#3449,#4183,.T.);
#2734=EDGE_CURVE('',#3448,#3450,#4184,.T.);
#2735=EDGE_CURVE('',#3449,#3342,#4185,.T.);
#2736=EDGE_CURVE('',#3450,#3341,#4186,.T.);
#2737=EDGE_CURVE('',#3451,#3317,#4187,.T.);
#2738=EDGE_CURVE('',#3452,#3315,#4188,.T.);
#2739=EDGE_CURVE('',#3452,#3451,#4189,.T.);
#2740=EDGE_CURVE('',#3318,#3453,#4190,.T.);
#2741=EDGE_CURVE('',#3454,#3453,#4191,.T.);
#2742=EDGE_CURVE('',#3316,#3454,#4192,.T.);
#2743=EDGE_CURVE('',#3453,#3451,#4193,.T.);
#2744=EDGE_CURVE('',#3454,#3452,#4194,.T.);
#2745=EDGE_CURVE('',#3455,#3456,#4195,.T.);
#2746=EDGE_CURVE('',#3457,#3456,#4196,.T.);
#2747=EDGE_CURVE('',#3458,#3457,#4197,.T.);
#2748=EDGE_CURVE('',#3458,#3455,#4198,.T.);
#2749=EDGE_CURVE('',#3456,#3345,#4199,.T.);
#2750=EDGE_CURVE('',#3457,#3343,#4200,.T.);
#2751=EDGE_CURVE('',#3346,#3455,#4201,.T.);
#2752=EDGE_CURVE('',#3344,#3458,#4202,.T.);
#2753=EDGE_CURVE('',#3330,#3459,#4203,.T.);
#2754=EDGE_CURVE('',#3460,#3459,#4204,.T.);
#2755=EDGE_CURVE('',#3328,#3460,#4205,.T.);
#2756=EDGE_CURVE('',#3459,#3461,#4206,.T.);
#2757=EDGE_CURVE('',#3462,#3461,#4207,.T.);
#2758=EDGE_CURVE('',#3460,#3462,#4208,.T.);
#2759=EDGE_CURVE('',#3461,#3329,#4209,.T.);
#2760=EDGE_CURVE('',#3462,#3327,#4210,.T.);
#2761=EDGE_CURVE('',#3463,#3464,#4211,.T.);
#2762=EDGE_CURVE('',#3465,#3463,#4212,.T.);
#2763=EDGE_CURVE('',#3466,#3465,#4213,.T.);
#2764=EDGE_CURVE('',#3466,#3467,#4214,.T.);
#2765=EDGE_CURVE('',#3467,#3468,#4215,.T.);
#2766=EDGE_CURVE('',#3468,#3469,#4216,.T.);
#2767=EDGE_CURVE('',#3470,#3469,#4217,.T.);
#2768=EDGE_CURVE('',#3471,#3470,#4218,.T.);
#2769=EDGE_CURVE('',#3472,#3471,#4219,.T.);
#2770=EDGE_CURVE('',#3472,#3473,#4220,.T.);
#2771=EDGE_CURVE('',#3474,#3473,#4221,.T.);
#2772=EDGE_CURVE('',#3475,#3474,#4222,.T.);
#2773=EDGE_CURVE('',#3476,#3475,#4223,.T.);
#2774=EDGE_CURVE('',#3476,#3477,#4224,.T.);
#2775=EDGE_CURVE('',#3478,#3477,#4225,.T.);
#2776=EDGE_CURVE('',#3478,#3464,#4226,.T.);
#2777=EDGE_CURVE('',#3479,#3480,#4227,.T.);
#2778=EDGE_CURVE('',#3481,#3479,#4228,.T.);
#2779=EDGE_CURVE('',#3482,#3481,#4229,.T.);
#2780=EDGE_CURVE('',#3482,#3483,#4230,.T.);
#2781=EDGE_CURVE('',#3483,#3484,#4231,.T.);
#2782=EDGE_CURVE('',#3484,#3485,#4232,.T.);
#2783=EDGE_CURVE('',#3486,#3485,#4233,.T.);
#2784=EDGE_CURVE('',#3486,#3487,#4234,.T.);
#2785=EDGE_CURVE('',#3487,#3488,#4235,.T.);
#2786=EDGE_CURVE('',#3488,#3489,#4236,.T.);
#2787=EDGE_CURVE('',#3490,#3489,#4237,.T.);
#2788=EDGE_CURVE('',#3490,#3491,#4238,.T.);
#2789=EDGE_CURVE('',#3491,#3492,#4239,.T.);
#2790=EDGE_CURVE('',#3493,#3492,#4240,.T.);
#2791=EDGE_CURVE('',#3494,#3493,#4241,.T.);
#2792=EDGE_CURVE('',#3480,#3494,#4242,.T.);
#2793=EDGE_CURVE('',#3495,#3496,#4243,.T.);
#2794=EDGE_CURVE('',#3497,#3495,#4244,.T.);
#2795=EDGE_CURVE('',#3498,#3497,#4245,.T.);
#2796=EDGE_CURVE('',#3498,#3496,#4246,.T.);
#2797=EDGE_CURVE('',#3499,#3500,#4247,.T.);
#2798=EDGE_CURVE('',#3499,#3501,#4248,.T.);
#2799=EDGE_CURVE('',#3501,#3502,#4249,.T.);
#2800=EDGE_CURVE('',#3500,#3502,#4250,.T.);
#2801=EDGE_CURVE('',#3503,#3495,#4251,.T.);
#2802=EDGE_CURVE('',#3504,#3503,#4252,.T.);
#2803=EDGE_CURVE('',#3497,#3504,#4253,.T.);
#2804=EDGE_CURVE('',#3500,#3505,#4254,.T.);
#2805=EDGE_CURVE('',#3502,#3506,#4255,.T.);
#2806=EDGE_CURVE('',#3505,#3506,#4256,.T.);
#2807=EDGE_CURVE('',#3507,#3503,#4257,.T.);
#2808=EDGE_CURVE('',#3508,#3507,#4258,.T.);
#2809=EDGE_CURVE('',#3504,#3508,#4259,.T.);
#2810=EDGE_CURVE('',#3505,#3509,#4260,.T.);
#2811=EDGE_CURVE('',#3506,#3510,#4261,.T.);
#2812=EDGE_CURVE('',#3509,#3510,#4262,.T.);
#2813=EDGE_CURVE('',#3511,#3507,#4263,.T.);
#2814=EDGE_CURVE('',#3512,#3511,#4264,.T.);
#2815=EDGE_CURVE('',#3508,#3512,#4265,.T.);
#2816=EDGE_CURVE('',#3509,#3513,#4266,.T.);
#2817=EDGE_CURVE('',#3510,#3514,#4267,.T.);
#2818=EDGE_CURVE('',#3513,#3514,#4268,.T.);
#2819=EDGE_CURVE('',#3511,#3515,#191,.T.);
#2820=EDGE_CURVE('',#3516,#3515,#4269,.T.);
#2821=EDGE_CURVE('',#3516,#3512,#192,.T.);
#2822=EDGE_CURVE('',#3517,#3518,#4270,.T.);
#2823=EDGE_CURVE('',#3517,#3513,#193,.T.);
#2824=EDGE_CURVE('',#3518,#3514,#194,.T.);
#2825=EDGE_CURVE('',#3519,#3515,#4271,.T.);
#2826=EDGE_CURVE('',#3520,#3519,#4272,.T.);
#2827=EDGE_CURVE('',#3516,#3520,#4273,.T.);
#2828=EDGE_CURVE('',#3517,#3521,#4274,.T.);
#2829=EDGE_CURVE('',#3518,#3522,#4275,.T.);
#2830=EDGE_CURVE('',#3521,#3522,#4276,.T.);
#2831=EDGE_CURVE('',#3523,#3519,#4277,.T.);
#2832=EDGE_CURVE('',#3524,#3523,#4278,.T.);
#2833=EDGE_CURVE('',#3521,#3524,#4279,.T.);
#2834=EDGE_CURVE('',#3522,#3525,#4280,.T.);
#2835=EDGE_CURVE('',#3526,#3525,#4281,.T.);
#2836=EDGE_CURVE('',#3520,#3526,#4282,.T.);
#2837=EDGE_CURVE('',#3527,#3528,#4283,.T.);
#2838=EDGE_CURVE('',#3529,#3527,#4284,.T.);
#2839=EDGE_CURVE('',#3530,#3529,#4285,.T.);
#2840=EDGE_CURVE('',#3530,#3531,#4286,.T.);
#2841=EDGE_CURVE('',#3531,#3532,#4287,.T.);
#2842=EDGE_CURVE('',#3533,#3532,#4288,.T.);
#2843=EDGE_CURVE('',#3534,#3533,#4289,.T.);
#2844=EDGE_CURVE('',#3528,#3534,#4290,.T.);
#2845=EDGE_CURVE('',#3535,#3527,#4291,.T.);
#2846=EDGE_CURVE('',#3536,#3535,#4292,.T.);
#2847=EDGE_CURVE('',#3529,#3536,#4293,.T.);
#2848=EDGE_CURVE('',#3533,#3537,#4294,.T.);
#2849=EDGE_CURVE('',#3532,#3538,#4295,.T.);
#2850=EDGE_CURVE('',#3537,#3538,#4296,.T.);
#2851=EDGE_CURVE('',#3535,#3539,#195,.T.);
#2852=EDGE_CURVE('',#3540,#3539,#4297,.T.);
#2853=EDGE_CURVE('',#3540,#3536,#196,.T.);
#2854=EDGE_CURVE('',#3541,#3542,#4298,.T.);
#2855=EDGE_CURVE('',#3541,#3537,#197,.T.);
#2856=EDGE_CURVE('',#3542,#3538,#198,.T.);
#2857=EDGE_CURVE('',#3543,#3539,#4299,.T.);
#2858=EDGE_CURVE('',#3544,#3543,#4300,.T.);
#2859=EDGE_CURVE('',#3540,#3544,#4301,.T.);
#2860=EDGE_CURVE('',#3541,#3545,#4302,.T.);
#2861=EDGE_CURVE('',#3542,#3546,#4303,.T.);
#2862=EDGE_CURVE('',#3545,#3546,#4304,.T.);
#2863=EDGE_CURVE('',#3547,#3543,#4305,.T.);
#2864=EDGE_CURVE('',#3548,#3547,#4306,.T.);
#2865=EDGE_CURVE('',#3544,#3548,#4307,.T.);
#2866=EDGE_CURVE('',#3545,#3549,#4308,.T.);
#2867=EDGE_CURVE('',#3546,#3550,#4309,.T.);
#2868=EDGE_CURVE('',#3549,#3550,#4310,.T.);
#2869=EDGE_CURVE('',#3551,#3547,#4311,.T.);
#2870=EDGE_CURVE('',#3552,#3551,#4312,.T.);
#2871=EDGE_CURVE('',#3548,#3552,#4313,.T.);
#2872=EDGE_CURVE('',#3549,#3553,#4314,.T.);
#2873=EDGE_CURVE('',#3550,#3554,#4315,.T.);
#2874=EDGE_CURVE('',#3553,#3554,#4316,.T.);
#2875=EDGE_CURVE('',#3555,#3551,#4317,.T.);
#2876=EDGE_CURVE('',#3556,#3555,#4318,.T.);
#2877=EDGE_CURVE('',#3552,#3556,#4319,.T.);
#2878=EDGE_CURVE('',#3553,#3557,#4320,.T.);
#2879=EDGE_CURVE('',#3554,#3558,#4321,.T.);
#2880=EDGE_CURVE('',#3557,#3558,#4322,.T.);
#2881=EDGE_CURVE('',#3559,#3555,#4323,.T.);
#2882=EDGE_CURVE('',#3560,#3559,#4324,.T.);
#2883=EDGE_CURVE('',#3556,#3560,#4325,.T.);
#2884=EDGE_CURVE('',#3557,#3561,#4326,.T.);
#2885=EDGE_CURVE('',#3558,#3562,#4327,.T.);
#2886=EDGE_CURVE('',#3561,#3562,#4328,.T.);
#2887=EDGE_CURVE('',#3563,#3559,#199,.T.);
#2888=EDGE_CURVE('',#3564,#3563,#4329,.T.);
#2889=EDGE_CURVE('',#3560,#3564,#200,.T.);
#2890=EDGE_CURVE('',#3561,#3565,#201,.T.);
#2891=EDGE_CURVE('',#3562,#3566,#202,.T.);
#2892=EDGE_CURVE('',#3565,#3566,#4330,.T.);
#2893=EDGE_CURVE('',#3464,#3563,#4331,.T.);
#2894=EDGE_CURVE('',#3564,#3478,#4332,.T.);
#2895=EDGE_CURVE('',#3565,#3466,#4333,.T.);
#2896=EDGE_CURVE('',#3566,#3467,#4334,.T.);
#2897=EDGE_CURVE('',#3567,#3479,#4335,.T.);
#2898=EDGE_CURVE('',#3568,#3567,#4336,.T.);
#2899=EDGE_CURVE('',#3481,#3568,#4337,.T.);
#2900=EDGE_CURVE('',#3493,#3569,#4338,.T.);
#2901=EDGE_CURVE('',#3492,#3570,#4339,.T.);
#2902=EDGE_CURVE('',#3569,#3570,#4340,.T.);
#2903=EDGE_CURVE('',#3571,#3567,#203,.T.);
#2904=EDGE_CURVE('',#3572,#3571,#4341,.T.);
#2905=EDGE_CURVE('',#3568,#3572,#204,.T.);
#2906=EDGE_CURVE('',#3569,#3573,#205,.T.);
#2907=EDGE_CURVE('',#3570,#3574,#206,.T.);
#2908=EDGE_CURVE('',#3573,#3574,#4342,.T.);
#2909=EDGE_CURVE('',#3496,#3571,#4343,.T.);
#2910=EDGE_CURVE('',#3572,#3498,#4344,.T.);
#2911=EDGE_CURVE('',#3573,#3499,#4345,.T.);
#2912=EDGE_CURVE('',#3574,#3501,#4346,.T.);
#2913=EDGE_CURVE('',#3575,#3576,#4347,.T.);
#2914=EDGE_CURVE('',#3575,#3475,#207,.T.);
#2915=EDGE_CURVE('',#3474,#3576,#208,.T.);
#2916=EDGE_CURVE('',#3577,#3578,#4348,.T.);
#2917=EDGE_CURVE('',#3577,#3471,#209,.T.);
#2918=EDGE_CURVE('',#3470,#3578,#210,.T.);
#2919=EDGE_CURVE('',#3575,#3579,#4349,.T.);
#2920=EDGE_CURVE('',#3580,#3576,#4350,.T.);
#2921=EDGE_CURVE('',#3579,#3580,#4351,.T.);
#2922=EDGE_CURVE('',#3577,#3581,#4352,.T.);
#2923=EDGE_CURVE('',#3582,#3578,#4353,.T.);
#2924=EDGE_CURVE('',#3581,#3582,#4354,.T.);
#2925=EDGE_CURVE('',#3579,#3583,#4355,.T.);
#2926=EDGE_CURVE('',#3580,#3584,#4356,.T.);
#2927=EDGE_CURVE('',#3583,#3584,#4357,.T.);
#2928=EDGE_CURVE('',#3581,#3585,#4358,.T.);
#2929=EDGE_CURVE('',#3582,#3586,#4359,.T.);
#2930=EDGE_CURVE('',#3585,#3586,#4360,.T.);
#2931=EDGE_CURVE('',#3583,#3587,#4361,.T.);
#2932=EDGE_CURVE('',#3588,#3584,#4362,.T.);
#2933=EDGE_CURVE('',#3587,#3588,#4363,.T.);
#2934=EDGE_CURVE('',#3585,#3589,#4364,.T.);
#2935=EDGE_CURVE('',#3590,#3586,#4365,.T.);
#2936=EDGE_CURVE('',#3589,#3590,#4366,.T.);
#2937=EDGE_CURVE('',#3587,#3591,#211,.T.);
#2938=EDGE_CURVE('',#3592,#3588,#212,.T.);
#2939=EDGE_CURVE('',#3591,#3592,#4367,.T.);
#2940=EDGE_CURVE('',#3589,#3593,#213,.T.);
#2941=EDGE_CURVE('',#3594,#3590,#214,.T.);
#2942=EDGE_CURVE('',#3593,#3594,#4368,.T.);
#2943=EDGE_CURVE('',#3591,#3595,#4369,.T.);
#2944=EDGE_CURVE('',#3596,#3592,#4370,.T.);
#2945=EDGE_CURVE('',#3596,#3597,#4371,.T.);
#2946=EDGE_CURVE('',#3593,#3597,#4372,.T.);
#2947=EDGE_CURVE('',#3598,#3594,#4373,.T.);
#2948=EDGE_CURVE('',#3598,#3599,#4374,.T.);
#2949=EDGE_CURVE('',#3599,#3600,#4375,.T.);
#2950=EDGE_CURVE('',#3601,#3600,#4376,.T.);
#2951=EDGE_CURVE('',#3602,#3601,#4377,.T.);
#2952=EDGE_CURVE('',#3602,#3595,#4378,.T.);
#2953=EDGE_CURVE('',#3603,#3604,#4379,.T.);
#2954=EDGE_CURVE('',#3605,#3603,#4380,.T.);
#2955=EDGE_CURVE('',#3606,#3605,#4381,.T.);
#2956=EDGE_CURVE('',#3606,#3607,#4382,.T.);
#2957=EDGE_CURVE('',#3608,#3607,#4383,.T.);
#2958=EDGE_CURVE('',#3609,#3608,#4384,.T.);
#2959=EDGE_CURVE('',#3610,#3609,#4385,.T.);
#2960=EDGE_CURVE('',#3610,#3611,#4386,.T.);
#2961=EDGE_CURVE('',#3612,#3611,#4387,.T.);
#2962=EDGE_CURVE('',#3612,#3613,#4388,.T.);
#2963=EDGE_CURVE('',#3613,#3614,#4389,.T.);
#2964=EDGE_CURVE('',#3614,#3604,#4390,.T.);
#2965=EDGE_CURVE('',#3615,#3616,#4391,.T.);
#2966=EDGE_CURVE('',#3615,#3609,#215,.T.);
#2967=EDGE_CURVE('',#3608,#3616,#216,.T.);
#2968=EDGE_CURVE('',#3617,#3618,#4392,.T.);
#2969=EDGE_CURVE('',#3617,#3605,#217,.T.);
#2970=EDGE_CURVE('',#3603,#3618,#218,.T.);
#2971=EDGE_CURVE('',#3615,#3619,#4393,.T.);
#2972=EDGE_CURVE('',#3620,#3616,#4394,.T.);
#2973=EDGE_CURVE('',#3619,#3620,#4395,.T.);
#2974=EDGE_CURVE('',#3617,#3621,#4396,.T.);
#2975=EDGE_CURVE('',#3622,#3618,#4397,.T.);
#2976=EDGE_CURVE('',#3621,#3622,#4398,.T.);
#2977=EDGE_CURVE('',#3619,#3623,#4399,.T.);
#2978=EDGE_CURVE('',#3620,#3624,#4400,.T.);
#2979=EDGE_CURVE('',#3623,#3624,#4401,.T.);
#2980=EDGE_CURVE('',#3621,#3625,#4402,.T.);
#2981=EDGE_CURVE('',#3622,#3626,#4403,.T.);
#2982=EDGE_CURVE('',#3625,#3626,#4404,.T.);
#2983=EDGE_CURVE('',#3623,#3627,#4405,.T.);
#2984=EDGE_CURVE('',#3628,#3624,#4406,.T.);
#2985=EDGE_CURVE('',#3627,#3628,#4407,.T.);
#2986=EDGE_CURVE('',#3625,#3629,#4408,.T.);
#2987=EDGE_CURVE('',#3630,#3626,#4409,.T.);
#2988=EDGE_CURVE('',#3629,#3630,#4410,.T.);
#2989=EDGE_CURVE('',#3627,#3484,#219,.T.);
#2990=EDGE_CURVE('',#3485,#3628,#220,.T.);
#2991=EDGE_CURVE('',#3629,#3488,#221,.T.);
#2992=EDGE_CURVE('',#3489,#3630,#222,.T.);
#2993=EDGE_CURVE('',#3525,#3531,#4411,.T.);
#2994=EDGE_CURVE('',#3526,#3530,#4412,.T.);
#2995=EDGE_CURVE('',#3600,#3613,#4413,.T.);
#2996=EDGE_CURVE('',#3601,#3612,#4414,.T.);
#2997=EDGE_CURVE('',#3602,#3477,#4415,.T.);
#2998=EDGE_CURVE('',#3482,#3611,#4416,.T.);
#2999=EDGE_CURVE('',#3491,#3614,#4417,.T.);
#3000=EDGE_CURVE('',#3599,#3468,#4418,.T.);
#3001=EDGE_CURVE('',#3469,#3598,#4419,.T.);
#3002=EDGE_CURVE('',#3604,#3490,#4420,.T.);
#3003=EDGE_CURVE('',#3595,#3476,#4421,.T.);
#3004=EDGE_CURVE('',#3483,#3610,#4422,.T.);
#3005=EDGE_CURVE('',#3487,#3606,#4423,.T.);
#3006=EDGE_CURVE('',#3607,#3486,#4424,.T.);
#3007=EDGE_CURVE('',#3473,#3596,#4425,.T.);
#3008=EDGE_CURVE('',#3597,#3472,#4426,.T.);
#3009=EDGE_CURVE('',#3494,#3524,#4427,.T.);
#3010=EDGE_CURVE('',#3480,#3523,#4428,.T.);
#3011=EDGE_CURVE('',#3528,#3463,#4429,.T.);
#3012=EDGE_CURVE('',#3534,#3465,#4430,.T.);
#3013=VERTEX_POINT('',#8802);
#3014=VERTEX_POINT('',#8803);
#3015=VERTEX_POINT('',#8805);
#3016=VERTEX_POINT('',#8807);
#3017=VERTEX_POINT('',#8810);
#3018=VERTEX_POINT('',#8811);
#3019=VERTEX_POINT('',#8813);
#3020=VERTEX_POINT('',#8815);
#3021=VERTEX_POINT('',#8817);
#3022=VERTEX_POINT('',#8819);
#3023=VERTEX_POINT('',#8821);
#3024=VERTEX_POINT('',#8823);
#3025=VERTEX_POINT('',#8825);
#3026=VERTEX_POINT('',#8827);
#3027=VERTEX_POINT('',#8829);
#3028=VERTEX_POINT('',#8831);
#3029=VERTEX_POINT('',#8833);
#3030=VERTEX_POINT('',#8835);
#3031=VERTEX_POINT('',#8837);
#3032=VERTEX_POINT('',#8840);
#3033=VERTEX_POINT('',#8842);
#3034=VERTEX_POINT('',#8844);
#3035=VERTEX_POINT('',#8845);
#3036=VERTEX_POINT('',#8847);
#3037=VERTEX_POINT('',#8849);
#3038=VERTEX_POINT('',#8852);
#3039=VERTEX_POINT('',#8853);
#3040=VERTEX_POINT('',#8855);
#3041=VERTEX_POINT('',#8857);
#3042=VERTEX_POINT('',#8861);
#3043=VERTEX_POINT('',#8862);
#3044=VERTEX_POINT('',#8864);
#3045=VERTEX_POINT('',#8866);
#3046=VERTEX_POINT('',#8869);
#3047=VERTEX_POINT('',#8870);
#3048=VERTEX_POINT('',#8872);
#3049=VERTEX_POINT('',#8874);
#3050=VERTEX_POINT('',#8876);
#3051=VERTEX_POINT('',#8878);
#3052=VERTEX_POINT('',#8880);
#3053=VERTEX_POINT('',#8882);
#3054=VERTEX_POINT('',#8884);
#3055=VERTEX_POINT('',#8886);
#3056=VERTEX_POINT('',#8888);
#3057=VERTEX_POINT('',#8890);
#3058=VERTEX_POINT('',#8892);
#3059=VERTEX_POINT('',#8894);
#3060=VERTEX_POINT('',#8896);
#3061=VERTEX_POINT('',#8899);
#3062=VERTEX_POINT('',#8901);
#3063=VERTEX_POINT('',#8903);
#3064=VERTEX_POINT('',#8904);
#3065=VERTEX_POINT('',#8906);
#3066=VERTEX_POINT('',#8908);
#3067=VERTEX_POINT('',#8911);
#3068=VERTEX_POINT('',#8912);
#3069=VERTEX_POINT('',#8914);
#3070=VERTEX_POINT('',#8916);
#3071=VERTEX_POINT('',#8920);
#3072=VERTEX_POINT('',#8921);
#3073=VERTEX_POINT('',#8923);
#3074=VERTEX_POINT('',#8925);
#3075=VERTEX_POINT('',#8928);
#3076=VERTEX_POINT('',#8929);
#3077=VERTEX_POINT('',#8931);
#3078=VERTEX_POINT('',#8933);
#3079=VERTEX_POINT('',#8935);
#3080=VERTEX_POINT('',#8937);
#3081=VERTEX_POINT('',#8939);
#3082=VERTEX_POINT('',#8941);
#3083=VERTEX_POINT('',#8943);
#3084=VERTEX_POINT('',#8945);
#3085=VERTEX_POINT('',#8947);
#3086=VERTEX_POINT('',#8949);
#3087=VERTEX_POINT('',#8951);
#3088=VERTEX_POINT('',#8953);
#3089=VERTEX_POINT('',#8955);
#3090=VERTEX_POINT('',#8958);
#3091=VERTEX_POINT('',#8959);
#3092=VERTEX_POINT('',#8961);
#3093=VERTEX_POINT('',#8963);
#3094=VERTEX_POINT('',#8966);
#3095=VERTEX_POINT('',#8967);
#3096=VERTEX_POINT('',#8969);
#3097=VERTEX_POINT('',#8971);
#3098=VERTEX_POINT('',#8975);
#3099=VERTEX_POINT('',#8976);
#3100=VERTEX_POINT('',#8978);
#3101=VERTEX_POINT('',#8980);
#3102=VERTEX_POINT('',#8983);
#3103=VERTEX_POINT('',#8984);
#3104=VERTEX_POINT('',#8986);
#3105=VERTEX_POINT('',#8988);
#3106=VERTEX_POINT('',#8990);
#3107=VERTEX_POINT('',#8992);
#3108=VERTEX_POINT('',#8994);
#3109=VERTEX_POINT('',#8996);
#3110=VERTEX_POINT('',#8998);
#3111=VERTEX_POINT('',#9000);
#3112=VERTEX_POINT('',#9002);
#3113=VERTEX_POINT('',#9004);
#3114=VERTEX_POINT('',#9006);
#3115=VERTEX_POINT('',#9008);
#3116=VERTEX_POINT('',#9010);
#3117=VERTEX_POINT('',#9013);
#3118=VERTEX_POINT('',#9014);
#3119=VERTEX_POINT('',#9016);
#3120=VERTEX_POINT('',#9018);
#3121=VERTEX_POINT('',#9021);
#3122=VERTEX_POINT('',#9022);
#3123=VERTEX_POINT('',#9024);
#3124=VERTEX_POINT('',#9026);
#3125=VERTEX_POINT('',#9030);
#3126=VERTEX_POINT('',#9031);
#3127=VERTEX_POINT('',#9033);
#3128=VERTEX_POINT('',#9035);
#3129=VERTEX_POINT('',#9037);
#3130=VERTEX_POINT('',#9039);
#3131=VERTEX_POINT('',#9043);
#3132=VERTEX_POINT('',#9045);
#3133=VERTEX_POINT('',#9049);
#3134=VERTEX_POINT('',#9051);
#3135=VERTEX_POINT('',#9055);
#3136=VERTEX_POINT('',#9057);
#3137=VERTEX_POINT('',#9059);
#3138=VERTEX_POINT('',#9061);
#3139=VERTEX_POINT('',#9066);
#3140=VERTEX_POINT('',#9068);
#3141=VERTEX_POINT('',#9073);
#3142=VERTEX_POINT('',#9075);
#3143=VERTEX_POINT('',#9079);
#3144=VERTEX_POINT('',#9080);
#3145=VERTEX_POINT('',#9082);
#3146=VERTEX_POINT('',#9084);
#3147=VERTEX_POINT('',#9088);
#3148=VERTEX_POINT('',#9090);
#3149=VERTEX_POINT('',#9092);
#3150=VERTEX_POINT('',#9094);
#3151=VERTEX_POINT('',#9098);
#3152=VERTEX_POINT('',#9099);
#3153=VERTEX_POINT('',#9101);
#3154=VERTEX_POINT('',#9103);
#3155=VERTEX_POINT('',#9105);
#3156=VERTEX_POINT('',#9107);
#3157=VERTEX_POINT('',#9115);
#3158=VERTEX_POINT('',#9117);
#3159=VERTEX_POINT('',#9122);
#3160=VERTEX_POINT('',#9124);
#3161=VERTEX_POINT('',#9128);
#3162=VERTEX_POINT('',#9129);
#3163=VERTEX_POINT('',#9131);
#3164=VERTEX_POINT('',#9133);
#3165=VERTEX_POINT('',#9137);
#3166=VERTEX_POINT('',#9139);
#3167=VERTEX_POINT('',#9144);
#3168=VERTEX_POINT('',#9147);
#3169=VERTEX_POINT('',#9151);
#3170=VERTEX_POINT('',#9152);
#3171=VERTEX_POINT('',#9154);
#3172=VERTEX_POINT('',#9156);
#3173=VERTEX_POINT('',#9160);
#3174=VERTEX_POINT('',#9161);
#3175=VERTEX_POINT('',#9163);
#3176=VERTEX_POINT('',#9165);
#3177=VERTEX_POINT('',#9169);
#3178=VERTEX_POINT('',#9170);
#3179=VERTEX_POINT('',#9172);
#3180=VERTEX_POINT('',#9174);
#3181=VERTEX_POINT('',#9178);
#3182=VERTEX_POINT('',#9179);
#3183=VERTEX_POINT('',#9181);
#3184=VERTEX_POINT('',#9183);
#3185=VERTEX_POINT('',#9187);
#3186=VERTEX_POINT('',#9188);
#3187=VERTEX_POINT('',#9190);
#3188=VERTEX_POINT('',#9192);
#3189=VERTEX_POINT('',#9197);
#3190=VERTEX_POINT('',#9199);
#3191=VERTEX_POINT('',#9204);
#3192=VERTEX_POINT('',#9206);
#3193=VERTEX_POINT('',#9223);
#3194=VERTEX_POINT('',#9226);
#3195=VERTEX_POINT('',#9228);
#3196=VERTEX_POINT('',#9231);
#3197=VERTEX_POINT('',#9233);
#3198=VERTEX_POINT('',#9235);
#3199=VERTEX_POINT('',#9238);
#3200=VERTEX_POINT('',#9240);
#3201=VERTEX_POINT('',#9244);
#3202=VERTEX_POINT('',#9246);
#3203=VERTEX_POINT('',#9249);
#3204=VERTEX_POINT('',#9251);
#3205=VERTEX_POINT('',#9253);
#3206=VERTEX_POINT('',#9256);
#3207=VERTEX_POINT('',#9258);
#3208=VERTEX_POINT('',#9261);
#3209=VERTEX_POINT('',#9265);
#3210=VERTEX_POINT('',#9268);
#3211=VERTEX_POINT('',#9270);
#3212=VERTEX_POINT('',#9273);
#3213=VERTEX_POINT('',#9275);
#3214=VERTEX_POINT('',#9277);
#3215=VERTEX_POINT('',#9280);
#3216=VERTEX_POINT('',#9282);
#3217=VERTEX_POINT('',#9286);
#3218=VERTEX_POINT('',#9287);
#3219=VERTEX_POINT('',#9290);
#3220=VERTEX_POINT('',#9293);
#3221=VERTEX_POINT('',#9295);
#3222=VERTEX_POINT('',#9298);
#3223=VERTEX_POINT('',#9300);
#3224=VERTEX_POINT('',#9302);
#3225=VERTEX_POINT('',#9318);
#3226=VERTEX_POINT('',#9319);
#3227=VERTEX_POINT('',#9321);
#3228=VERTEX_POINT('',#9323);
#3229=VERTEX_POINT('',#9327);
#3230=VERTEX_POINT('',#9332);
#3231=VERTEX_POINT('',#9334);
#3232=VERTEX_POINT('',#9339);
#3233=VERTEX_POINT('',#9343);
#3234=VERTEX_POINT('',#9347);
#3235=VERTEX_POINT('',#9348);
#3236=VERTEX_POINT('',#9350);
#3237=VERTEX_POINT('',#9354);
#3238=VERTEX_POINT('',#9355);
#3239=VERTEX_POINT('',#9357);
#3240=VERTEX_POINT('',#9359);
#3241=VERTEX_POINT('',#9370);
#3242=VERTEX_POINT('',#9372);
#3243=VERTEX_POINT('',#9376);
#3244=VERTEX_POINT('',#9381);
#3245=VERTEX_POINT('',#9387);
#3246=VERTEX_POINT('',#9389);
#3247=VERTEX_POINT('',#9391);
#3248=VERTEX_POINT('',#9393);
#3249=VERTEX_POINT('',#9395);
#3250=VERTEX_POINT('',#9397);
#3251=VERTEX_POINT('',#9399);
#3252=VERTEX_POINT('',#9401);
#3253=VERTEX_POINT('',#9405);
#3254=VERTEX_POINT('',#9407);
#3255=VERTEX_POINT('',#9409);
#3256=VERTEX_POINT('',#9411);
#3257=VERTEX_POINT('',#9413);
#3258=VERTEX_POINT('',#9415);
#3259=VERTEX_POINT('',#9417);
#3260=VERTEX_POINT('',#9419);
#3261=VERTEX_POINT('',#9424);
#3262=VERTEX_POINT('',#9425);
#3263=VERTEX_POINT('',#9427);
#3264=VERTEX_POINT('',#9429);
#3265=VERTEX_POINT('',#9432);
#3266=VERTEX_POINT('',#9433);
#3267=VERTEX_POINT('',#9435);
#3268=VERTEX_POINT('',#9437);
#3269=VERTEX_POINT('',#9447);
#3270=VERTEX_POINT('',#9449);
#3271=VERTEX_POINT('',#9453);
#3272=VERTEX_POINT('',#9457);
#3273=VERTEX_POINT('',#9464);
#3274=VERTEX_POINT('',#9466);
#3275=VERTEX_POINT('',#9470);
#3276=VERTEX_POINT('',#9474);
#3277=VERTEX_POINT('',#9481);
#3278=VERTEX_POINT('',#9483);
#3279=VERTEX_POINT('',#9485);
#3280=VERTEX_POINT('',#9487);
#3281=VERTEX_POINT('',#9493);
#3282=VERTEX_POINT('',#9497);
#3283=VERTEX_POINT('',#9499);
#3284=VERTEX_POINT('',#9501);
#3285=VERTEX_POINT('',#9508);
#3286=VERTEX_POINT('',#9510);
#3287=VERTEX_POINT('',#9517);
#3288=VERTEX_POINT('',#9519);
#3289=VERTEX_POINT('',#9523);
#3290=VERTEX_POINT('',#9524);
#3291=VERTEX_POINT('',#9529);
#3292=VERTEX_POINT('',#9537);
#3293=VERTEX_POINT('',#9538);
#3294=VERTEX_POINT('',#9540);
#3295=VERTEX_POINT('',#9545);
#3296=VERTEX_POINT('',#9547);
#3297=VERTEX_POINT('',#9551);
#3298=VERTEX_POINT('',#9552);
#3299=VERTEX_POINT('',#9578);
#3300=VERTEX_POINT('',#9581);
#3301=VERTEX_POINT('',#9583);
#3302=VERTEX_POINT('',#9585);
#3303=VERTEX_POINT('',#9587);
#3304=VERTEX_POINT('',#9589);
#3305=VERTEX_POINT('',#9591);
#3306=VERTEX_POINT('',#9593);
#3307=VERTEX_POINT('',#9595);
#3308=VERTEX_POINT('',#9599);
#3309=VERTEX_POINT('',#9601);
#3310=VERTEX_POINT('',#9603);
#3311=VERTEX_POINT('',#9605);
#3312=VERTEX_POINT('',#9607);
#3313=VERTEX_POINT('',#9609);
#3314=VERTEX_POINT('',#9611);
#3315=VERTEX_POINT('',#9747);
#3316=VERTEX_POINT('',#9748);
#3317=VERTEX_POINT('',#9750);
#3318=VERTEX_POINT('',#9752);
#3319=VERTEX_POINT('',#9755);
#3320=VERTEX_POINT('',#9756);
#3321=VERTEX_POINT('',#9758);
#3322=VERTEX_POINT('',#9760);
#3323=VERTEX_POINT('',#9763);
#3324=VERTEX_POINT('',#9764);
#3325=VERTEX_POINT('',#9766);
#3326=VERTEX_POINT('',#9768);
#3327=VERTEX_POINT('',#9771);
#3328=VERTEX_POINT('',#9772);
#3329=VERTEX_POINT('',#9774);
#3330=VERTEX_POINT('',#9776);
#3331=VERTEX_POINT('',#9780);
#3332=VERTEX_POINT('',#9781);
#3333=VERTEX_POINT('',#9783);
#3334=VERTEX_POINT('',#9785);
#3335=VERTEX_POINT('',#9788);
#3336=VERTEX_POINT('',#9789);
#3337=VERTEX_POINT('',#9791);
#3338=VERTEX_POINT('',#9793);
#3339=VERTEX_POINT('',#9796);
#3340=VERTEX_POINT('',#9797);
#3341=VERTEX_POINT('',#9799);
#3342=VERTEX_POINT('',#9801);
#3343=VERTEX_POINT('',#9804);
#3344=VERTEX_POINT('',#9805);
#3345=VERTEX_POINT('',#9807);
#3346=VERTEX_POINT('',#9809);
#3347=VERTEX_POINT('',#9813);
#3348=VERTEX_POINT('',#9814);
#3349=VERTEX_POINT('',#9816);
#3350=VERTEX_POINT('',#9818);
#3351=VERTEX_POINT('',#9822);
#3352=VERTEX_POINT('',#9823);
#3353=VERTEX_POINT('',#9825);
#3354=VERTEX_POINT('',#9827);
#3355=VERTEX_POINT('',#9831);
#3356=VERTEX_POINT('',#9832);
#3357=VERTEX_POINT('',#9837);
#3358=VERTEX_POINT('',#9838);
#3359=VERTEX_POINT('',#9843);
#3360=VERTEX_POINT('',#9844);
#3361=VERTEX_POINT('',#9846);
#3362=VERTEX_POINT('',#9848);
#3363=VERTEX_POINT('',#9850);
#3364=VERTEX_POINT('',#9852);
#3365=VERTEX_POINT('',#9854);
#3366=VERTEX_POINT('',#9856);
#3367=VERTEX_POINT('',#9858);
#3368=VERTEX_POINT('',#9860);
#3369=VERTEX_POINT('',#9862);
#3370=VERTEX_POINT('',#9864);
#3371=VERTEX_POINT('',#9866);
#3372=VERTEX_POINT('',#9868);
#3373=VERTEX_POINT('',#9874);
#3374=VERTEX_POINT('',#9875);
#3375=VERTEX_POINT('',#9877);
#3376=VERTEX_POINT('',#9879);
#3377=VERTEX_POINT('',#9883);
#3378=VERTEX_POINT('',#9885);
#3379=VERTEX_POINT('',#9889);
#3380=VERTEX_POINT('',#9891);
#3381=VERTEX_POINT('',#9895);
#3382=VERTEX_POINT('',#9896);
#3383=VERTEX_POINT('',#9898);
#3384=VERTEX_POINT('',#9900);
#3385=VERTEX_POINT('',#9904);
#3386=VERTEX_POINT('',#9906);
#3387=VERTEX_POINT('',#9910);
#3388=VERTEX_POINT('',#9912);
#3389=VERTEX_POINT('',#9926);
#3390=VERTEX_POINT('',#9928);
#3391=VERTEX_POINT('',#9931);
#3392=VERTEX_POINT('',#9933);
#3393=VERTEX_POINT('',#9936);
#3394=VERTEX_POINT('',#9937);
#3395=VERTEX_POINT('',#9939);
#3396=VERTEX_POINT('',#9941);
#3397=VERTEX_POINT('',#9944);
#3398=VERTEX_POINT('',#9945);
#3399=VERTEX_POINT('',#9947);
#3400=VERTEX_POINT('',#9949);
#3401=VERTEX_POINT('',#9952);
#3402=VERTEX_POINT('',#9953);
#3403=VERTEX_POINT('',#9955);
#3404=VERTEX_POINT('',#9957);
#3405=VERTEX_POINT('',#9971);
#3406=VERTEX_POINT('',#9972);
#3407=VERTEX_POINT('',#9977);
#3408=VERTEX_POINT('',#9981);
#3409=VERTEX_POINT('',#9985);
#3410=VERTEX_POINT('',#9986);
#3411=VERTEX_POINT('',#9991);
#3412=VERTEX_POINT('',#9995);
#3413=VERTEX_POINT('',#9999);
#3414=VERTEX_POINT('',#10000);
#3415=VERTEX_POINT('',#10005);
#3416=VERTEX_POINT('',#10009);
#3417=VERTEX_POINT('',#10022);
#3418=VERTEX_POINT('',#10024);
#3419=VERTEX_POINT('',#10028);
#3420=VERTEX_POINT('',#10032);
#3421=VERTEX_POINT('',#10036);
#3422=VERTEX_POINT('',#10040);
#3423=VERTEX_POINT('',#10044);
#3424=VERTEX_POINT('',#10048);
#3425=VERTEX_POINT('',#10052);
#3426=VERTEX_POINT('',#10056);
#3427=VERTEX_POINT('',#10060);
#3428=VERTEX_POINT('',#10064);
#3429=VERTEX_POINT('',#10068);
#3430=VERTEX_POINT('',#10072);
#3431=VERTEX_POINT('',#10076);
#3432=VERTEX_POINT('',#10077);
#3433=VERTEX_POINT('',#10079);
#3434=VERTEX_POINT('',#10081);
#3435=VERTEX_POINT('',#10085);
#3436=VERTEX_POINT('',#10087);
#3437=VERTEX_POINT('',#10091);
#3438=VERTEX_POINT('',#10093);
#3439=VERTEX_POINT('',#10104);
#3440=VERTEX_POINT('',#10105);
#3441=VERTEX_POINT('',#10107);
#3442=VERTEX_POINT('',#10109);
#3443=VERTEX_POINT('',#10121);
#3444=VERTEX_POINT('',#10123);
#3445=VERTEX_POINT('',#10127);
#3446=VERTEX_POINT('',#10129);
#3447=VERTEX_POINT('',#10138);
#3448=VERTEX_POINT('',#10140);
#3449=VERTEX_POINT('',#10144);
#3450=VERTEX_POINT('',#10146);
#3451=VERTEX_POINT('',#10155);
#3452=VERTEX_POINT('',#10157);
#3453=VERTEX_POINT('',#10161);
#3454=VERTEX_POINT('',#10163);
#3455=VERTEX_POINT('',#10172);
#3456=VERTEX_POINT('',#10173);
#3457=VERTEX_POINT('',#10175);
#3458=VERTEX_POINT('',#10177);
#3459=VERTEX_POINT('',#10189);
#3460=VERTEX_POINT('',#10191);
#3461=VERTEX_POINT('',#10195);
#3462=VERTEX_POINT('',#10197);
#3463=VERTEX_POINT('',#10207);
#3464=VERTEX_POINT('',#10208);
#3465=VERTEX_POINT('',#10210);
#3466=VERTEX_POINT('',#10212);
#3467=VERTEX_POINT('',#10214);
#3468=VERTEX_POINT('',#10216);
#3469=VERTEX_POINT('',#10218);
#3470=VERTEX_POINT('',#10220);
#3471=VERTEX_POINT('',#10222);
#3472=VERTEX_POINT('',#10224);
#3473=VERTEX_POINT('',#10226);
#3474=VERTEX_POINT('',#10228);
#3475=VERTEX_POINT('',#10230);
#3476=VERTEX_POINT('',#10232);
#3477=VERTEX_POINT('',#10234);
#3478=VERTEX_POINT('',#10236);
#3479=VERTEX_POINT('',#10240);
#3480=VERTEX_POINT('',#10241);
#3481=VERTEX_POINT('',#10243);
#3482=VERTEX_POINT('',#10245);
#3483=VERTEX_POINT('',#10247);
#3484=VERTEX_POINT('',#10249);
#3485=VERTEX_POINT('',#10251);
#3486=VERTEX_POINT('',#10253);
#3487=VERTEX_POINT('',#10255);
#3488=VERTEX_POINT('',#10257);
#3489=VERTEX_POINT('',#10259);
#3490=VERTEX_POINT('',#10261);
#3491=VERTEX_POINT('',#10263);
#3492=VERTEX_POINT('',#10265);
#3493=VERTEX_POINT('',#10267);
#3494=VERTEX_POINT('',#10269);
#3495=VERTEX_POINT('',#10273);
#3496=VERTEX_POINT('',#10274);
#3497=VERTEX_POINT('',#10276);
#3498=VERTEX_POINT('',#10278);
#3499=VERTEX_POINT('',#10282);
#3500=VERTEX_POINT('',#10283);
#3501=VERTEX_POINT('',#10285);
#3502=VERTEX_POINT('',#10287);
#3503=VERTEX_POINT('',#10291);
#3504=VERTEX_POINT('',#10293);
#3505=VERTEX_POINT('',#10297);
#3506=VERTEX_POINT('',#10299);
#3507=VERTEX_POINT('',#10303);
#3508=VERTEX_POINT('',#10305);
#3509=VERTEX_POINT('',#10309);
#3510=VERTEX_POINT('',#10311);
#3511=VERTEX_POINT('',#10315);
#3512=VERTEX_POINT('',#10317);
#3513=VERTEX_POINT('',#10321);
#3514=VERTEX_POINT('',#10323);
#3515=VERTEX_POINT('',#10327);
#3516=VERTEX_POINT('',#10329);
#3517=VERTEX_POINT('',#10333);
#3518=VERTEX_POINT('',#10334);
#3519=VERTEX_POINT('',#10339);
#3520=VERTEX_POINT('',#10341);
#3521=VERTEX_POINT('',#10345);
#3522=VERTEX_POINT('',#10347);
#3523=VERTEX_POINT('',#10351);
#3524=VERTEX_POINT('',#10353);
#3525=VERTEX_POINT('',#10356);
#3526=VERTEX_POINT('',#10358);
#3527=VERTEX_POINT('',#10362);
#3528=VERTEX_POINT('',#10363);
#3529=VERTEX_POINT('',#10365);
#3530=VERTEX_POINT('',#10367);
#3531=VERTEX_POINT('',#10369);
#3532=VERTEX_POINT('',#10371);
#3533=VERTEX_POINT('',#10373);
#3534=VERTEX_POINT('',#10375);
#3535=VERTEX_POINT('',#10379);
#3536=VERTEX_POINT('',#10381);
#3537=VERTEX_POINT('',#10385);
#3538=VERTEX_POINT('',#10387);
#3539=VERTEX_POINT('',#10391);
#3540=VERTEX_POINT('',#10393);
#3541=VERTEX_POINT('',#10397);
#3542=VERTEX_POINT('',#10398);
#3543=VERTEX_POINT('',#10403);
#3544=VERTEX_POINT('',#10405);
#3545=VERTEX_POINT('',#10409);
#3546=VERTEX_POINT('',#10411);
#3547=VERTEX_POINT('',#10415);
#3548=VERTEX_POINT('',#10417);
#3549=VERTEX_POINT('',#10421);
#3550=VERTEX_POINT('',#10423);
#3551=VERTEX_POINT('',#10427);
#3552=VERTEX_POINT('',#10429);
#3553=VERTEX_POINT('',#10433);
#3554=VERTEX_POINT('',#10435);
#3555=VERTEX_POINT('',#10439);
#3556=VERTEX_POINT('',#10441);
#3557=VERTEX_POINT('',#10445);
#3558=VERTEX_POINT('',#10447);
#3559=VERTEX_POINT('',#10451);
#3560=VERTEX_POINT('',#10453);
#3561=VERTEX_POINT('',#10457);
#3562=VERTEX_POINT('',#10459);
#3563=VERTEX_POINT('',#10463);
#3564=VERTEX_POINT('',#10465);
#3565=VERTEX_POINT('',#10469);
#3566=VERTEX_POINT('',#10471);
#3567=VERTEX_POINT('',#10481);
#3568=VERTEX_POINT('',#10483);
#3569=VERTEX_POINT('',#10487);
#3570=VERTEX_POINT('',#10489);
#3571=VERTEX_POINT('',#10493);
#3572=VERTEX_POINT('',#10495);
#3573=VERTEX_POINT('',#10499);
#3574=VERTEX_POINT('',#10501);
#3575=VERTEX_POINT('',#10511);
#3576=VERTEX_POINT('',#10512);
#3577=VERTEX_POINT('',#10517);
#3578=VERTEX_POINT('',#10518);
#3579=VERTEX_POINT('',#10523);
#3580=VERTEX_POINT('',#10525);
#3581=VERTEX_POINT('',#10529);
#3582=VERTEX_POINT('',#10531);
#3583=VERTEX_POINT('',#10535);
#3584=VERTEX_POINT('',#10537);
#3585=VERTEX_POINT('',#10541);
#3586=VERTEX_POINT('',#10543);
#3587=VERTEX_POINT('',#10547);
#3588=VERTEX_POINT('',#10549);
#3589=VERTEX_POINT('',#10553);
#3590=VERTEX_POINT('',#10555);
#3591=VERTEX_POINT('',#10559);
#3592=VERTEX_POINT('',#10561);
#3593=VERTEX_POINT('',#10565);
#3594=VERTEX_POINT('',#10567);
#3595=VERTEX_POINT('',#10571);
#3596=VERTEX_POINT('',#10573);
#3597=VERTEX_POINT('',#10575);
#3598=VERTEX_POINT('',#10578);
#3599=VERTEX_POINT('',#10580);
#3600=VERTEX_POINT('',#10582);
#3601=VERTEX_POINT('',#10584);
#3602=VERTEX_POINT('',#10586);
#3603=VERTEX_POINT('',#10590);
#3604=VERTEX_POINT('',#10591);
#3605=VERTEX_POINT('',#10593);
#3606=VERTEX_POINT('',#10595);
#3607=VERTEX_POINT('',#10597);
#3608=VERTEX_POINT('',#10599);
#3609=VERTEX_POINT('',#10601);
#3610=VERTEX_POINT('',#10603);
#3611=VERTEX_POINT('',#10605);
#3612=VERTEX_POINT('',#10607);
#3613=VERTEX_POINT('',#10609);
#3614=VERTEX_POINT('',#10611);
#3615=VERTEX_POINT('',#10615);
#3616=VERTEX_POINT('',#10616);
#3617=VERTEX_POINT('',#10621);
#3618=VERTEX_POINT('',#10622);
#3619=VERTEX_POINT('',#10627);
#3620=VERTEX_POINT('',#10629);
#3621=VERTEX_POINT('',#10633);
#3622=VERTEX_POINT('',#10635);
#3623=VERTEX_POINT('',#10639);
#3624=VERTEX_POINT('',#10641);
#3625=VERTEX_POINT('',#10645);
#3626=VERTEX_POINT('',#10647);
#3627=VERTEX_POINT('',#10651);
#3628=VERTEX_POINT('',#10653);
#3629=VERTEX_POINT('',#10657);
#3630=VERTEX_POINT('',#10659);
#3631=LINE('',#8801,#4431);
#3632=LINE('',#8804,#4432);
#3633=LINE('',#8806,#4433);
#3634=LINE('',#8808,#4434);
#3635=LINE('',#8809,#4435);
#3636=LINE('',#8812,#4436);
#3637=LINE('',#8814,#4437);
#3638=LINE('',#8818,#4438);
#3639=LINE('',#8820,#4439);
#3640=LINE('',#8822,#4440);
#3641=LINE('',#8824,#4441);
#3642=LINE('',#8826,#4442);
#3643=LINE('',#8828,#4443);
#3644=LINE('',#8830,#4444);
#3645=LINE('',#8832,#4445);
#3646=LINE('',#8834,#4446);
#3647=LINE('',#8836,#4447);
#3648=LINE('',#8838,#4448);
#3649=LINE('',#8843,#4449);
#3650=LINE('',#8846,#4450);
#3651=LINE('',#8848,#4451);
#3652=LINE('',#8850,#4452);
#3653=LINE('',#8851,#4453);
#3654=LINE('',#8854,#4454);
#3655=LINE('',#8856,#4455);
#3656=LINE('',#8858,#4456);
#3657=LINE('',#8860,#4457);
#3658=LINE('',#8863,#4458);
#3659=LINE('',#8865,#4459);
#3660=LINE('',#8867,#4460);
#3661=LINE('',#8868,#4461);
#3662=LINE('',#8871,#4462);
#3663=LINE('',#8873,#4463);
#3664=LINE('',#8875,#4464);
#3665=LINE('',#8877,#4465);
#3666=LINE('',#8879,#4466);
#3667=LINE('',#8881,#4467);
#3668=LINE('',#8883,#4468);
#3669=LINE('',#8885,#4469);
#3670=LINE('',#8887,#4470);
#3671=LINE('',#8889,#4471);
#3672=LINE('',#8891,#4472);
#3673=LINE('',#8895,#4473);
#3674=LINE('',#8897,#4474);
#3675=LINE('',#8902,#4475);
#3676=LINE('',#8905,#4476);
#3677=LINE('',#8907,#4477);
#3678=LINE('',#8909,#4478);
#3679=LINE('',#8910,#4479);
#3680=LINE('',#8913,#4480);
#3681=LINE('',#8915,#4481);
#3682=LINE('',#8917,#4482);
#3683=LINE('',#8919,#4483);
#3684=LINE('',#8922,#4484);
#3685=LINE('',#8924,#4485);
#3686=LINE('',#8926,#4486);
#3687=LINE('',#8927,#4487);
#3688=LINE('',#8930,#4488);
#3689=LINE('',#8932,#4489);
#3690=LINE('',#8934,#4490);
#3691=LINE('',#8938,#4491);
#3692=LINE('',#8940,#4492);
#3693=LINE('',#8942,#4493);
#3694=LINE('',#8944,#4494);
#3695=LINE('',#8946,#4495);
#3696=LINE('',#8948,#4496);
#3697=LINE('',#8950,#4497);
#3698=LINE('',#8952,#4498);
#3699=LINE('',#8954,#4499);
#3700=LINE('',#8956,#4500);
#3701=LINE('',#8957,#4501);
#3702=LINE('',#8960,#4502);
#3703=LINE('',#8962,#4503);
#3704=LINE('',#8964,#4504);
#3705=LINE('',#8965,#4505);
#3706=LINE('',#8968,#4506);
#3707=LINE('',#8970,#4507);
#3708=LINE('',#8972,#4508);
#3709=LINE('',#8974,#4509);
#3710=LINE('',#8977,#4510);
#3711=LINE('',#8979,#4511);
#3712=LINE('',#8981,#4512);
#3713=LINE('',#8982,#4513);
#3714=LINE('',#8985,#4514);
#3715=LINE('',#8987,#4515);
#3716=LINE('',#8989,#4516);
#3717=LINE('',#8991,#4517);
#3718=LINE('',#8993,#4518);
#3719=LINE('',#8995,#4519);
#3720=LINE('',#8997,#4520);
#3721=LINE('',#8999,#4521);
#3722=LINE('',#9001,#4522);
#3723=LINE('',#9003,#4523);
#3724=LINE('',#9007,#4524);
#3725=LINE('',#9009,#4525);
#3726=LINE('',#9011,#4526);
#3727=LINE('',#9012,#4527);
#3728=LINE('',#9015,#4528);
#3729=LINE('',#9017,#4529);
#3730=LINE('',#9019,#4530);
#3731=LINE('',#9020,#4531);
#3732=LINE('',#9023,#4532);
#3733=LINE('',#9025,#4533);
#3734=LINE('',#9027,#4534);
#3735=LINE('',#9029,#4535);
#3736=LINE('',#9032,#4536);
#3737=LINE('',#9034,#4537);
#3738=LINE('',#9036,#4538);
#3739=LINE('',#9038,#4539);
#3740=LINE('',#9040,#4540);
#3741=LINE('',#9042,#4541);
#3742=LINE('',#9044,#4542);
#3743=LINE('',#9046,#4543);
#3744=LINE('',#9048,#4544);
#3745=LINE('',#9050,#4545);
#3746=LINE('',#9052,#4546);
#3747=LINE('',#9054,#4547);
#3748=LINE('',#9056,#4548);
#3749=LINE('',#9058,#4549);
#3750=LINE('',#9060,#4550);
#3751=LINE('',#9062,#4551);
#3752=LINE('',#9064,#4552);
#3753=LINE('',#9067,#4553);
#3754=LINE('',#9071,#4554);
#3755=LINE('',#9074,#4555);
#3756=LINE('',#9078,#4556);
#3757=LINE('',#9081,#4557);
#3758=LINE('',#9083,#4558);
#3759=LINE('',#9085,#4559);
#3760=LINE('',#9087,#4560);
#3761=LINE('',#9089,#4561);
#3762=LINE('',#9091,#4562);
#3763=LINE('',#9093,#4563);
#3764=LINE('',#9095,#4564);
#3765=LINE('',#9097,#4565);
#3766=LINE('',#9100,#4566);
#3767=LINE('',#9102,#4567);
#3768=LINE('',#9104,#4568);
#3769=LINE('',#9106,#4569);
#3770=LINE('',#9108,#4570);
#3771=LINE('',#9110,#4571);
#3772=LINE('',#9111,#4572);
#3773=LINE('',#9113,#4573);
#3774=LINE('',#9116,#4574);
#3775=LINE('',#9120,#4575);
#3776=LINE('',#9123,#4576);
#3777=LINE('',#9127,#4577);
#3778=LINE('',#9130,#4578);
#3779=LINE('',#9132,#4579);
#3780=LINE('',#9134,#4580);
#3781=LINE('',#9136,#4581);
#3782=LINE('',#9138,#4582);
#3783=LINE('',#9140,#4583);
#3784=LINE('',#9141,#4584);
#3785=LINE('',#9143,#4585);
#3786=LINE('',#9145,#4586);
#3787=LINE('',#9146,#4587);
#3788=LINE('',#9148,#4588);
#3789=LINE('',#9150,#4589);
#3790=LINE('',#9153,#4590);
#3791=LINE('',#9155,#4591);
#3792=LINE('',#9157,#4592);
#3793=LINE('',#9159,#4593);
#3794=LINE('',#9162,#4594);
#3795=LINE('',#9164,#4595);
#3796=LINE('',#9166,#4596);
#3797=LINE('',#9168,#4597);
#3798=LINE('',#9171,#4598);
#3799=LINE('',#9173,#4599);
#3800=LINE('',#9175,#4600);
#3801=LINE('',#9177,#4601);
#3802=LINE('',#9180,#4602);
#3803=LINE('',#9182,#4603);
#3804=LINE('',#9184,#4604);
#3805=LINE('',#9186,#4605);
#3806=LINE('',#9189,#4606);
#3807=LINE('',#9191,#4607);
#3808=LINE('',#9193,#4608);
#3809=LINE('',#9195,#4609);
#3810=LINE('',#9198,#4610);
#3811=LINE('',#9202,#4611);
#3812=LINE('',#9205,#4612);
#3813=LINE('',#9209,#4613);
#3814=LINE('',#9210,#4614);
#3815=LINE('',#9211,#4615);
#3816=LINE('',#9212,#4616);
#3817=LINE('',#9214,#4617);
#3818=LINE('',#9216,#4618);
#3819=LINE('',#9218,#4619);
#3820=LINE('',#9220,#4620);
#3821=LINE('',#9222,#4621);
#3822=LINE('',#9224,#4622);
#3823=LINE('',#9225,#4623);
#3824=LINE('',#9227,#4624);
#3825=LINE('',#9229,#4625);
#3826=LINE('',#9230,#4626);
#3827=LINE('',#9236,#4627);
#3828=LINE('',#9237,#4628);
#3829=LINE('',#9241,#4629);
#3830=LINE('',#9243,#4630);
#3831=LINE('',#9247,#4631);
#3832=LINE('',#9248,#4632);
#3833=LINE('',#9254,#4633);
#3834=LINE('',#9255,#4634);
#3835=LINE('',#9257,#4635);
#3836=LINE('',#9259,#4636);
#3837=LINE('',#9260,#4637);
#3838=LINE('',#9262,#4638);
#3839=LINE('',#9264,#4639);
#3840=LINE('',#9266,#4640);
#3841=LINE('',#9267,#4641);
#3842=LINE('',#9271,#4642);
#3843=LINE('',#9272,#4643);
#3844=LINE('',#9278,#4644);
#3845=LINE('',#9279,#4645);
#3846=LINE('',#9281,#4646);
#3847=LINE('',#9283,#4647);
#3848=LINE('',#9288,#4648);
#3849=LINE('',#9289,#4649);
#3850=LINE('',#9291,#4650);
#3851=LINE('',#9292,#4651);
#3852=LINE('',#9294,#4652);
#3853=LINE('',#9296,#4653);
#3854=LINE('',#9297,#4654);
#3855=LINE('',#9303,#4655);
#3856=LINE('',#9304,#4656);
#3857=LINE('',#9306,#4657);
#3858=LINE('',#9308,#4658);
#3859=LINE('',#9312,#4659);
#3860=LINE('',#9313,#4660);
#3861=LINE('',#9314,#4661);
#3862=LINE('',#9315,#4662);
#3863=LINE('',#9317,#4663);
#3864=LINE('',#9320,#4664);
#3865=LINE('',#9322,#4665);
#3866=LINE('',#9324,#4666);
#3867=LINE('',#9333,#4667);
#3868=LINE('',#9351,#4668);
#3869=LINE('',#9356,#4669);
#3870=LINE('',#9369,#4670);
#3871=LINE('',#9371,#4671);
#3872=LINE('',#9373,#4672);
#3873=LINE('',#9385,#4673);
#3874=LINE('',#9388,#4674);
#3875=LINE('',#9390,#4675);
#3876=LINE('',#9392,#4676);
#3877=LINE('',#9394,#4677);
#3878=LINE('',#9396,#4678);
#3879=LINE('',#9398,#4679);
#3880=LINE('',#9400,#4680);
#3881=LINE('',#9403,#4681);
#3882=LINE('',#9406,#4682);
#3883=LINE('',#9408,#4683);
#3884=LINE('',#9412,#4684);
#3885=LINE('',#9416,#4685);
#3886=LINE('',#9418,#4686);
#3887=LINE('',#9421,#4687);
#3888=LINE('',#9426,#4688);
#3889=LINE('',#9430,#4689);
#3890=LINE('',#9434,#4690);
#3891=LINE('',#9438,#4691);
#3892=LINE('',#9439,#4692);
#3893=LINE('',#9446,#4693);
#3894=LINE('',#9448,#4694);
#3895=LINE('',#9450,#4695);
#3896=LINE('',#9454,#4696);
#3897=LINE('',#9456,#4697);
#3898=LINE('',#9458,#4698);
#3899=LINE('',#9463,#4699);
#3900=LINE('',#9465,#4700);
#3901=LINE('',#9467,#4701);
#3902=LINE('',#9471,#4702);
#3903=LINE('',#9473,#4703);
#3904=LINE('',#9475,#4704);
#3905=LINE('',#9480,#4705);
#3906=LINE('',#9482,#4706);
#3907=LINE('',#9486,#4707);
#3908=LINE('',#9492,#4708);
#3909=LINE('',#9498,#4709);
#3910=LINE('',#9502,#4710);
#3911=LINE('',#9530,#4711);
#3912=LINE('',#9542,#4712);
#3913=LINE('',#9546,#4713);
#3914=LINE('',#9550,#4714);
#3915=LINE('',#9556,#4715);
#3916=LINE('',#9558,#4716);
#3917=LINE('',#9560,#4717);
#3918=LINE('',#9562,#4718);
#3919=LINE('',#9565,#4719);
#3920=LINE('',#9567,#4720);
#3921=LINE('',#9569,#4721);
#3922=LINE('',#9571,#4722);
#3923=LINE('',#9574,#4723);
#3924=LINE('',#9575,#4724);
#3925=LINE('',#9579,#4725);
#3926=LINE('',#9582,#4726);
#3927=LINE('',#9584,#4727);
#3928=LINE('',#9588,#4728);
#3929=LINE('',#9592,#4729);
#3930=LINE('',#9594,#4730);
#3931=LINE('',#9597,#4731);
#3932=LINE('',#9600,#4732);
#3933=LINE('',#9602,#4733);
#3934=LINE('',#9604,#4734);
#3935=LINE('',#9606,#4735);
#3936=LINE('',#9608,#4736);
#3937=LINE('',#9610,#4737);
#3938=LINE('',#9612,#4738);
#3939=LINE('',#9615,#4739);
#3940=LINE('',#9618,#4740);
#3941=LINE('',#9621,#4741);
#3942=LINE('',#9623,#4742);
#3943=LINE('',#9626,#4743);
#3944=LINE('',#9628,#4744);
#3945=LINE('',#9630,#4745);
#3946=LINE('',#9633,#4746);
#3947=LINE('',#9635,#4747);
#3948=LINE('',#9638,#4748);
#3949=LINE('',#9640,#4749);
#3950=LINE('',#9643,#4750);
#3951=LINE('',#9645,#4751);
#3952=LINE('',#9647,#4752);
#3953=LINE('',#9650,#4753);
#3954=LINE('',#9652,#4754);
#3955=LINE('',#9655,#4755);
#3956=LINE('',#9657,#4756);
#3957=LINE('',#9659,#4757);
#3958=LINE('',#9661,#4758);
#3959=LINE('',#9663,#4759);
#3960=LINE('',#9665,#4760);
#3961=LINE('',#9667,#4761);
#3962=LINE('',#9669,#4762);
#3963=LINE('',#9672,#4763);
#3964=LINE('',#9674,#4764);
#3965=LINE('',#9676,#4765);
#3966=LINE('',#9678,#4766);
#3967=LINE('',#9680,#4767);
#3968=LINE('',#9682,#4768);
#3969=LINE('',#9684,#4769);
#3970=LINE('',#9686,#4770);
#3971=LINE('',#9697,#4771);
#3972=LINE('',#9698,#4772);
#3973=LINE('',#9700,#4773);
#3974=LINE('',#9702,#4774);
#3975=LINE('',#9705,#4775);
#3976=LINE('',#9706,#4776);
#3977=LINE('',#9708,#4777);
#3978=LINE('',#9710,#4778);
#3979=LINE('',#9713,#4779);
#3980=LINE('',#9714,#4780);
#3981=LINE('',#9716,#4781);
#3982=LINE('',#9718,#4782);
#3983=LINE('',#9721,#4783);
#3984=LINE('',#9722,#4784);
#3985=LINE('',#9724,#4785);
#3986=LINE('',#9726,#4786);
#3987=LINE('',#9729,#4787);
#3988=LINE('',#9730,#4788);
#3989=LINE('',#9732,#4789);
#3990=LINE('',#9734,#4790);
#3991=LINE('',#9737,#4791);
#3992=LINE('',#9738,#4792);
#3993=LINE('',#9740,#4793);
#3994=LINE('',#9742,#4794);
#3995=LINE('',#9746,#4795);
#3996=LINE('',#9749,#4796);
#3997=LINE('',#9751,#4797);
#3998=LINE('',#9753,#4798);
#3999=LINE('',#9754,#4799);
#4000=LINE('',#9757,#4800);
#4001=LINE('',#9759,#4801);
#4002=LINE('',#9761,#4802);
#4003=LINE('',#9762,#4803);
#4004=LINE('',#9765,#4804);
#4005=LINE('',#9767,#4805);
#4006=LINE('',#9769,#4806);
#4007=LINE('',#9770,#4807);
#4008=LINE('',#9773,#4808);
#4009=LINE('',#9775,#4809);
#4010=LINE('',#9777,#4810);
#4011=LINE('',#9779,#4811);
#4012=LINE('',#9782,#4812);
#4013=LINE('',#9784,#4813);
#4014=LINE('',#9786,#4814);
#4015=LINE('',#9787,#4815);
#4016=LINE('',#9790,#4816);
#4017=LINE('',#9792,#4817);
#4018=LINE('',#9794,#4818);
#4019=LINE('',#9795,#4819);
#4020=LINE('',#9798,#4820);
#4021=LINE('',#9800,#4821);
#4022=LINE('',#9802,#4822);
#4023=LINE('',#9803,#4823);
#4024=LINE('',#9806,#4824);
#4025=LINE('',#9808,#4825);
#4026=LINE('',#9810,#4826);
#4027=LINE('',#9812,#4827);
#4028=LINE('',#9815,#4828);
#4029=LINE('',#9817,#4829);
#4030=LINE('',#9819,#4830);
#4031=LINE('',#9821,#4831);
#4032=LINE('',#9824,#4832);
#4033=LINE('',#9826,#4833);
#4034=LINE('',#9828,#4834);
#4035=LINE('',#9830,#4835);
#4036=LINE('',#9833,#4836);
#4037=LINE('',#9834,#4837);
#4038=LINE('',#9836,#4838);
#4039=LINE('',#9839,#4839);
#4040=LINE('',#9840,#4840);
#4041=LINE('',#9842,#4841);
#4042=LINE('',#9845,#4842);
#4043=LINE('',#9847,#4843);
#4044=LINE('',#9849,#4844);
#4045=LINE('',#9851,#4845);
#4046=LINE('',#9853,#4846);
#4047=LINE('',#9855,#4847);
#4048=LINE('',#9857,#4848);
#4049=LINE('',#9859,#4849);
#4050=LINE('',#9861,#4850);
#4051=LINE('',#9863,#4851);
#4052=LINE('',#9865,#4852);
#4053=LINE('',#9867,#4853);
#4054=LINE('',#9869,#4854);
#4055=LINE('',#9870,#4855);
#4056=LINE('',#9871,#4856);
#4057=LINE('',#9873,#4857);
#4058=LINE('',#9876,#4858);
#4059=LINE('',#9878,#4859);
#4060=LINE('',#9880,#4860);
#4061=LINE('',#9882,#4861);
#4062=LINE('',#9884,#4862);
#4063=LINE('',#9886,#4863);
#4064=LINE('',#9888,#4864);
#4065=LINE('',#9890,#4865);
#4066=LINE('',#9892,#4866);
#4067=LINE('',#9894,#4867);
#4068=LINE('',#9897,#4868);
#4069=LINE('',#9899,#4869);
#4070=LINE('',#9901,#4870);
#4071=LINE('',#9903,#4871);
#4072=LINE('',#9905,#4872);
#4073=LINE('',#9907,#4873);
#4074=LINE('',#9909,#4874);
#4075=LINE('',#9911,#4875);
#4076=LINE('',#9913,#4876);
#4077=LINE('',#9915,#4877);
#4078=LINE('',#9916,#4878);
#4079=LINE('',#9918,#4879);
#4080=LINE('',#9919,#4880);
#4081=LINE('',#9921,#4881);
#4082=LINE('',#9922,#4882);
#4083=LINE('',#9925,#4883);
#4084=LINE('',#9927,#4884);
#4085=LINE('',#9929,#4885);
#4086=LINE('',#9930,#4886);
#4087=LINE('',#9932,#4887);
#4088=LINE('',#9934,#4888);
#4089=LINE('',#9935,#4889);
#4090=LINE('',#9940,#4890);
#4091=LINE('',#9942,#4891);
#4092=LINE('',#9943,#4892);
#4093=LINE('',#9948,#4893);
#4094=LINE('',#9950,#4894);
#4095=LINE('',#9951,#4895);
#4096=LINE('',#9956,#4896);
#4097=LINE('',#9958,#4897);
#4098=LINE('',#9960,#4898);
#4099=LINE('',#9962,#4899);
#4100=LINE('',#9965,#4900);
#4101=LINE('',#9967,#4901);
#4102=LINE('',#9970,#4902);
#4103=LINE('',#9973,#4903);
#4104=LINE('',#9974,#4904);
#4105=LINE('',#9976,#4905);
#4106=LINE('',#9978,#4906);
#4107=LINE('',#9980,#4907);
#4108=LINE('',#9982,#4908);
#4109=LINE('',#9984,#4909);
#4110=LINE('',#9987,#4910);
#4111=LINE('',#9988,#4911);
#4112=LINE('',#9990,#4912);
#4113=LINE('',#9992,#4913);
#4114=LINE('',#9994,#4914);
#4115=LINE('',#9996,#4915);
#4116=LINE('',#9998,#4916);
#4117=LINE('',#10001,#4917);
#4118=LINE('',#10002,#4918);
#4119=LINE('',#10004,#4919);
#4120=LINE('',#10006,#4920);
#4121=LINE('',#10008,#4921);
#4122=LINE('',#10010,#4922);
#4123=LINE('',#10021,#4923);
#4124=LINE('',#10023,#4924);
#4125=LINE('',#10025,#4925);
#4126=LINE('',#10027,#4926);
#4127=LINE('',#10029,#4927);
#4128=LINE('',#10031,#4928);
#4129=LINE('',#10033,#4929);
#4130=LINE('',#10035,#4930);
#4131=LINE('',#10037,#4931);
#4132=LINE('',#10039,#4932);
#4133=LINE('',#10041,#4933);
#4134=LINE('',#10043,#4934);
#4135=LINE('',#10045,#4935);
#4136=LINE('',#10047,#4936);
#4137=LINE('',#10049,#4937);
#4138=LINE('',#10051,#4938);
#4139=LINE('',#10053,#4939);
#4140=LINE('',#10055,#4940);
#4141=LINE('',#10057,#4941);
#4142=LINE('',#10059,#4942);
#4143=LINE('',#10061,#4943);
#4144=LINE('',#10063,#4944);
#4145=LINE('',#10065,#4945);
#4146=LINE('',#10067,#4946);
#4147=LINE('',#10069,#4947);
#4148=LINE('',#10071,#4948);
#4149=LINE('',#10073,#4949);
#4150=LINE('',#10075,#4950);
#4151=LINE('',#10078,#4951);
#4152=LINE('',#10080,#4952);
#4153=LINE('',#10082,#4953);
#4154=LINE('',#10084,#4954);
#4155=LINE('',#10086,#4955);
#4156=LINE('',#10088,#4956);
#4157=LINE('',#10090,#4957);
#4158=LINE('',#10092,#4958);
#4159=LINE('',#10094,#4959);
#4160=LINE('',#10096,#4960);
#4161=LINE('',#10097,#4961);
#4162=LINE('',#10099,#4962);
#4163=LINE('',#10103,#4963);
#4164=LINE('',#10106,#4964);
#4165=LINE('',#10108,#4965);
#4166=LINE('',#10110,#4966);
#4167=LINE('',#10112,#4967);
#4168=LINE('',#10113,#4968);
#4169=LINE('',#10115,#4969);
#4170=LINE('',#10116,#4970);
#4171=LINE('',#10120,#4971);
#4172=LINE('',#10122,#4972);
#4173=LINE('',#10124,#4973);
#4174=LINE('',#10126,#4974);
#4175=LINE('',#10128,#4975);
#4176=LINE('',#10130,#4976);
#4177=LINE('',#10132,#4977);
#4178=LINE('',#10133,#4978);
#4179=LINE('',#10137,#4979);
#4180=LINE('',#10139,#4980);
#4181=LINE('',#10141,#4981);
#4182=LINE('',#10143,#4982);
#4183=LINE('',#10145,#4983);
#4184=LINE('',#10147,#4984);
#4185=LINE('',#10149,#4985);
#4186=LINE('',#10150,#4986);
#4187=LINE('',#10154,#4987);
#4188=LINE('',#10156,#4988);
#4189=LINE('',#10158,#4989);
#4190=LINE('',#10160,#4990);
#4191=LINE('',#10162,#4991);
#4192=LINE('',#10164,#4992);
#4193=LINE('',#10166,#4993);
#4194=LINE('',#10167,#4994);
#4195=LINE('',#10171,#4995);
#4196=LINE('',#10174,#4996);
#4197=LINE('',#10176,#4997);
#4198=LINE('',#10178,#4998);
#4199=LINE('',#10180,#4999);
#4200=LINE('',#10181,#5000);
#4201=LINE('',#10183,#5001);
#4202=LINE('',#10184,#5002);
#4203=LINE('',#10188,#5003);
#4204=LINE('',#10190,#5004);
#4205=LINE('',#10192,#5005);
#4206=LINE('',#10194,#5006);
#4207=LINE('',#10196,#5007);
#4208=LINE('',#10198,#5008);
#4209=LINE('',#10200,#5009);
#4210=LINE('',#10201,#5010);
#4211=LINE('',#10206,#5011);
#4212=LINE('',#10209,#5012);
#4213=LINE('',#10211,#5013);
#4214=LINE('',#10213,#5014);
#4215=LINE('',#10215,#5015);
#4216=LINE('',#10217,#5016);
#4217=LINE('',#10219,#5017);
#4218=LINE('',#10221,#5018);
#4219=LINE('',#10223,#5019);
#4220=LINE('',#10225,#5020);
#4221=LINE('',#10227,#5021);
#4222=LINE('',#10229,#5022);
#4223=LINE('',#10231,#5023);
#4224=LINE('',#10233,#5024);
#4225=LINE('',#10235,#5025);
#4226=LINE('',#10237,#5026);
#4227=LINE('',#10239,#5027);
#4228=LINE('',#10242,#5028);
#4229=LINE('',#10244,#5029);
#4230=LINE('',#10246,#5030);
#4231=LINE('',#10248,#5031);
#4232=LINE('',#10250,#5032);
#4233=LINE('',#10252,#5033);
#4234=LINE('',#10254,#5034);
#4235=LINE('',#10256,#5035);
#4236=LINE('',#10258,#5036);
#4237=LINE('',#10260,#5037);
#4238=LINE('',#10262,#5038);
#4239=LINE('',#10264,#5039);
#4240=LINE('',#10266,#5040);
#4241=LINE('',#10268,#5041);
#4242=LINE('',#10270,#5042);
#4243=LINE('',#10272,#5043);
#4244=LINE('',#10275,#5044);
#4245=LINE('',#10277,#5045);
#4246=LINE('',#10279,#5046);
#4247=LINE('',#10281,#5047);
#4248=LINE('',#10284,#5048);
#4249=LINE('',#10286,#5049);
#4250=LINE('',#10288,#5050);
#4251=LINE('',#10290,#5051);
#4252=LINE('',#10292,#5052);
#4253=LINE('',#10294,#5053);
#4254=LINE('',#10296,#5054);
#4255=LINE('',#10298,#5055);
#4256=LINE('',#10300,#5056);
#4257=LINE('',#10302,#5057);
#4258=LINE('',#10304,#5058);
#4259=LINE('',#10306,#5059);
#4260=LINE('',#10308,#5060);
#4261=LINE('',#10310,#5061);
#4262=LINE('',#10312,#5062);
#4263=LINE('',#10314,#5063);
#4264=LINE('',#10316,#5064);
#4265=LINE('',#10318,#5065);
#4266=LINE('',#10320,#5066);
#4267=LINE('',#10322,#5067);
#4268=LINE('',#10324,#5068);
#4269=LINE('',#10328,#5069);
#4270=LINE('',#10332,#5070);
#4271=LINE('',#10338,#5071);
#4272=LINE('',#10340,#5072);
#4273=LINE('',#10342,#5073);
#4274=LINE('',#10344,#5074);
#4275=LINE('',#10346,#5075);
#4276=LINE('',#10348,#5076);
#4277=LINE('',#10350,#5077);
#4278=LINE('',#10352,#5078);
#4279=LINE('',#10354,#5079);
#4280=LINE('',#10355,#5080);
#4281=LINE('',#10357,#5081);
#4282=LINE('',#10359,#5082);
#4283=LINE('',#10361,#5083);
#4284=LINE('',#10364,#5084);
#4285=LINE('',#10366,#5085);
#4286=LINE('',#10368,#5086);
#4287=LINE('',#10370,#5087);
#4288=LINE('',#10372,#5088);
#4289=LINE('',#10374,#5089);
#4290=LINE('',#10376,#5090);
#4291=LINE('',#10378,#5091);
#4292=LINE('',#10380,#5092);
#4293=LINE('',#10382,#5093);
#4294=LINE('',#10384,#5094);
#4295=LINE('',#10386,#5095);
#4296=LINE('',#10388,#5096);
#4297=LINE('',#10392,#5097);
#4298=LINE('',#10396,#5098);
#4299=LINE('',#10402,#5099);
#4300=LINE('',#10404,#5100);
#4301=LINE('',#10406,#5101);
#4302=LINE('',#10408,#5102);
#4303=LINE('',#10410,#5103);
#4304=LINE('',#10412,#5104);
#4305=LINE('',#10414,#5105);
#4306=LINE('',#10416,#5106);
#4307=LINE('',#10418,#5107);
#4308=LINE('',#10420,#5108);
#4309=LINE('',#10422,#5109);
#4310=LINE('',#10424,#5110);
#4311=LINE('',#10426,#5111);
#4312=LINE('',#10428,#5112);
#4313=LINE('',#10430,#5113);
#4314=LINE('',#10432,#5114);
#4315=LINE('',#10434,#5115);
#4316=LINE('',#10436,#5116);
#4317=LINE('',#10438,#5117);
#4318=LINE('',#10440,#5118);
#4319=LINE('',#10442,#5119);
#4320=LINE('',#10444,#5120);
#4321=LINE('',#10446,#5121);
#4322=LINE('',#10448,#5122);
#4323=LINE('',#10450,#5123);
#4324=LINE('',#10452,#5124);
#4325=LINE('',#10454,#5125);
#4326=LINE('',#10456,#5126);
#4327=LINE('',#10458,#5127);
#4328=LINE('',#10460,#5128);
#4329=LINE('',#10464,#5129);
#4330=LINE('',#10472,#5130);
#4331=LINE('',#10474,#5131);
#4332=LINE('',#10475,#5132);
#4333=LINE('',#10477,#5133);
#4334=LINE('',#10478,#5134);
#4335=LINE('',#10480,#5135);
#4336=LINE('',#10482,#5136);
#4337=LINE('',#10484,#5137);
#4338=LINE('',#10486,#5138);
#4339=LINE('',#10488,#5139);
#4340=LINE('',#10490,#5140);
#4341=LINE('',#10494,#5141);
#4342=LINE('',#10502,#5142);
#4343=LINE('',#10504,#5143);
#4344=LINE('',#10505,#5144);
#4345=LINE('',#10507,#5145);
#4346=LINE('',#10508,#5146);
#4347=LINE('',#10510,#5147);
#4348=LINE('',#10516,#5148);
#4349=LINE('',#10522,#5149);
#4350=LINE('',#10524,#5150);
#4351=LINE('',#10526,#5151);
#4352=LINE('',#10528,#5152);
#4353=LINE('',#10530,#5153);
#4354=LINE('',#10532,#5154);
#4355=LINE('',#10534,#5155);
#4356=LINE('',#10536,#5156);
#4357=LINE('',#10538,#5157);
#4358=LINE('',#10540,#5158);
#4359=LINE('',#10542,#5159);
#4360=LINE('',#10544,#5160);
#4361=LINE('',#10546,#5161);
#4362=LINE('',#10548,#5162);
#4363=LINE('',#10550,#5163);
#4364=LINE('',#10552,#5164);
#4365=LINE('',#10554,#5165);
#4366=LINE('',#10556,#5166);
#4367=LINE('',#10562,#5167);
#4368=LINE('',#10568,#5168);
#4369=LINE('',#10570,#5169);
#4370=LINE('',#10572,#5170);
#4371=LINE('',#10574,#5171);
#4372=LINE('',#10576,#5172);
#4373=LINE('',#10577,#5173);
#4374=LINE('',#10579,#5174);
#4375=LINE('',#10581,#5175);
#4376=LINE('',#10583,#5176);
#4377=LINE('',#10585,#5177);
#4378=LINE('',#10587,#5178);
#4379=LINE('',#10589,#5179);
#4380=LINE('',#10592,#5180);
#4381=LINE('',#10594,#5181);
#4382=LINE('',#10596,#5182);
#4383=LINE('',#10598,#5183);
#4384=LINE('',#10600,#5184);
#4385=LINE('',#10602,#5185);
#4386=LINE('',#10604,#5186);
#4387=LINE('',#10606,#5187);
#4388=LINE('',#10608,#5188);
#4389=LINE('',#10610,#5189);
#4390=LINE('',#10612,#5190);
#4391=LINE('',#10614,#5191);
#4392=LINE('',#10620,#5192);
#4393=LINE('',#10626,#5193);
#4394=LINE('',#10628,#5194);
#4395=LINE('',#10630,#5195);
#4396=LINE('',#10632,#5196);
#4397=LINE('',#10634,#5197);
#4398=LINE('',#10636,#5198);
#4399=LINE('',#10638,#5199);
#4400=LINE('',#10640,#5200);
#4401=LINE('',#10642,#5201);
#4402=LINE('',#10644,#5202);
#4403=LINE('',#10646,#5203);
#4404=LINE('',#10648,#5204);
#4405=LINE('',#10650,#5205);
#4406=LINE('',#10652,#5206);
#4407=LINE('',#10654,#5207);
#4408=LINE('',#10656,#5208);
#4409=LINE('',#10658,#5209);
#4410=LINE('',#10660,#5210);
#4411=LINE('',#10668,#5211);
#4412=LINE('',#10669,#5212);
#4413=LINE('',#10671,#5213);
#4414=LINE('',#10672,#5214);
#4415=LINE('',#10674,#5215);
#4416=LINE('',#10675,#5216);
#4417=LINE('',#10677,#5217);
#4418=LINE('',#10678,#5218);
#4419=LINE('',#10680,#5219);
#4420=LINE('',#10683,#5220);
#4421=LINE('',#10686,#5221);
#4422=LINE('',#10689,#5222);
#4423=LINE('',#10692,#5223);
#4424=LINE('',#10693,#5224);
#4425=LINE('',#10697,#5225);
#4426=LINE('',#10699,#5226);
#4427=LINE('',#10702,#5227);
#4428=LINE('',#10704,#5228);
#4429=LINE('',#10707,#5229);
#4430=LINE('',#10708,#5230);
#4431=VECTOR('',#7077,1000.);
#4432=VECTOR('',#7078,1000.);
#4433=VECTOR('',#7079,1000.);
#4434=VECTOR('',#7080,1000.);
#4435=VECTOR('',#7081,1000.);
#4436=VECTOR('',#7082,1000.);
#4437=VECTOR('',#7083,1000.);
#4438=VECTOR('',#7086,1000.);
#4439=VECTOR('',#7087,1000.);
#4440=VECTOR('',#7088,1000.);
#4441=VECTOR('',#7089,1000.);
#4442=VECTOR('',#7090,1000.);
#4443=VECTOR('',#7091,1000.);
#4444=VECTOR('',#7092,1000.);
#4445=VECTOR('',#7093,1000.);
#4446=VECTOR('',#7094,1000.);
#4447=VECTOR('',#7095,1000.);
#4448=VECTOR('',#7096,1000.);
#4449=VECTOR('',#7101,1000.);
#4450=VECTOR('',#7102,1000.);
#4451=VECTOR('',#7103,1000.);
#4452=VECTOR('',#7104,1000.);
#4453=VECTOR('',#7105,1000.);
#4454=VECTOR('',#7106,1000.);
#4455=VECTOR('',#7107,1000.);
#4456=VECTOR('',#7108,1000.);
#4457=VECTOR('',#7111,1000.);
#4458=VECTOR('',#7112,1000.);
#4459=VECTOR('',#7113,1000.);
#4460=VECTOR('',#7114,1000.);
#4461=VECTOR('',#7115,1000.);
#4462=VECTOR('',#7116,1000.);
#4463=VECTOR('',#7117,1000.);
#4464=VECTOR('',#7118,1000.);
#4465=VECTOR('',#7119,1000.);
#4466=VECTOR('',#7120,1000.);
#4467=VECTOR('',#7121,1000.);
#4468=VECTOR('',#7122,1000.);
#4469=VECTOR('',#7123,1000.);
#4470=VECTOR('',#7124,1000.);
#4471=VECTOR('',#7125,1000.);
#4472=VECTOR('',#7126,1000.);
#4473=VECTOR('',#7129,1000.);
#4474=VECTOR('',#7130,1000.);
#4475=VECTOR('',#7135,1000.);
#4476=VECTOR('',#7136,1000.);
#4477=VECTOR('',#7137,1000.);
#4478=VECTOR('',#7138,1000.);
#4479=VECTOR('',#7139,1000.);
#4480=VECTOR('',#7140,1000.);
#4481=VECTOR('',#7141,1000.);
#4482=VECTOR('',#7142,1000.);
#4483=VECTOR('',#7145,1000.);
#4484=VECTOR('',#7146,1000.);
#4485=VECTOR('',#7147,1000.);
#4486=VECTOR('',#7148,1000.);
#4487=VECTOR('',#7149,1000.);
#4488=VECTOR('',#7150,1000.);
#4489=VECTOR('',#7151,1000.);
#4490=VECTOR('',#7152,1000.);
#4491=VECTOR('',#7155,1000.);
#4492=VECTOR('',#7156,1000.);
#4493=VECTOR('',#7157,1000.);
#4494=VECTOR('',#7158,1000.);
#4495=VECTOR('',#7159,1000.);
#4496=VECTOR('',#7160,1000.);
#4497=VECTOR('',#7161,1000.);
#4498=VECTOR('',#7162,1000.);
#4499=VECTOR('',#7163,1000.);
#4500=VECTOR('',#7164,1000.);
#4501=VECTOR('',#7165,1000.);
#4502=VECTOR('',#7166,1000.);
#4503=VECTOR('',#7167,1000.);
#4504=VECTOR('',#7168,1000.);
#4505=VECTOR('',#7169,1000.);
#4506=VECTOR('',#7170,1000.);
#4507=VECTOR('',#7171,1000.);
#4508=VECTOR('',#7172,1000.);
#4509=VECTOR('',#7175,1000.);
#4510=VECTOR('',#7176,1000.);
#4511=VECTOR('',#7177,1000.);
#4512=VECTOR('',#7178,1000.);
#4513=VECTOR('',#7179,1000.);
#4514=VECTOR('',#7180,1000.);
#4515=VECTOR('',#7181,1000.);
#4516=VECTOR('',#7182,1000.);
#4517=VECTOR('',#7183,1000.);
#4518=VECTOR('',#7184,1000.);
#4519=VECTOR('',#7185,1000.);
#4520=VECTOR('',#7186,1000.);
#4521=VECTOR('',#7187,1000.);
#4522=VECTOR('',#7188,1000.);
#4523=VECTOR('',#7189,1000.);
#4524=VECTOR('',#7192,1000.);
#4525=VECTOR('',#7193,1000.);
#4526=VECTOR('',#7194,1000.);
#4527=VECTOR('',#7195,1000.);
#4528=VECTOR('',#7196,1000.);
#4529=VECTOR('',#7197,1000.);
#4530=VECTOR('',#7198,1000.);
#4531=VECTOR('',#7199,1000.);
#4532=VECTOR('',#7200,1000.);
#4533=VECTOR('',#7201,1000.);
#4534=VECTOR('',#7202,1000.);
#4535=VECTOR('',#7205,1000.);
#4536=VECTOR('',#7206,1000.);
#4537=VECTOR('',#7207,1000.);
#4538=VECTOR('',#7208,1000.);
#4539=VECTOR('',#7209,1000.);
#4540=VECTOR('',#7210,1000.);
#4541=VECTOR('',#7213,1000.);
#4542=VECTOR('',#7214,1000.);
#4543=VECTOR('',#7215,1000.);
#4544=VECTOR('',#7218,1000.);
#4545=VECTOR('',#7219,1000.);
#4546=VECTOR('',#7220,1000.);
#4547=VECTOR('',#7223,1000.);
#4548=VECTOR('',#7224,1000.);
#4549=VECTOR('',#7225,1000.);
#4550=VECTOR('',#7226,1000.);
#4551=VECTOR('',#7227,1000.);
#4552=VECTOR('',#7230,1000.);
#4553=VECTOR('',#7233,1000.);
#4554=VECTOR('',#7238,1000.);
#4555=VECTOR('',#7241,1000.);
#4556=VECTOR('',#7246,1000.);
#4557=VECTOR('',#7247,1000.);
#4558=VECTOR('',#7248,1000.);
#4559=VECTOR('',#7249,1000.);
#4560=VECTOR('',#7252,1000.);
#4561=VECTOR('',#7253,1000.);
#4562=VECTOR('',#7254,1000.);
#4563=VECTOR('',#7255,1000.);
#4564=VECTOR('',#7256,1000.);
#4565=VECTOR('',#7259,1000.);
#4566=VECTOR('',#7260,1000.);
#4567=VECTOR('',#7261,1000.);
#4568=VECTOR('',#7262,1000.);
#4569=VECTOR('',#7263,1000.);
#4570=VECTOR('',#7264,1000.);
#4571=VECTOR('',#7267,1000.);
#4572=VECTOR('',#7268,1000.);
#4573=VECTOR('',#7271,1000.);
#4574=VECTOR('',#7274,1000.);
#4575=VECTOR('',#7279,1000.);
#4576=VECTOR('',#7282,1000.);
#4577=VECTOR('',#7287,1000.);
#4578=VECTOR('',#7288,1000.);
#4579=VECTOR('',#7289,1000.);
#4580=VECTOR('',#7290,1000.);
#4581=VECTOR('',#7293,1000.);
#4582=VECTOR('',#7294,1000.);
#4583=VECTOR('',#7295,1000.);
#4584=VECTOR('',#7296,1000.);
#4585=VECTOR('',#7299,1000.);
#4586=VECTOR('',#7300,1000.);
#4587=VECTOR('',#7301,1000.);
#4588=VECTOR('',#7302,1000.);
#4589=VECTOR('',#7305,1000.);
#4590=VECTOR('',#7306,1000.);
#4591=VECTOR('',#7307,1000.);
#4592=VECTOR('',#7308,1000.);
#4593=VECTOR('',#7311,1000.);
#4594=VECTOR('',#7312,1000.);
#4595=VECTOR('',#7313,1000.);
#4596=VECTOR('',#7314,1000.);
#4597=VECTOR('',#7317,1000.);
#4598=VECTOR('',#7318,1000.);
#4599=VECTOR('',#7319,1000.);
#4600=VECTOR('',#7320,1000.);
#4601=VECTOR('',#7323,1000.);
#4602=VECTOR('',#7324,1000.);
#4603=VECTOR('',#7325,1000.);
#4604=VECTOR('',#7326,1000.);
#4605=VECTOR('',#7329,1000.);
#4606=VECTOR('',#7330,1000.);
#4607=VECTOR('',#7331,1000.);
#4608=VECTOR('',#7332,1000.);
#4609=VECTOR('',#7335,1000.);
#4610=VECTOR('',#7338,1000.);
#4611=VECTOR('',#7343,1000.);
#4612=VECTOR('',#7346,1000.);
#4613=VECTOR('',#7351,1000.);
#4614=VECTOR('',#7352,1000.);
#4615=VECTOR('',#7353,1000.);
#4616=VECTOR('',#7354,1000.);
#4617=VECTOR('',#7357,1000.);
#4618=VECTOR('',#7360,1000.);
#4619=VECTOR('',#7363,1000.);
#4620=VECTOR('',#7366,1000.);
#4621=VECTOR('',#7369,1000.);
#4622=VECTOR('',#7370,1000.);
#4623=VECTOR('',#7371,1000.);
#4624=VECTOR('',#7372,1000.);
#4625=VECTOR('',#7373,1000.);
#4626=VECTOR('',#7374,1000.);
#4627=VECTOR('',#7379,1000.);
#4628=VECTOR('',#7380,1000.);
#4629=VECTOR('',#7383,1000.);
#4630=VECTOR('',#7386,1000.);
#4631=VECTOR('',#7389,1000.);
#4632=VECTOR('',#7390,1000.);
#4633=VECTOR('',#7395,1000.);
#4634=VECTOR('',#7396,1000.);
#4635=VECTOR('',#7397,1000.);
#4636=VECTOR('',#7398,1000.);
#4637=VECTOR('',#7399,1000.);
#4638=VECTOR('',#7400,1000.);
#4639=VECTOR('',#7403,1000.);
#4640=VECTOR('',#7404,1000.);
#4641=VECTOR('',#7405,1000.);
#4642=VECTOR('',#7408,1000.);
#4643=VECTOR('',#7409,1000.);
#4644=VECTOR('',#7414,1000.);
#4645=VECTOR('',#7415,1000.);
#4646=VECTOR('',#7416,1000.);
#4647=VECTOR('',#7417,1000.);
#4648=VECTOR('',#7422,1000.);
#4649=VECTOR('',#7423,1000.);
#4650=VECTOR('',#7424,1000.);
#4651=VECTOR('',#7425,1000.);
#4652=VECTOR('',#7426,1000.);
#4653=VECTOR('',#7427,1000.);
#4654=VECTOR('',#7428,1000.);
#4655=VECTOR('',#7433,1000.);
#4656=VECTOR('',#7434,1000.);
#4657=VECTOR('',#7437,1000.);
#4658=VECTOR('',#7440,1000.);
#4659=VECTOR('',#7447,1000.);
#4660=VECTOR('',#7448,1000.);
#4661=VECTOR('',#7449,1000.);
#4662=VECTOR('',#7450,1000.);
#4663=VECTOR('',#7453,1000.);
#4664=VECTOR('',#7454,1000.);
#4665=VECTOR('',#7455,1000.);
#4666=VECTOR('',#7456,1000.);
#4667=VECTOR('',#7461,1000.);
#4668=VECTOR('',#7476,1000.);
#4669=VECTOR('',#7481,1000.);
#4670=VECTOR('',#7486,1000.);
#4671=VECTOR('',#7487,1000.);
#4672=VECTOR('',#7488,1000.);
#4673=VECTOR('',#7507,1000.);
#4674=VECTOR('',#7510,1000.);
#4675=VECTOR('',#7511,1000.);
#4676=VECTOR('',#7512,1000.);
#4677=VECTOR('',#7513,1000.);
#4678=VECTOR('',#7514,1000.);
#4679=VECTOR('',#7515,1000.);
#4680=VECTOR('',#7516,1000.);
#4681=VECTOR('',#7519,1000.);
#4682=VECTOR('',#7522,1000.);
#4683=VECTOR('',#7523,1000.);
#4684=VECTOR('',#7526,1000.);
#4685=VECTOR('',#7529,1000.);
#4686=VECTOR('',#7530,1000.);
#4687=VECTOR('',#7533,1000.);
#4688=VECTOR('',#7538,1000.);
#4689=VECTOR('',#7541,1000.);
#4690=VECTOR('',#7544,1000.);
#4691=VECTOR('',#7547,1000.);
#4692=VECTOR('',#7548,1000.);
#4693=VECTOR('',#7561,1000.);
#4694=VECTOR('',#7562,1000.);
#4695=VECTOR('',#7563,1000.);
#4696=VECTOR('',#7568,1000.);
#4697=VECTOR('',#7571,1000.);
#4698=VECTOR('',#7572,1000.);
#4699=VECTOR('',#7581,1000.);
#4700=VECTOR('',#7582,1000.);
#4701=VECTOR('',#7583,1000.);
#4702=VECTOR('',#7588,1000.);
#4703=VECTOR('',#7591,1000.);
#4704=VECTOR('',#7592,1000.);
#4705=VECTOR('',#7601,1000.);
#4706=VECTOR('',#7602,1000.);
#4707=VECTOR('',#7605,1000.);
#4708=VECTOR('',#7614,1000.);
#4709=VECTOR('',#7621,1000.);
#4710=VECTOR('',#7624,1000.);
#4711=VECTOR('',#7641,1000.);
#4712=VECTOR('',#7650,1000.);
#4713=VECTOR('',#7655,1000.);
#4714=VECTOR('',#7660,1000.);
#4715=VECTOR('',#7667,1000.);
#4716=VECTOR('',#7670,1000.);
#4717=VECTOR('',#7673,1000.);
#4718=VECTOR('',#7676,1000.);
#4719=VECTOR('',#7681,1000.);
#4720=VECTOR('',#7684,1000.);
#4721=VECTOR('',#7687,1000.);
#4722=VECTOR('',#7690,1000.);
#4723=VECTOR('',#7695,1000.);
#4724=VECTOR('',#7696,1000.);
#4725=VECTOR('',#7701,1000.);
#4726=VECTOR('',#7704,1000.);
#4727=VECTOR('',#7705,1000.);
#4728=VECTOR('',#7708,1000.);
#4729=VECTOR('',#7711,1000.);
#4730=VECTOR('',#7712,1000.);
#4731=VECTOR('',#7715,1000.);
#4732=VECTOR('',#7718,1000.);
#4733=VECTOR('',#7719,1000.);
#4734=VECTOR('',#7720,1000.);
#4735=VECTOR('',#7721,1000.);
#4736=VECTOR('',#7722,1000.);
#4737=VECTOR('',#7723,1000.);
#4738=VECTOR('',#7724,1000.);
#4739=VECTOR('',#7729,1000.);
#4740=VECTOR('',#7734,1000.);
#4741=VECTOR('',#7739,1000.);
#4742=VECTOR('',#7742,1000.);
#4743=VECTOR('',#7747,1000.);
#4744=VECTOR('',#7750,1000.);
#4745=VECTOR('',#7753,1000.);
#4746=VECTOR('',#7758,1000.);
#4747=VECTOR('',#7761,1000.);
#4748=VECTOR('',#7766,1000.);
#4749=VECTOR('',#7769,1000.);
#4750=VECTOR('',#7774,1000.);
#4751=VECTOR('',#7777,1000.);
#4752=VECTOR('',#7780,1000.);
#4753=VECTOR('',#7785,1000.);
#4754=VECTOR('',#7788,1000.);
#4755=VECTOR('',#7793,1000.);
#4756=VECTOR('',#7796,1000.);
#4757=VECTOR('',#7799,1000.);
#4758=VECTOR('',#7802,1000.);
#4759=VECTOR('',#7805,1000.);
#4760=VECTOR('',#7808,1000.);
#4761=VECTOR('',#7811,1000.);
#4762=VECTOR('',#7814,1000.);
#4763=VECTOR('',#7819,1000.);
#4764=VECTOR('',#7822,1000.);
#4765=VECTOR('',#7825,1000.);
#4766=VECTOR('',#7828,1000.);
#4767=VECTOR('',#7831,1000.);
#4768=VECTOR('',#7834,1000.);
#4769=VECTOR('',#7837,1000.);
#4770=VECTOR('',#7840,1000.);
#4771=VECTOR('',#7861,1000.);
#4772=VECTOR('',#7862,1000.);
#4773=VECTOR('',#7865,1000.);
#4774=VECTOR('',#7868,1000.);
#4775=VECTOR('',#7873,1000.);
#4776=VECTOR('',#7874,1000.);
#4777=VECTOR('',#7877,1000.);
#4778=VECTOR('',#7880,1000.);
#4779=VECTOR('',#7885,1000.);
#4780=VECTOR('',#7886,1000.);
#4781=VECTOR('',#7889,1000.);
#4782=VECTOR('',#7892,1000.);
#4783=VECTOR('',#7897,1000.);
#4784=VECTOR('',#7898,1000.);
#4785=VECTOR('',#7901,1000.);
#4786=VECTOR('',#7904,1000.);
#4787=VECTOR('',#7909,1000.);
#4788=VECTOR('',#7910,1000.);
#4789=VECTOR('',#7913,1000.);
#4790=VECTOR('',#7916,1000.);
#4791=VECTOR('',#7921,1000.);
#4792=VECTOR('',#7922,1000.);
#4793=VECTOR('',#7925,1000.);
#4794=VECTOR('',#7928,1000.);
#4795=VECTOR('',#7935,1000.);
#4796=VECTOR('',#7936,1000.);
#4797=VECTOR('',#7937,1000.);
#4798=VECTOR('',#7938,1000.);
#4799=VECTOR('',#7939,1000.);
#4800=VECTOR('',#7940,1000.);
#4801=VECTOR('',#7941,1000.);
#4802=VECTOR('',#7942,1000.);
#4803=VECTOR('',#7943,1000.);
#4804=VECTOR('',#7944,1000.);
#4805=VECTOR('',#7945,1000.);
#4806=VECTOR('',#7946,1000.);
#4807=VECTOR('',#7947,1000.);
#4808=VECTOR('',#7948,1000.);
#4809=VECTOR('',#7949,1000.);
#4810=VECTOR('',#7950,1000.);
#4811=VECTOR('',#7953,1000.);
#4812=VECTOR('',#7954,1000.);
#4813=VECTOR('',#7955,1000.);
#4814=VECTOR('',#7956,1000.);
#4815=VECTOR('',#7957,1000.);
#4816=VECTOR('',#7958,1000.);
#4817=VECTOR('',#7959,1000.);
#4818=VECTOR('',#7960,1000.);
#4819=VECTOR('',#7961,1000.);
#4820=VECTOR('',#7962,1000.);
#4821=VECTOR('',#7963,1000.);
#4822=VECTOR('',#7964,1000.);
#4823=VECTOR('',#7965,1000.);
#4824=VECTOR('',#7966,1000.);
#4825=VECTOR('',#7967,1000.);
#4826=VECTOR('',#7968,1000.);
#4827=VECTOR('',#7971,1000.);
#4828=VECTOR('',#7972,1000.);
#4829=VECTOR('',#7973,1000.);
#4830=VECTOR('',#7974,1000.);
#4831=VECTOR('',#7977,1000.);
#4832=VECTOR('',#7978,1000.);
#4833=VECTOR('',#7979,1000.);
#4834=VECTOR('',#7980,1000.);
#4835=VECTOR('',#7983,1000.);
#4836=VECTOR('',#7984,1000.);
#4837=VECTOR('',#7985,1000.);
#4838=VECTOR('',#7988,1000.);
#4839=VECTOR('',#7989,1000.);
#4840=VECTOR('',#7990,1000.);
#4841=VECTOR('',#7993,1000.);
#4842=VECTOR('',#7994,1000.);
#4843=VECTOR('',#7995,1000.);
#4844=VECTOR('',#7996,1000.);
#4845=VECTOR('',#7997,1000.);
#4846=VECTOR('',#7998,1000.);
#4847=VECTOR('',#7999,1000.);
#4848=VECTOR('',#8000,1000.);
#4849=VECTOR('',#8001,1000.);
#4850=VECTOR('',#8002,1000.);
#4851=VECTOR('',#8003,1000.);
#4852=VECTOR('',#8004,1000.);
#4853=VECTOR('',#8005,1000.);
#4854=VECTOR('',#8006,1000.);
#4855=VECTOR('',#8007,1000.);
#4856=VECTOR('',#8008,1000.);
#4857=VECTOR('',#8011,1000.);
#4858=VECTOR('',#8012,1000.);
#4859=VECTOR('',#8013,1000.);
#4860=VECTOR('',#8014,1000.);
#4861=VECTOR('',#8017,1000.);
#4862=VECTOR('',#8018,1000.);
#4863=VECTOR('',#8019,1000.);
#4864=VECTOR('',#8022,1000.);
#4865=VECTOR('',#8023,1000.);
#4866=VECTOR('',#8024,1000.);
#4867=VECTOR('',#8027,1000.);
#4868=VECTOR('',#8028,1000.);
#4869=VECTOR('',#8029,1000.);
#4870=VECTOR('',#8030,1000.);
#4871=VECTOR('',#8033,1000.);
#4872=VECTOR('',#8034,1000.);
#4873=VECTOR('',#8035,1000.);
#4874=VECTOR('',#8038,1000.);
#4875=VECTOR('',#8039,1000.);
#4876=VECTOR('',#8040,1000.);
#4877=VECTOR('',#8043,1000.);
#4878=VECTOR('',#8044,1000.);
#4879=VECTOR('',#8047,1000.);
#4880=VECTOR('',#8048,1000.);
#4881=VECTOR('',#8051,1000.);
#4882=VECTOR('',#8052,1000.);
#4883=VECTOR('',#8057,1000.);
#4884=VECTOR('',#8058,1000.);
#4885=VECTOR('',#8059,1000.);
#4886=VECTOR('',#8060,1000.);
#4887=VECTOR('',#8061,1000.);
#4888=VECTOR('',#8062,1000.);
#4889=VECTOR('',#8063,1000.);
#4890=VECTOR('',#8066,1000.);
#4891=VECTOR('',#8067,1000.);
#4892=VECTOR('',#8068,1000.);
#4893=VECTOR('',#8071,1000.);
#4894=VECTOR('',#8072,1000.);
#4895=VECTOR('',#8073,1000.);
#4896=VECTOR('',#8076,1000.);
#4897=VECTOR('',#8077,1000.);
#4898=VECTOR('',#8080,1000.);
#4899=VECTOR('',#8083,1000.);
#4900=VECTOR('',#8088,1000.);
#4901=VECTOR('',#8091,1000.);
#4902=VECTOR('',#8096,1000.);
#4903=VECTOR('',#8097,1000.);
#4904=VECTOR('',#8098,1000.);
#4905=VECTOR('',#8101,1000.);
#4906=VECTOR('',#8102,1000.);
#4907=VECTOR('',#8105,1000.);
#4908=VECTOR('',#8106,1000.);
#4909=VECTOR('',#8109,1000.);
#4910=VECTOR('',#8110,1000.);
#4911=VECTOR('',#8111,1000.);
#4912=VECTOR('',#8114,1000.);
#4913=VECTOR('',#8115,1000.);
#4914=VECTOR('',#8118,1000.);
#4915=VECTOR('',#8119,1000.);
#4916=VECTOR('',#8122,1000.);
#4917=VECTOR('',#8123,1000.);
#4918=VECTOR('',#8124,1000.);
#4919=VECTOR('',#8127,1000.);
#4920=VECTOR('',#8128,1000.);
#4921=VECTOR('',#8131,1000.);
#4922=VECTOR('',#8132,1000.);
#4923=VECTOR('',#8153,1000.);
#4924=VECTOR('',#8154,1000.);
#4925=VECTOR('',#8155,1000.);
#4926=VECTOR('',#8158,1000.);
#4927=VECTOR('',#8159,1000.);
#4928=VECTOR('',#8162,1000.);
#4929=VECTOR('',#8163,1000.);
#4930=VECTOR('',#8166,1000.);
#4931=VECTOR('',#8167,1000.);
#4932=VECTOR('',#8170,1000.);
#4933=VECTOR('',#8171,1000.);
#4934=VECTOR('',#8174,1000.);
#4935=VECTOR('',#8175,1000.);
#4936=VECTOR('',#8178,1000.);
#4937=VECTOR('',#8179,1000.);
#4938=VECTOR('',#8182,1000.);
#4939=VECTOR('',#8183,1000.);
#4940=VECTOR('',#8186,1000.);
#4941=VECTOR('',#8187,1000.);
#4942=VECTOR('',#8190,1000.);
#4943=VECTOR('',#8191,1000.);
#4944=VECTOR('',#8194,1000.);
#4945=VECTOR('',#8195,1000.);
#4946=VECTOR('',#8198,1000.);
#4947=VECTOR('',#8199,1000.);
#4948=VECTOR('',#8202,1000.);
#4949=VECTOR('',#8203,1000.);
#4950=VECTOR('',#8206,1000.);
#4951=VECTOR('',#8207,1000.);
#4952=VECTOR('',#8208,1000.);
#4953=VECTOR('',#8209,1000.);
#4954=VECTOR('',#8212,1000.);
#4955=VECTOR('',#8213,1000.);
#4956=VECTOR('',#8214,1000.);
#4957=VECTOR('',#8217,1000.);
#4958=VECTOR('',#8218,1000.);
#4959=VECTOR('',#8219,1000.);
#4960=VECTOR('',#8222,1000.);
#4961=VECTOR('',#8223,1000.);
#4962=VECTOR('',#8226,1000.);
#4963=VECTOR('',#8233,1000.);
#4964=VECTOR('',#8234,1000.);
#4965=VECTOR('',#8235,1000.);
#4966=VECTOR('',#8236,1000.);
#4967=VECTOR('',#8239,1000.);
#4968=VECTOR('',#8240,1000.);
#4969=VECTOR('',#8243,1000.);
#4970=VECTOR('',#8244,1000.);
#4971=VECTOR('',#8251,1000.);
#4972=VECTOR('',#8252,1000.);
#4973=VECTOR('',#8253,1000.);
#4974=VECTOR('',#8256,1000.);
#4975=VECTOR('',#8257,1000.);
#4976=VECTOR('',#8258,1000.);
#4977=VECTOR('',#8261,1000.);
#4978=VECTOR('',#8262,1000.);
#4979=VECTOR('',#8269,1000.);
#4980=VECTOR('',#8270,1000.);
#4981=VECTOR('',#8271,1000.);
#4982=VECTOR('',#8274,1000.);
#4983=VECTOR('',#8275,1000.);
#4984=VECTOR('',#8276,1000.);
#4985=VECTOR('',#8279,1000.);
#4986=VECTOR('',#8280,1000.);
#4987=VECTOR('',#8287,1000.);
#4988=VECTOR('',#8288,1000.);
#4989=VECTOR('',#8289,1000.);
#4990=VECTOR('',#8292,1000.);
#4991=VECTOR('',#8293,1000.);
#4992=VECTOR('',#8294,1000.);
#4993=VECTOR('',#8297,1000.);
#4994=VECTOR('',#8298,1000.);
#4995=VECTOR('',#8305,1000.);
#4996=VECTOR('',#8306,1000.);
#4997=VECTOR('',#8307,1000.);
#4998=VECTOR('',#8308,1000.);
#4999=VECTOR('',#8311,1000.);
#5000=VECTOR('',#8312,1000.);
#5001=VECTOR('',#8315,1000.);
#5002=VECTOR('',#8316,1000.);
#5003=VECTOR('',#8323,1000.);
#5004=VECTOR('',#8324,1000.);
#5005=VECTOR('',#8325,1000.);
#5006=VECTOR('',#8328,1000.);
#5007=VECTOR('',#8329,1000.);
#5008=VECTOR('',#8330,1000.);
#5009=VECTOR('',#8333,1000.);
#5010=VECTOR('',#8334,1000.);
#5011=VECTOR('',#8343,1000.);
#5012=VECTOR('',#8344,1000.);
#5013=VECTOR('',#8345,1000.);
#5014=VECTOR('',#8346,1000.);
#5015=VECTOR('',#8347,1000.);
#5016=VECTOR('',#8348,1000.);
#5017=VECTOR('',#8349,1000.);
#5018=VECTOR('',#8350,1000.);
#5019=VECTOR('',#8351,1000.);
#5020=VECTOR('',#8352,1000.);
#5021=VECTOR('',#8353,1000.);
#5022=VECTOR('',#8354,1000.);
#5023=VECTOR('',#8355,1000.);
#5024=VECTOR('',#8356,1000.);
#5025=VECTOR('',#8357,1000.);
#5026=VECTOR('',#8358,1000.);
#5027=VECTOR('',#8361,1000.);
#5028=VECTOR('',#8362,1000.);
#5029=VECTOR('',#8363,1000.);
#5030=VECTOR('',#8364,1000.);
#5031=VECTOR('',#8365,1000.);
#5032=VECTOR('',#8366,1000.);
#5033=VECTOR('',#8367,1000.);
#5034=VECTOR('',#8368,1000.);
#5035=VECTOR('',#8369,1000.);
#5036=VECTOR('',#8370,1000.);
#5037=VECTOR('',#8371,1000.);
#5038=VECTOR('',#8372,1000.);
#5039=VECTOR('',#8373,1000.);
#5040=VECTOR('',#8374,1000.);
#5041=VECTOR('',#8375,1000.);
#5042=VECTOR('',#8376,1000.);
#5043=VECTOR('',#8379,1000.);
#5044=VECTOR('',#8380,1000.);
#5045=VECTOR('',#8381,1000.);
#5046=VECTOR('',#8382,1000.);
#5047=VECTOR('',#8385,1000.);
#5048=VECTOR('',#8386,1000.);
#5049=VECTOR('',#8387,1000.);
#5050=VECTOR('',#8388,1000.);
#5051=VECTOR('',#8391,1000.);
#5052=VECTOR('',#8392,1000.);
#5053=VECTOR('',#8393,1000.);
#5054=VECTOR('',#8396,1000.);
#5055=VECTOR('',#8397,1000.);
#5056=VECTOR('',#8398,1000.);
#5057=VECTOR('',#8401,1000.);
#5058=VECTOR('',#8402,1000.);
#5059=VECTOR('',#8403,1000.);
#5060=VECTOR('',#8406,1000.);
#5061=VECTOR('',#8407,1000.);
#5062=VECTOR('',#8408,1000.);
#5063=VECTOR('',#8411,1000.);
#5064=VECTOR('',#8412,1000.);
#5065=VECTOR('',#8413,1000.);
#5066=VECTOR('',#8416,1000.);
#5067=VECTOR('',#8417,1000.);
#5068=VECTOR('',#8418,1000.);
#5069=VECTOR('',#8423,1000.);
#5070=VECTOR('',#8428,1000.);
#5071=VECTOR('',#8435,1000.);
#5072=VECTOR('',#8436,1000.);
#5073=VECTOR('',#8437,1000.);
#5074=VECTOR('',#8440,1000.);
#5075=VECTOR('',#8441,1000.);
#5076=VECTOR('',#8442,1000.);
#5077=VECTOR('',#8445,1000.);
#5078=VECTOR('',#8446,1000.);
#5079=VECTOR('',#8447,1000.);
#5080=VECTOR('',#8448,1000.);
#5081=VECTOR('',#8449,1000.);
#5082=VECTOR('',#8450,1000.);
#5083=VECTOR('',#8453,1000.);
#5084=VECTOR('',#8454,1000.);
#5085=VECTOR('',#8455,1000.);
#5086=VECTOR('',#8456,1000.);
#5087=VECTOR('',#8457,1000.);
#5088=VECTOR('',#8458,1000.);
#5089=VECTOR('',#8459,1000.);
#5090=VECTOR('',#8460,1000.);
#5091=VECTOR('',#8463,1000.);
#5092=VECTOR('',#8464,1000.);
#5093=VECTOR('',#8465,1000.);
#5094=VECTOR('',#8468,1000.);
#5095=VECTOR('',#8469,1000.);
#5096=VECTOR('',#8470,1000.);
#5097=VECTOR('',#8475,1000.);
#5098=VECTOR('',#8480,1000.);
#5099=VECTOR('',#8487,1000.);
#5100=VECTOR('',#8488,1000.);
#5101=VECTOR('',#8489,1000.);
#5102=VECTOR('',#8492,1000.);
#5103=VECTOR('',#8493,1000.);
#5104=VECTOR('',#8494,1000.);
#5105=VECTOR('',#8497,1000.);
#5106=VECTOR('',#8498,1000.);
#5107=VECTOR('',#8499,1000.);
#5108=VECTOR('',#8502,1000.);
#5109=VECTOR('',#8503,1000.);
#5110=VECTOR('',#8504,1000.);
#5111=VECTOR('',#8507,1000.);
#5112=VECTOR('',#8508,1000.);
#5113=VECTOR('',#8509,1000.);
#5114=VECTOR('',#8512,1000.);
#5115=VECTOR('',#8513,1000.);
#5116=VECTOR('',#8514,1000.);
#5117=VECTOR('',#8517,1000.);
#5118=VECTOR('',#8518,1000.);
#5119=VECTOR('',#8519,1000.);
#5120=VECTOR('',#8522,1000.);
#5121=VECTOR('',#8523,1000.);
#5122=VECTOR('',#8524,1000.);
#5123=VECTOR('',#8527,1000.);
#5124=VECTOR('',#8528,1000.);
#5125=VECTOR('',#8529,1000.);
#5126=VECTOR('',#8532,1000.);
#5127=VECTOR('',#8533,1000.);
#5128=VECTOR('',#8534,1000.);
#5129=VECTOR('',#8539,1000.);
#5130=VECTOR('',#8548,1000.);
#5131=VECTOR('',#8551,1000.);
#5132=VECTOR('',#8552,1000.);
#5133=VECTOR('',#8555,1000.);
#5134=VECTOR('',#8556,1000.);
#5135=VECTOR('',#8559,1000.);
#5136=VECTOR('',#8560,1000.);
#5137=VECTOR('',#8561,1000.);
#5138=VECTOR('',#8564,1000.);
#5139=VECTOR('',#8565,1000.);
#5140=VECTOR('',#8566,1000.);
#5141=VECTOR('',#8571,1000.);
#5142=VECTOR('',#8580,1000.);
#5143=VECTOR('',#8583,1000.);
#5144=VECTOR('',#8584,1000.);
#5145=VECTOR('',#8587,1000.);
#5146=VECTOR('',#8588,1000.);
#5147=VECTOR('',#8591,1000.);
#5148=VECTOR('',#8598,1000.);
#5149=VECTOR('',#8605,1000.);
#5150=VECTOR('',#8606,1000.);
#5151=VECTOR('',#8607,1000.);
#5152=VECTOR('',#8610,1000.);
#5153=VECTOR('',#8611,1000.);
#5154=VECTOR('',#8612,1000.);
#5155=VECTOR('',#8615,1000.);
#5156=VECTOR('',#8616,1000.);
#5157=VECTOR('',#8617,1000.);
#5158=VECTOR('',#8620,1000.);
#5159=VECTOR('',#8621,1000.);
#5160=VECTOR('',#8622,1000.);
#5161=VECTOR('',#8625,1000.);
#5162=VECTOR('',#8626,1000.);
#5163=VECTOR('',#8627,1000.);
#5164=VECTOR('',#8630,1000.);
#5165=VECTOR('',#8631,1000.);
#5166=VECTOR('',#8632,1000.);
#5167=VECTOR('',#8639,1000.);
#5168=VECTOR('',#8646,1000.);
#5169=VECTOR('',#8649,1000.);
#5170=VECTOR('',#8650,1000.);
#5171=VECTOR('',#8651,1000.);
#5172=VECTOR('',#8652,1000.);
#5173=VECTOR('',#8653,1000.);
#5174=VECTOR('',#8654,1000.);
#5175=VECTOR('',#8655,1000.);
#5176=VECTOR('',#8656,1000.);
#5177=VECTOR('',#8657,1000.);
#5178=VECTOR('',#8658,1000.);
#5179=VECTOR('',#8661,1000.);
#5180=VECTOR('',#8662,1000.);
#5181=VECTOR('',#8663,1000.);
#5182=VECTOR('',#8664,1000.);
#5183=VECTOR('',#8665,1000.);
#5184=VECTOR('',#8666,1000.);
#5185=VECTOR('',#8667,1000.);
#5186=VECTOR('',#8668,1000.);
#5187=VECTOR('',#8669,1000.);
#5188=VECTOR('',#8670,1000.);
#5189=VECTOR('',#8671,1000.);
#5190=VECTOR('',#8672,1000.);
#5191=VECTOR('',#8675,1000.);
#5192=VECTOR('',#8682,1000.);
#5193=VECTOR('',#8689,1000.);
#5194=VECTOR('',#8690,1000.);
#5195=VECTOR('',#8691,1000.);
#5196=VECTOR('',#8694,1000.);
#5197=VECTOR('',#8695,1000.);
#5198=VECTOR('',#8696,1000.);
#5199=VECTOR('',#8699,1000.);
#5200=VECTOR('',#8700,1000.);
#5201=VECTOR('',#8701,1000.);
#5202=VECTOR('',#8704,1000.);
#5203=VECTOR('',#8705,1000.);
#5204=VECTOR('',#8706,1000.);
#5205=VECTOR('',#8709,1000.);
#5206=VECTOR('',#8710,1000.);
#5207=VECTOR('',#8711,1000.);
#5208=VECTOR('',#8714,1000.);
#5209=VECTOR('',#8715,1000.);
#5210=VECTOR('',#8716,1000.);
#5211=VECTOR('',#8731,1000.);
#5212=VECTOR('',#8732,1000.);
#5213=VECTOR('',#8735,1000.);
#5214=VECTOR('',#8736,1000.);
#5215=VECTOR('',#8739,1000.);
#5216=VECTOR('',#8740,1000.);
#5217=VECTOR('',#8743,1000.);
#5218=VECTOR('',#8744,1000.);
#5219=VECTOR('',#8747,1000.);
#5220=VECTOR('',#8752,1000.);
#5221=VECTOR('',#8757,1000.);
#5222=VECTOR('',#8762,1000.);
#5223=VECTOR('',#8767,1000.);
#5224=VECTOR('',#8768,1000.);
#5225=VECTOR('',#8775,1000.);
#5226=VECTOR('',#8778,1000.);
#5227=VECTOR('',#8783,1000.);
#5228=VECTOR('',#8786,1000.);
#5229=VECTOR('',#8791,1000.);
#5230=VECTOR('',#8792,1000.);
#5231=EDGE_LOOP('',(#223,#224,#225,#226));
#5232=EDGE_LOOP('',(#227,#228,#229,#230,#231,#232,#233,#234,#235,#236,#237,
#238,#239,#240,#241));
#5233=EDGE_LOOP('',(#242));
#5234=EDGE_LOOP('',(#243));
#5235=EDGE_LOOP('',(#244,#245,#246,#247));
#5236=EDGE_LOOP('',(#248,#249,#250,#251));
#5237=EDGE_LOOP('',(#252,#253,#254,#255));
#5238=EDGE_LOOP('',(#256,#257,#258,#259,#260,#261,#262,#263,#264,#265,#266,
#267,#268,#269,#270));
#5239=EDGE_LOOP('',(#271));
#5240=EDGE_LOOP('',(#272));
#5241=EDGE_LOOP('',(#273,#274,#275,#276));
#5242=EDGE_LOOP('',(#277,#278,#279,#280));
#5243=EDGE_LOOP('',(#281,#282,#283,#284));
#5244=EDGE_LOOP('',(#285,#286,#287,#288,#289,#290,#291,#292,#293,#294,#295,
#296,#297,#298,#299));
#5245=EDGE_LOOP('',(#300,#301,#302,#303));
#5246=EDGE_LOOP('',(#304,#305,#306,#307));
#5247=EDGE_LOOP('',(#308,#309,#310,#311));
#5248=EDGE_LOOP('',(#312,#313,#314,#315,#316,#317,#318,#319,#320,#321,#322,
#323,#324,#325,#326));
#5249=EDGE_LOOP('',(#327,#328,#329,#330));
#5250=EDGE_LOOP('',(#331,#332,#333,#334));
#5251=EDGE_LOOP('',(#335,#336,#337,#338,#339,#340));
#5252=EDGE_LOOP('',(#341,#342,#343,#344));
#5253=EDGE_LOOP('',(#345,#346,#347,#348));
#5254=EDGE_LOOP('',(#349,#350,#351,#352,#353,#354));
#5255=EDGE_LOOP('',(#355,#356,#357,#358,#359,#360));
#5256=EDGE_LOOP('',(#361,#362,#363,#364,#365,#366));
#5257=EDGE_LOOP('',(#367,#368,#369,#370));
#5258=EDGE_LOOP('',(#371,#372,#373,#374,#375,#376));
#5259=EDGE_LOOP('',(#377,#378,#379,#380,#381,#382));
#5260=EDGE_LOOP('',(#383,#384,#385,#386));
#5261=EDGE_LOOP('',(#387,#388,#389,#390,#391,#392));
#5262=EDGE_LOOP('',(#393,#394,#395,#396,#397,#398));
#5263=EDGE_LOOP('',(#399,#400,#401,#402));
#5264=EDGE_LOOP('',(#403,#404,#405,#406,#407,#408));
#5265=EDGE_LOOP('',(#409,#410,#411,#412,#413,#414));
#5266=EDGE_LOOP('',(#415,#416,#417,#418));
#5267=EDGE_LOOP('',(#419,#420,#421,#422));
#5268=EDGE_LOOP('',(#423,#424,#425,#426));
#5269=EDGE_LOOP('',(#427,#428,#429,#430));
#5270=EDGE_LOOP('',(#431,#432,#433,#434));
#5271=EDGE_LOOP('',(#435,#436,#437,#438,#439,#440));
#5272=EDGE_LOOP('',(#441,#442,#443,#444,#445,#446));
#5273=EDGE_LOOP('',(#447,#448,#449,#450,#451,#452,#453,#454));
#5274=EDGE_LOOP('',(#455,#456,#457,#458));
#5275=EDGE_LOOP('',(#459,#460,#461,#462));
#5276=EDGE_LOOP('',(#463,#464,#465,#466));
#5277=EDGE_LOOP('',(#467,#468,#469,#470));
#5278=EDGE_LOOP('',(#471,#472,#473,#474,#475,#476,#477,#478,#479,#480,#481,
#482,#483,#484,#485,#486,#487));
#5279=EDGE_LOOP('',(#488,#489,#490,#491,#492,#493,#494,#495,#496,#497,#498,
#499,#500,#501,#502,#503,#504));
#5280=EDGE_LOOP('',(#505,#506,#507,#508,#509,#510,#511,#512,#513,#514,#515,
#516,#517,#518,#519,#520,#521));
#5281=EDGE_LOOP('',(#522,#523,#524,#525,#526,#527,#528,#529,#530,#531,#532,
#533,#534,#535,#536,#537,#538));
#5282=EDGE_LOOP('',(#539,#540,#541,#542));
#5283=EDGE_LOOP('',(#543,#544,#545,#546));
#5284=EDGE_LOOP('',(#547,#548,#549,#550));
#5285=EDGE_LOOP('',(#551,#552,#553,#554));
#5286=EDGE_LOOP('',(#555,#556,#557,#558,#559,#560,#561,#562));
#5287=EDGE_LOOP('',(#563,#564,#565,#566));
#5288=EDGE_LOOP('',(#567,#568,#569,#570,#571,#572));
#5289=EDGE_LOOP('',(#573,#574,#575));
#5290=EDGE_LOOP('',(#576,#577,#578));
#5291=EDGE_LOOP('',(#579,#580,#581,#582,#583,#584));
#5292=EDGE_LOOP('',(#585,#586,#587,#588));
#5293=EDGE_LOOP('',(#589,#590,#591,#592,#593,#594));
#5294=EDGE_LOOP('',(#595,#596,#597,#598,#599,#600));
#5295=EDGE_LOOP('',(#601,#602,#603,#604,#605,#606,#607,#608,#609,#610,#611,
#612,#613,#614,#615,#616,#617,#618,#619,#620));
#5296=EDGE_LOOP('',(#621,#622,#623,#624));
#5297=EDGE_LOOP('',(#625,#626,#627,#628));
#5298=EDGE_LOOP('',(#629,#630,#631,#632));
#5299=EDGE_LOOP('',(#633,#634,#635,#636));
#5300=EDGE_LOOP('',(#637,#638,#639,#640));
#5301=EDGE_LOOP('',(#641));
#5302=EDGE_LOOP('',(#642));
#5303=EDGE_LOOP('',(#643));
#5304=EDGE_LOOP('',(#644));
#5305=EDGE_LOOP('',(#645,#646,#647,#648));
#5306=EDGE_LOOP('',(#649,#650,#651,#652));
#5307=EDGE_LOOP('',(#653,#654,#655,#656));
#5308=EDGE_LOOP('',(#657,#658,#659,#660));
#5309=EDGE_LOOP('',(#661,#662,#663,#664));
#5310=EDGE_LOOP('',(#665,#666,#667,#668));
#5311=EDGE_LOOP('',(#669,#670,#671,#672));
#5312=EDGE_LOOP('',(#673,#674,#675,#676));
#5313=EDGE_LOOP('',(#677,#678,#679,#680));
#5314=EDGE_LOOP('',(#681,#682,#683,#684));
#5315=EDGE_LOOP('',(#685,#686,#687,#688,#689,#690,#691,#692));
#5316=EDGE_LOOP('',(#693,#694,#695,#696,#697,#698));
#5317=EDGE_LOOP('',(#699,#700,#701,#702,#703,#704));
#5318=EDGE_LOOP('',(#705,#706,#707,#708,#709,#710,#711,#712));
#5319=EDGE_LOOP('',(#713,#714,#715,#716,#717,#718));
#5320=EDGE_LOOP('',(#719,#720,#721,#722,#723,#724));
#5321=EDGE_LOOP('',(#725,#726,#727,#728,#729,#730));
#5322=EDGE_LOOP('',(#731,#732,#733,#734,#735,#736));
#5323=EDGE_LOOP('',(#737,#738,#739,#740,#741,#742,#743,#744));
#5324=EDGE_LOOP('',(#745,#746,#747,#748,#749,#750,#751,#752));
#5325=EDGE_LOOP('',(#753,#754,#755));
#5326=EDGE_LOOP('',(#756,#757,#758,#759));
#5327=EDGE_LOOP('',(#760,#761,#762,#763,#764,#765));
#5328=EDGE_LOOP('',(#766,#767,#768,#769));
#5329=EDGE_LOOP('',(#770,#771,#772,#773,#774,#775));
#5330=EDGE_LOOP('',(#776,#777,#778,#779,#780,#781));
#5331=EDGE_LOOP('',(#782,#783,#784,#785));
#5332=EDGE_LOOP('',(#786,#787,#788,#789,#790,#791));
#5333=EDGE_LOOP('',(#792,#793,#794,#795));
#5334=EDGE_LOOP('',(#796,#797,#798));
#5335=EDGE_LOOP('',(#799,#800,#801,#802));
#5336=EDGE_LOOP('',(#803,#804,#805,#806,#807,#808,#809,#810,#811,#812,#813,
#814,#815,#816,#817,#818,#819,#820,#821,#822));
#5337=EDGE_LOOP('',(#823,#824,#825,#826));
#5338=EDGE_LOOP('',(#827,#828,#829,#830));
#5339=EDGE_LOOP('',(#831,#832,#833,#834,#835,#836));
#5340=EDGE_LOOP('',(#837,#838,#839,#840));
#5341=EDGE_LOOP('',(#841,#842,#843,#844,#845,#846));
#5342=EDGE_LOOP('',(#847,#848,#849,#850));
#5343=EDGE_LOOP('',(#851,#852,#853,#854));
#5344=EDGE_LOOP('',(#855,#856,#857,#858));
#5345=EDGE_LOOP('',(#859,#860,#861,#862));
#5346=EDGE_LOOP('',(#863,#864,#865,#866));
#5347=EDGE_LOOP('',(#867,#868,#869,#870));
#5348=EDGE_LOOP('',(#871,#872,#873,#874));
#5349=EDGE_LOOP('',(#875,#876,#877,#878));
#5350=EDGE_LOOP('',(#879,#880,#881,#882));
#5351=EDGE_LOOP('',(#883,#884,#885,#886));
#5352=EDGE_LOOP('',(#887,#888,#889,#890));
#5353=EDGE_LOOP('',(#891,#892,#893,#894));
#5354=EDGE_LOOP('',(#895,#896,#897,#898));
#5355=EDGE_LOOP('',(#899,#900,#901,#902));
#5356=EDGE_LOOP('',(#903,#904,#905,#906));
#5357=EDGE_LOOP('',(#907,#908,#909,#910));
#5358=EDGE_LOOP('',(#911,#912,#913,#914));
#5359=EDGE_LOOP('',(#915,#916,#917,#918));
#5360=EDGE_LOOP('',(#919,#920,#921,#922));
#5361=EDGE_LOOP('',(#923,#924,#925,#926));
#5362=EDGE_LOOP('',(#927,#928,#929,#930));
#5363=EDGE_LOOP('',(#931,#932,#933,#934));
#5364=EDGE_LOOP('',(#935,#936,#937,#938));
#5365=EDGE_LOOP('',(#939,#940,#941,#942));
#5366=EDGE_LOOP('',(#943,#944,#945,#946));
#5367=EDGE_LOOP('',(#947,#948,#949,#950));
#5368=EDGE_LOOP('',(#951,#952,#953,#954));
#5369=EDGE_LOOP('',(#955,#956,#957,#958));
#5370=EDGE_LOOP('',(#959,#960,#961,#962));
#5371=EDGE_LOOP('',(#963,#964,#965,#966));
#5372=EDGE_LOOP('',(#967,#968,#969,#970));
#5373=EDGE_LOOP('',(#971,#972,#973,#974));
#5374=EDGE_LOOP('',(#975,#976,#977,#978));
#5375=EDGE_LOOP('',(#979,#980,#981,#982));
#5376=EDGE_LOOP('',(#983,#984,#985,#986));
#5377=EDGE_LOOP('',(#987,#988,#989,#990));
#5378=EDGE_LOOP('',(#991,#992,#993,#994));
#5379=EDGE_LOOP('',(#995,#996,#997,#998));
#5380=EDGE_LOOP('',(#999,#1000,#1001,#1002));
#5381=EDGE_LOOP('',(#1003,#1004,#1005,#1006));
#5382=EDGE_LOOP('',(#1007,#1008,#1009,#1010));
#5383=EDGE_LOOP('',(#1011,#1012,#1013,#1014));
#5384=EDGE_LOOP('',(#1015,#1016,#1017,#1018));
#5385=EDGE_LOOP('',(#1019,#1020,#1021,#1022,#1023));
#5386=EDGE_LOOP('',(#1024,#1025,#1026,#1027,#1028));
#5387=EDGE_LOOP('',(#1029,#1030,#1031,#1032,#1033));
#5388=EDGE_LOOP('',(#1034,#1035,#1036,#1037,#1038));
#5389=EDGE_LOOP('',(#1039,#1040,#1041,#1042));
#5390=EDGE_LOOP('',(#1043,#1044,#1045,#1046));
#5391=EDGE_LOOP('',(#1047,#1048,#1049,#1050));
#5392=EDGE_LOOP('',(#1051,#1052,#1053,#1054));
#5393=EDGE_LOOP('',(#1055,#1056,#1057,#1058));
#5394=EDGE_LOOP('',(#1059,#1060,#1061,#1062));
#5395=EDGE_LOOP('',(#1063,#1064,#1065,#1066));
#5396=EDGE_LOOP('',(#1067,#1068,#1069,#1070));
#5397=EDGE_LOOP('',(#1071,#1072,#1073,#1074));
#5398=EDGE_LOOP('',(#1075,#1076,#1077,#1078));
#5399=EDGE_LOOP('',(#1079,#1080,#1081,#1082));
#5400=EDGE_LOOP('',(#1083,#1084,#1085,#1086));
#5401=EDGE_LOOP('',(#1087,#1088,#1089,#1090));
#5402=EDGE_LOOP('',(#1091,#1092,#1093,#1094));
#5403=EDGE_LOOP('',(#1095,#1096,#1097,#1098));
#5404=EDGE_LOOP('',(#1099,#1100,#1101,#1102));
#5405=EDGE_LOOP('',(#1103,#1104,#1105,#1106));
#5406=EDGE_LOOP('',(#1107,#1108,#1109,#1110));
#5407=EDGE_LOOP('',(#1111,#1112,#1113,#1114));
#5408=EDGE_LOOP('',(#1115,#1116,#1117,#1118));
#5409=EDGE_LOOP('',(#1119,#1120,#1121,#1122));
#5410=EDGE_LOOP('',(#1123,#1124,#1125,#1126));
#5411=EDGE_LOOP('',(#1127,#1128,#1129,#1130));
#5412=EDGE_LOOP('',(#1131,#1132,#1133,#1134));
#5413=EDGE_LOOP('',(#1135,#1136,#1137,#1138));
#5414=EDGE_LOOP('',(#1139,#1140,#1141,#1142));
#5415=EDGE_LOOP('',(#1143,#1144,#1145,#1146));
#5416=EDGE_LOOP('',(#1147,#1148,#1149,#1150));
#5417=EDGE_LOOP('',(#1151,#1152,#1153,#1154));
#5418=EDGE_LOOP('',(#1155,#1156,#1157,#1158));
#5419=EDGE_LOOP('',(#1159,#1160,#1161,#1162));
#5420=EDGE_LOOP('',(#1163,#1164,#1165,#1166));
#5421=EDGE_LOOP('',(#1167,#1168,#1169,#1170));
#5422=EDGE_LOOP('',(#1171,#1172,#1173,#1174));
#5423=EDGE_LOOP('',(#1175,#1176,#1177,#1178));
#5424=EDGE_LOOP('',(#1179,#1180,#1181,#1182));
#5425=EDGE_LOOP('',(#1183,#1184,#1185,#1186,#1187,#1188,#1189,#1190,#1191,
#1192,#1193,#1194,#1195,#1196));
#5426=EDGE_LOOP('',(#1197,#1198,#1199,#1200));
#5427=EDGE_LOOP('',(#1201,#1202,#1203,#1204));
#5428=EDGE_LOOP('',(#1205,#1206,#1207,#1208));
#5429=EDGE_LOOP('',(#1209,#1210,#1211,#1212));
#5430=EDGE_LOOP('',(#1213,#1214,#1215,#1216));
#5431=EDGE_LOOP('',(#1217,#1218,#1219,#1220));
#5432=EDGE_LOOP('',(#1221,#1222,#1223,#1224));
#5433=EDGE_LOOP('',(#1225,#1226,#1227,#1228));
#5434=EDGE_LOOP('',(#1229,#1230,#1231,#1232));
#5435=EDGE_LOOP('',(#1233,#1234,#1235,#1236));
#5436=EDGE_LOOP('',(#1237,#1238,#1239,#1240));
#5437=EDGE_LOOP('',(#1241,#1242,#1243,#1244));
#5438=EDGE_LOOP('',(#1245,#1246,#1247,#1248));
#5439=EDGE_LOOP('',(#1249,#1250,#1251,#1252));
#5440=EDGE_LOOP('',(#1253,#1254,#1255,#1256));
#5441=EDGE_LOOP('',(#1257,#1258,#1259,#1260));
#5442=EDGE_LOOP('',(#1261,#1262,#1263,#1264));
#5443=EDGE_LOOP('',(#1265,#1266,#1267,#1268));
#5444=EDGE_LOOP('',(#1269,#1270,#1271,#1272));
#5445=EDGE_LOOP('',(#1273,#1274,#1275,#1276));
#5446=EDGE_LOOP('',(#1277,#1278,#1279,#1280));
#5447=EDGE_LOOP('',(#1281,#1282,#1283,#1284));
#5448=EDGE_LOOP('',(#1285,#1286,#1287,#1288));
#5449=EDGE_LOOP('',(#1289,#1290,#1291,#1292));
#5450=EDGE_LOOP('',(#1293,#1294,#1295,#1296));
#5451=EDGE_LOOP('',(#1297,#1298,#1299,#1300));
#5452=EDGE_LOOP('',(#1301,#1302,#1303,#1304));
#5453=EDGE_LOOP('',(#1305,#1306,#1307,#1308));
#5454=EDGE_LOOP('',(#1309,#1310,#1311,#1312));
#5455=EDGE_LOOP('',(#1313,#1314,#1315,#1316));
#5456=EDGE_LOOP('',(#1317,#1318,#1319,#1320));
#5457=EDGE_LOOP('',(#1321,#1322,#1323,#1324));
#5458=EDGE_LOOP('',(#1325,#1326,#1327,#1328));
#5459=EDGE_LOOP('',(#1329,#1330,#1331,#1332));
#5460=EDGE_LOOP('',(#1333,#1334,#1335,#1336));
#5461=EDGE_LOOP('',(#1337,#1338,#1339,#1340));
#5462=EDGE_LOOP('',(#1341,#1342,#1343,#1344));
#5463=EDGE_LOOP('',(#1345,#1346,#1347,#1348));
#5464=EDGE_LOOP('',(#1349,#1350,#1351,#1352));
#5465=EDGE_LOOP('',(#1353,#1354,#1355,#1356));
#5466=EDGE_LOOP('',(#1357,#1358,#1359,#1360));
#5467=EDGE_LOOP('',(#1361,#1362,#1363,#1364));
#5468=EDGE_LOOP('',(#1365,#1366,#1367,#1368));
#5469=EDGE_LOOP('',(#1369,#1370,#1371,#1372));
#5470=EDGE_LOOP('',(#1373,#1374,#1375,#1376));
#5471=EDGE_LOOP('',(#1377,#1378,#1379,#1380));
#5472=EDGE_LOOP('',(#1381,#1382,#1383,#1384));
#5473=EDGE_LOOP('',(#1385,#1386,#1387,#1388));
#5474=EDGE_LOOP('',(#1389,#1390,#1391,#1392));
#5475=EDGE_LOOP('',(#1393,#1394,#1395,#1396));
#5476=EDGE_LOOP('',(#1397,#1398,#1399,#1400));
#5477=EDGE_LOOP('',(#1401,#1402,#1403,#1404));
#5478=EDGE_LOOP('',(#1405,#1406,#1407,#1408));
#5479=EDGE_LOOP('',(#1409,#1410,#1411,#1412));
#5480=EDGE_LOOP('',(#1413,#1414,#1415,#1416));
#5481=EDGE_LOOP('',(#1417,#1418,#1419,#1420));
#5482=EDGE_LOOP('',(#1421,#1422,#1423,#1424));
#5483=EDGE_LOOP('',(#1425,#1426,#1427,#1428));
#5484=EDGE_LOOP('',(#1429,#1430,#1431,#1432));
#5485=EDGE_LOOP('',(#1433,#1434,#1435,#1436));
#5486=EDGE_LOOP('',(#1437,#1438,#1439,#1440));
#5487=EDGE_LOOP('',(#1441,#1442,#1443,#1444,#1445,#1446,#1447,#1448,#1449,
#1450,#1451,#1452,#1453,#1454));
#5488=EDGE_LOOP('',(#1455,#1456,#1457,#1458));
#5489=EDGE_LOOP('',(#1459,#1460,#1461,#1462));
#5490=EDGE_LOOP('',(#1463,#1464,#1465,#1466));
#5491=EDGE_LOOP('',(#1467,#1468,#1469,#1470));
#5492=EDGE_LOOP('',(#1471,#1472,#1473,#1474));
#5493=EDGE_LOOP('',(#1475,#1476,#1477,#1478));
#5494=EDGE_LOOP('',(#1479,#1480,#1481,#1482));
#5495=EDGE_LOOP('',(#1483,#1484,#1485,#1486));
#5496=EDGE_LOOP('',(#1487,#1488,#1489,#1490));
#5497=EDGE_LOOP('',(#1491,#1492,#1493,#1494));
#5498=EDGE_LOOP('',(#1495,#1496,#1497,#1498));
#5499=EDGE_LOOP('',(#1499,#1500,#1501,#1502));
#5500=EDGE_LOOP('',(#1503,#1504,#1505,#1506));
#5501=EDGE_LOOP('',(#1507,#1508,#1509,#1510));
#5502=EDGE_LOOP('',(#1511,#1512,#1513,#1514));
#5503=EDGE_LOOP('',(#1515,#1516,#1517,#1518));
#5504=EDGE_LOOP('',(#1519,#1520,#1521,#1522));
#5505=EDGE_LOOP('',(#1523,#1524,#1525,#1526));
#5506=EDGE_LOOP('',(#1527,#1528,#1529,#1530));
#5507=EDGE_LOOP('',(#1531,#1532,#1533,#1534));
#5508=EDGE_LOOP('',(#1535,#1536,#1537,#1538));
#5509=EDGE_LOOP('',(#1539,#1540,#1541,#1542));
#5510=EDGE_LOOP('',(#1543,#1544,#1545,#1546));
#5511=EDGE_LOOP('',(#1547,#1548,#1549,#1550));
#5512=EDGE_LOOP('',(#1551,#1552,#1553,#1554));
#5513=EDGE_LOOP('',(#1555,#1556,#1557,#1558));
#5514=EDGE_LOOP('',(#1559,#1560,#1561,#1562));
#5515=EDGE_LOOP('',(#1563,#1564,#1565,#1566));
#5516=EDGE_LOOP('',(#1567,#1568,#1569,#1570));
#5517=EDGE_LOOP('',(#1571,#1572,#1573,#1574));
#5518=EDGE_LOOP('',(#1575,#1576,#1577,#1578));
#5519=EDGE_LOOP('',(#1579,#1580,#1581,#1582,#1583,#1584,#1585,#1586,#1587,
#1588,#1589,#1590,#1591,#1592,#1593,#1594));
#5520=EDGE_LOOP('',(#1595,#1596,#1597,#1598,#1599,#1600,#1601,#1602,#1603,
#1604,#1605,#1606,#1607,#1608,#1609,#1610));
#5521=EDGE_LOOP('',(#1611,#1612,#1613,#1614));
#5522=EDGE_LOOP('',(#1615,#1616,#1617,#1618));
#5523=EDGE_LOOP('',(#1619,#1620,#1621,#1622));
#5524=EDGE_LOOP('',(#1623,#1624,#1625,#1626));
#5525=EDGE_LOOP('',(#1627,#1628,#1629,#1630));
#5526=EDGE_LOOP('',(#1631,#1632,#1633,#1634));
#5527=EDGE_LOOP('',(#1635,#1636,#1637,#1638));
#5528=EDGE_LOOP('',(#1639,#1640,#1641,#1642));
#5529=EDGE_LOOP('',(#1643,#1644,#1645,#1646));
#5530=EDGE_LOOP('',(#1647,#1648,#1649,#1650));
#5531=EDGE_LOOP('',(#1651,#1652,#1653,#1654));
#5532=EDGE_LOOP('',(#1655,#1656,#1657,#1658));
#5533=EDGE_LOOP('',(#1659,#1660,#1661,#1662,#1663,#1664,#1665,#1666));
#5534=EDGE_LOOP('',(#1667,#1668,#1669,#1670,#1671,#1672,#1673,#1674));
#5535=EDGE_LOOP('',(#1675,#1676,#1677,#1678));
#5536=EDGE_LOOP('',(#1679,#1680,#1681,#1682));
#5537=EDGE_LOOP('',(#1683,#1684,#1685,#1686));
#5538=EDGE_LOOP('',(#1687,#1688,#1689,#1690));
#5539=EDGE_LOOP('',(#1691,#1692,#1693,#1694));
#5540=EDGE_LOOP('',(#1695,#1696,#1697,#1698));
#5541=EDGE_LOOP('',(#1699,#1700,#1701,#1702));
#5542=EDGE_LOOP('',(#1703,#1704,#1705,#1706));
#5543=EDGE_LOOP('',(#1707,#1708,#1709,#1710));
#5544=EDGE_LOOP('',(#1711,#1712,#1713,#1714));
#5545=EDGE_LOOP('',(#1715,#1716,#1717,#1718));
#5546=EDGE_LOOP('',(#1719,#1720,#1721,#1722));
#5547=EDGE_LOOP('',(#1723,#1724,#1725,#1726));
#5548=EDGE_LOOP('',(#1727,#1728,#1729,#1730));
#5549=EDGE_LOOP('',(#1731,#1732,#1733,#1734));
#5550=EDGE_LOOP('',(#1735,#1736,#1737,#1738));
#5551=EDGE_LOOP('',(#1739,#1740,#1741,#1742));
#5552=EDGE_LOOP('',(#1743,#1744,#1745,#1746));
#5553=EDGE_LOOP('',(#1747,#1748,#1749,#1750));
#5554=EDGE_LOOP('',(#1751,#1752,#1753,#1754));
#5555=EDGE_LOOP('',(#1755,#1756,#1757,#1758));
#5556=EDGE_LOOP('',(#1759,#1760,#1761,#1762));
#5557=EDGE_LOOP('',(#1763,#1764,#1765,#1766));
#5558=EDGE_LOOP('',(#1767,#1768,#1769,#1770));
#5559=EDGE_LOOP('',(#1771,#1772,#1773,#1774));
#5560=EDGE_LOOP('',(#1775,#1776,#1777,#1778));
#5561=EDGE_LOOP('',(#1779,#1780,#1781,#1782));
#5562=EDGE_LOOP('',(#1783,#1784,#1785,#1786));
#5563=EDGE_LOOP('',(#1787,#1788,#1789,#1790));
#5564=EDGE_LOOP('',(#1791,#1792,#1793,#1794));
#5565=EDGE_LOOP('',(#1795,#1796,#1797,#1798));
#5566=EDGE_LOOP('',(#1799,#1800,#1801,#1802));
#5567=EDGE_LOOP('',(#1803,#1804,#1805,#1806));
#5568=EDGE_LOOP('',(#1807,#1808,#1809,#1810));
#5569=EDGE_LOOP('',(#1811,#1812,#1813,#1814,#1815,#1816,#1817,#1818,#1819,
#1820,#1821,#1822));
#5570=EDGE_LOOP('',(#1823,#1824,#1825,#1826,#1827,#1828,#1829,#1830,#1831,
#1832,#1833,#1834));
#5571=EDGE_LOOP('',(#1835,#1836,#1837,#1838));
#5572=EDGE_LOOP('',(#1839,#1840,#1841,#1842));
#5573=EDGE_LOOP('',(#1843,#1844,#1845,#1846));
#5574=EDGE_LOOP('',(#1847,#1848,#1849,#1850));
#5575=EDGE_LOOP('',(#1851,#1852,#1853,#1854));
#5576=EDGE_LOOP('',(#1855,#1856,#1857,#1858));
#5577=EDGE_LOOP('',(#1859,#1860,#1861,#1862));
#5578=EDGE_LOOP('',(#1863,#1864,#1865,#1866));
#5579=EDGE_LOOP('',(#1867,#1868,#1869,#1870));
#5580=EDGE_LOOP('',(#1871,#1872,#1873,#1874));
#5581=EDGE_LOOP('',(#1875,#1876,#1877,#1878));
#5582=EDGE_LOOP('',(#1879,#1880,#1881,#1882));
#5583=EDGE_LOOP('',(#1883,#1884,#1885,#1886,#1887,#1888,#1889,#1890,#1891,
#1892,#1893,#1894,#1895,#1896,#1897,#1898,#1899,#1900,#1901,#1902,#1903,
#1904,#1905,#1906,#1907,#1908,#1909,#1910));
#5584=EDGE_LOOP('',(#1911,#1912,#1913,#1914,#1915,#1916,#1917,#1918,#1919,
#1920,#1921,#1922,#1923,#1924,#1925,#1926,#1927,#1928,#1929,#1930,#1931,
#1932,#1933,#1934,#1935,#1936,#1937,#1938));
#5585=EDGE_LOOP('',(#1939,#1940,#1941,#1942));
#5586=EDGE_LOOP('',(#1943,#1944,#1945,#1946,#1947,#1948,#1949,#1950));
#5587=EDGE_LOOP('',(#1951,#1952,#1953,#1954));
#5588=EDGE_LOOP('',(#1955,#1956,#1957,#1958,#1959,#1960,#1961,#1962));
#5589=EDGE_LOOP('',(#1963,#1964,#1965,#1966));
#5590=EDGE_LOOP('',(#1967,#1968,#1969,#1970,#1971,#1972,#1973,#1974));
#5591=EDGE_LOOP('',(#1975,#1976,#1977,#1978));
#5592=EDGE_LOOP('',(#1979,#1980,#1981,#1982,#1983,#1984,#1985,#1986));
#5593=EDGE_LOOP('',(#1987,#1988,#1989,#1990));
#5594=EDGE_LOOP('',(#1991,#1992,#1993,#1994,#1995,#1996,#1997,#1998));
#5595=EDGE_LOOP('',(#1999,#2000,#2001,#2002,#2003,#2004,#2005,#2006));
#5596=EDGE_LOOP('',(#2007,#2008,#2009,#2010,#2011,#2012,#2013,#2014));
#5597=EDGE_LOOP('',(#2015,#2016,#2017,#2018,#2019,#2020,#2021,#2022));
#5598=EDGE_LOOP('',(#2023,#2024,#2025,#2026));
#5599=EDGE_LOOP('',(#2027,#2028,#2029,#2030,#2031,#2032,#2033,#2034,#2035,
#2036,#2037,#2038));
#5600=EDGE_LOOP('',(#2039,#2040,#2041,#2042,#2043,#2044,#2045,#2046,#2047,
#2048,#2049,#2050));
#5601=EDGE_LOOP('',(#2051,#2052,#2053,#2054));
#5602=EDGE_LOOP('',(#2055,#2056,#2057,#2058));
#5603=EDGE_LOOP('',(#2059,#2060,#2061,#2062,#2063,#2064,#2065,#2066,#2067,
#2068,#2069,#2070));
#5604=EDGE_LOOP('',(#2071,#2072,#2073,#2074,#2075,#2076,#2077,#2078,#2079,
#2080,#2081,#2082));
#5605=FACE_BOUND('',#5231,.T.);
#5606=FACE_BOUND('',#5232,.T.);
#5607=FACE_BOUND('',#5233,.T.);
#5608=FACE_BOUND('',#5234,.T.);
#5609=FACE_BOUND('',#5235,.T.);
#5610=FACE_BOUND('',#5236,.T.);
#5611=FACE_BOUND('',#5237,.T.);
#5612=FACE_BOUND('',#5238,.T.);
#5613=FACE_BOUND('',#5239,.T.);
#5614=FACE_BOUND('',#5240,.T.);
#5615=FACE_BOUND('',#5241,.T.);
#5616=FACE_BOUND('',#5242,.T.);
#5617=FACE_BOUND('',#5243,.T.);
#5618=FACE_BOUND('',#5244,.T.);
#5619=FACE_BOUND('',#5245,.T.);
#5620=FACE_BOUND('',#5246,.T.);
#5621=FACE_BOUND('',#5247,.T.);
#5622=FACE_BOUND('',#5248,.T.);
#5623=FACE_BOUND('',#5249,.T.);
#5624=FACE_BOUND('',#5250,.T.);
#5625=FACE_BOUND('',#5251,.T.);
#5626=FACE_BOUND('',#5252,.T.);
#5627=FACE_BOUND('',#5253,.T.);
#5628=FACE_BOUND('',#5254,.T.);
#5629=FACE_BOUND('',#5255,.T.);
#5630=FACE_BOUND('',#5256,.T.);
#5631=FACE_BOUND('',#5257,.T.);
#5632=FACE_BOUND('',#5258,.T.);
#5633=FACE_BOUND('',#5259,.T.);
#5634=FACE_BOUND('',#5260,.T.);
#5635=FACE_BOUND('',#5261,.T.);
#5636=FACE_BOUND('',#5262,.T.);
#5637=FACE_BOUND('',#5263,.T.);
#5638=FACE_BOUND('',#5264,.T.);
#5639=FACE_BOUND('',#5265,.T.);
#5640=FACE_BOUND('',#5266,.T.);
#5641=FACE_BOUND('',#5267,.T.);
#5642=FACE_BOUND('',#5268,.T.);
#5643=FACE_BOUND('',#5269,.T.);
#5644=FACE_BOUND('',#5270,.T.);
#5645=FACE_BOUND('',#5271,.T.);
#5646=FACE_BOUND('',#5272,.T.);
#5647=FACE_BOUND('',#5273,.T.);
#5648=FACE_BOUND('',#5274,.T.);
#5649=FACE_BOUND('',#5275,.T.);
#5650=FACE_BOUND('',#5276,.T.);
#5651=FACE_BOUND('',#5277,.T.);
#5652=FACE_BOUND('',#5278,.T.);
#5653=FACE_BOUND('',#5279,.T.);
#5654=FACE_BOUND('',#5280,.T.);
#5655=FACE_BOUND('',#5281,.T.);
#5656=FACE_BOUND('',#5282,.T.);
#5657=FACE_BOUND('',#5283,.T.);
#5658=FACE_BOUND('',#5284,.T.);
#5659=FACE_BOUND('',#5285,.T.);
#5660=FACE_BOUND('',#5286,.T.);
#5661=FACE_BOUND('',#5287,.T.);
#5662=FACE_BOUND('',#5288,.T.);
#5663=FACE_BOUND('',#5289,.T.);
#5664=FACE_BOUND('',#5290,.T.);
#5665=FACE_BOUND('',#5291,.T.);
#5666=FACE_BOUND('',#5292,.T.);
#5667=FACE_BOUND('',#5293,.T.);
#5668=FACE_BOUND('',#5294,.T.);
#5669=FACE_BOUND('',#5295,.T.);
#5670=FACE_BOUND('',#5296,.T.);
#5671=FACE_BOUND('',#5297,.T.);
#5672=FACE_BOUND('',#5298,.T.);
#5673=FACE_BOUND('',#5299,.T.);
#5674=FACE_BOUND('',#5300,.T.);
#5675=FACE_BOUND('',#5301,.T.);
#5676=FACE_BOUND('',#5302,.T.);
#5677=FACE_BOUND('',#5303,.T.);
#5678=FACE_BOUND('',#5304,.T.);
#5679=FACE_BOUND('',#5305,.T.);
#5680=FACE_BOUND('',#5306,.T.);
#5681=FACE_BOUND('',#5307,.T.);
#5682=FACE_BOUND('',#5308,.T.);
#5683=FACE_BOUND('',#5309,.T.);
#5684=FACE_BOUND('',#5310,.T.);
#5685=FACE_BOUND('',#5311,.T.);
#5686=FACE_BOUND('',#5312,.T.);
#5687=FACE_BOUND('',#5313,.T.);
#5688=FACE_BOUND('',#5314,.T.);
#5689=FACE_BOUND('',#5315,.T.);
#5690=FACE_BOUND('',#5316,.T.);
#5691=FACE_BOUND('',#5317,.T.);
#5692=FACE_BOUND('',#5318,.T.);
#5693=FACE_BOUND('',#5319,.T.);
#5694=FACE_BOUND('',#5320,.T.);
#5695=FACE_BOUND('',#5321,.T.);
#5696=FACE_BOUND('',#5322,.T.);
#5697=FACE_BOUND('',#5323,.T.);
#5698=FACE_BOUND('',#5324,.T.);
#5699=FACE_BOUND('',#5325,.T.);
#5700=FACE_BOUND('',#5326,.T.);
#5701=FACE_BOUND('',#5327,.T.);
#5702=FACE_BOUND('',#5328,.T.);
#5703=FACE_BOUND('',#5329,.T.);
#5704=FACE_BOUND('',#5330,.T.);
#5705=FACE_BOUND('',#5331,.T.);
#5706=FACE_BOUND('',#5332,.T.);
#5707=FACE_BOUND('',#5333,.T.);
#5708=FACE_BOUND('',#5334,.T.);
#5709=FACE_BOUND('',#5335,.T.);
#5710=FACE_BOUND('',#5336,.T.);
#5711=FACE_BOUND('',#5337,.T.);
#5712=FACE_BOUND('',#5338,.T.);
#5713=FACE_BOUND('',#5339,.T.);
#5714=FACE_BOUND('',#5340,.T.);
#5715=FACE_BOUND('',#5341,.T.);
#5716=FACE_BOUND('',#5342,.T.);
#5717=FACE_BOUND('',#5343,.T.);
#5718=FACE_BOUND('',#5344,.T.);
#5719=FACE_BOUND('',#5345,.T.);
#5720=FACE_BOUND('',#5346,.T.);
#5721=FACE_BOUND('',#5347,.T.);
#5722=FACE_BOUND('',#5348,.T.);
#5723=FACE_BOUND('',#5349,.T.);
#5724=FACE_BOUND('',#5350,.T.);
#5725=FACE_BOUND('',#5351,.T.);
#5726=FACE_BOUND('',#5352,.T.);
#5727=FACE_BOUND('',#5353,.T.);
#5728=FACE_BOUND('',#5354,.T.);
#5729=FACE_BOUND('',#5355,.T.);
#5730=FACE_BOUND('',#5356,.T.);
#5731=FACE_BOUND('',#5357,.T.);
#5732=FACE_BOUND('',#5358,.T.);
#5733=FACE_BOUND('',#5359,.T.);
#5734=FACE_BOUND('',#5360,.T.);
#5735=FACE_BOUND('',#5361,.T.);
#5736=FACE_BOUND('',#5362,.T.);
#5737=FACE_BOUND('',#5363,.T.);
#5738=FACE_BOUND('',#5364,.T.);
#5739=FACE_BOUND('',#5365,.T.);
#5740=FACE_BOUND('',#5366,.T.);
#5741=FACE_BOUND('',#5367,.T.);
#5742=FACE_BOUND('',#5368,.T.);
#5743=FACE_BOUND('',#5369,.T.);
#5744=FACE_BOUND('',#5370,.T.);
#5745=FACE_BOUND('',#5371,.T.);
#5746=FACE_BOUND('',#5372,.T.);
#5747=FACE_BOUND('',#5373,.T.);
#5748=FACE_BOUND('',#5374,.T.);
#5749=FACE_BOUND('',#5375,.T.);
#5750=FACE_BOUND('',#5376,.T.);
#5751=FACE_BOUND('',#5377,.T.);
#5752=FACE_BOUND('',#5378,.T.);
#5753=FACE_BOUND('',#5379,.T.);
#5754=FACE_BOUND('',#5380,.T.);
#5755=FACE_BOUND('',#5381,.T.);
#5756=FACE_BOUND('',#5382,.T.);
#5757=FACE_BOUND('',#5383,.T.);
#5758=FACE_BOUND('',#5384,.T.);
#5759=FACE_BOUND('',#5385,.T.);
#5760=FACE_BOUND('',#5386,.T.);
#5761=FACE_BOUND('',#5387,.T.);
#5762=FACE_BOUND('',#5388,.T.);
#5763=FACE_BOUND('',#5389,.T.);
#5764=FACE_BOUND('',#5390,.T.);
#5765=FACE_BOUND('',#5391,.T.);
#5766=FACE_BOUND('',#5392,.T.);
#5767=FACE_BOUND('',#5393,.T.);
#5768=FACE_BOUND('',#5394,.T.);
#5769=FACE_BOUND('',#5395,.T.);
#5770=FACE_BOUND('',#5396,.T.);
#5771=FACE_BOUND('',#5397,.T.);
#5772=FACE_BOUND('',#5398,.T.);
#5773=FACE_BOUND('',#5399,.T.);
#5774=FACE_BOUND('',#5400,.T.);
#5775=FACE_BOUND('',#5401,.T.);
#5776=FACE_BOUND('',#5402,.T.);
#5777=FACE_BOUND('',#5403,.T.);
#5778=FACE_BOUND('',#5404,.T.);
#5779=FACE_BOUND('',#5405,.T.);
#5780=FACE_BOUND('',#5406,.T.);
#5781=FACE_BOUND('',#5407,.T.);
#5782=FACE_BOUND('',#5408,.T.);
#5783=FACE_BOUND('',#5409,.T.);
#5784=FACE_BOUND('',#5410,.T.);
#5785=FACE_BOUND('',#5411,.T.);
#5786=FACE_BOUND('',#5412,.T.);
#5787=FACE_BOUND('',#5413,.T.);
#5788=FACE_BOUND('',#5414,.T.);
#5789=FACE_BOUND('',#5415,.T.);
#5790=FACE_BOUND('',#5416,.T.);
#5791=FACE_BOUND('',#5417,.T.);
#5792=FACE_BOUND('',#5418,.T.);
#5793=FACE_BOUND('',#5419,.T.);
#5794=FACE_BOUND('',#5420,.T.);
#5795=FACE_BOUND('',#5421,.T.);
#5796=FACE_BOUND('',#5422,.T.);
#5797=FACE_BOUND('',#5423,.T.);
#5798=FACE_BOUND('',#5424,.T.);
#5799=FACE_BOUND('',#5425,.T.);
#5800=FACE_BOUND('',#5426,.T.);
#5801=FACE_BOUND('',#5427,.T.);
#5802=FACE_BOUND('',#5428,.T.);
#5803=FACE_BOUND('',#5429,.T.);
#5804=FACE_BOUND('',#5430,.T.);
#5805=FACE_BOUND('',#5431,.T.);
#5806=FACE_BOUND('',#5432,.T.);
#5807=FACE_BOUND('',#5433,.T.);
#5808=FACE_BOUND('',#5434,.T.);
#5809=FACE_BOUND('',#5435,.T.);
#5810=FACE_BOUND('',#5436,.T.);
#5811=FACE_BOUND('',#5437,.T.);
#5812=FACE_BOUND('',#5438,.T.);
#5813=FACE_BOUND('',#5439,.T.);
#5814=FACE_BOUND('',#5440,.T.);
#5815=FACE_BOUND('',#5441,.T.);
#5816=FACE_BOUND('',#5442,.T.);
#5817=FACE_BOUND('',#5443,.T.);
#5818=FACE_BOUND('',#5444,.T.);
#5819=FACE_BOUND('',#5445,.T.);
#5820=FACE_BOUND('',#5446,.T.);
#5821=FACE_BOUND('',#5447,.T.);
#5822=FACE_BOUND('',#5448,.T.);
#5823=FACE_BOUND('',#5449,.T.);
#5824=FACE_BOUND('',#5450,.T.);
#5825=FACE_BOUND('',#5451,.T.);
#5826=FACE_BOUND('',#5452,.T.);
#5827=FACE_BOUND('',#5453,.T.);
#5828=FACE_BOUND('',#5454,.T.);
#5829=FACE_BOUND('',#5455,.T.);
#5830=FACE_BOUND('',#5456,.T.);
#5831=FACE_BOUND('',#5457,.T.);
#5832=FACE_BOUND('',#5458,.T.);
#5833=FACE_BOUND('',#5459,.T.);
#5834=FACE_BOUND('',#5460,.T.);
#5835=FACE_BOUND('',#5461,.T.);
#5836=FACE_BOUND('',#5462,.T.);
#5837=FACE_BOUND('',#5463,.T.);
#5838=FACE_BOUND('',#5464,.T.);
#5839=FACE_BOUND('',#5465,.T.);
#5840=FACE_BOUND('',#5466,.T.);
#5841=FACE_BOUND('',#5467,.T.);
#5842=FACE_BOUND('',#5468,.T.);
#5843=FACE_BOUND('',#5469,.T.);
#5844=FACE_BOUND('',#5470,.T.);
#5845=FACE_BOUND('',#5471,.T.);
#5846=FACE_BOUND('',#5472,.T.);
#5847=FACE_BOUND('',#5473,.T.);
#5848=FACE_BOUND('',#5474,.T.);
#5849=FACE_BOUND('',#5475,.T.);
#5850=FACE_BOUND('',#5476,.T.);
#5851=FACE_BOUND('',#5477,.T.);
#5852=FACE_BOUND('',#5478,.T.);
#5853=FACE_BOUND('',#5479,.T.);
#5854=FACE_BOUND('',#5480,.T.);
#5855=FACE_BOUND('',#5481,.T.);
#5856=FACE_BOUND('',#5482,.T.);
#5857=FACE_BOUND('',#5483,.T.);
#5858=FACE_BOUND('',#5484,.T.);
#5859=FACE_BOUND('',#5485,.T.);
#5860=FACE_BOUND('',#5486,.T.);
#5861=FACE_BOUND('',#5487,.T.);
#5862=FACE_BOUND('',#5488,.T.);
#5863=FACE_BOUND('',#5489,.T.);
#5864=FACE_BOUND('',#5490,.T.);
#5865=FACE_BOUND('',#5491,.T.);
#5866=FACE_BOUND('',#5492,.T.);
#5867=FACE_BOUND('',#5493,.T.);
#5868=FACE_BOUND('',#5494,.T.);
#5869=FACE_BOUND('',#5495,.T.);
#5870=FACE_BOUND('',#5496,.T.);
#5871=FACE_BOUND('',#5497,.T.);
#5872=FACE_BOUND('',#5498,.T.);
#5873=FACE_BOUND('',#5499,.T.);
#5874=FACE_BOUND('',#5500,.T.);
#5875=FACE_BOUND('',#5501,.T.);
#5876=FACE_BOUND('',#5502,.T.);
#5877=FACE_BOUND('',#5503,.T.);
#5878=FACE_BOUND('',#5504,.T.);
#5879=FACE_BOUND('',#5505,.T.);
#5880=FACE_BOUND('',#5506,.T.);
#5881=FACE_BOUND('',#5507,.T.);
#5882=FACE_BOUND('',#5508,.T.);
#5883=FACE_BOUND('',#5509,.T.);
#5884=FACE_BOUND('',#5510,.T.);
#5885=FACE_BOUND('',#5511,.T.);
#5886=FACE_BOUND('',#5512,.T.);
#5887=FACE_BOUND('',#5513,.T.);
#5888=FACE_BOUND('',#5514,.T.);
#5889=FACE_BOUND('',#5515,.T.);
#5890=FACE_BOUND('',#5516,.T.);
#5891=FACE_BOUND('',#5517,.T.);
#5892=FACE_BOUND('',#5518,.T.);
#5893=FACE_BOUND('',#5519,.T.);
#5894=FACE_BOUND('',#5520,.T.);
#5895=FACE_BOUND('',#5521,.T.);
#5896=FACE_BOUND('',#5522,.T.);
#5897=FACE_BOUND('',#5523,.T.);
#5898=FACE_BOUND('',#5524,.T.);
#5899=FACE_BOUND('',#5525,.T.);
#5900=FACE_BOUND('',#5526,.T.);
#5901=FACE_BOUND('',#5527,.T.);
#5902=FACE_BOUND('',#5528,.T.);
#5903=FACE_BOUND('',#5529,.T.);
#5904=FACE_BOUND('',#5530,.T.);
#5905=FACE_BOUND('',#5531,.T.);
#5906=FACE_BOUND('',#5532,.T.);
#5907=FACE_BOUND('',#5533,.T.);
#5908=FACE_BOUND('',#5534,.T.);
#5909=FACE_BOUND('',#5535,.T.);
#5910=FACE_BOUND('',#5536,.T.);
#5911=FACE_BOUND('',#5537,.T.);
#5912=FACE_BOUND('',#5538,.T.);
#5913=FACE_BOUND('',#5539,.T.);
#5914=FACE_BOUND('',#5540,.T.);
#5915=FACE_BOUND('',#5541,.T.);
#5916=FACE_BOUND('',#5542,.T.);
#5917=FACE_BOUND('',#5543,.T.);
#5918=FACE_BOUND('',#5544,.T.);
#5919=FACE_BOUND('',#5545,.T.);
#5920=FACE_BOUND('',#5546,.T.);
#5921=FACE_BOUND('',#5547,.T.);
#5922=FACE_BOUND('',#5548,.T.);
#5923=FACE_BOUND('',#5549,.T.);
#5924=FACE_BOUND('',#5550,.T.);
#5925=FACE_BOUND('',#5551,.T.);
#5926=FACE_BOUND('',#5552,.T.);
#5927=FACE_BOUND('',#5553,.T.);
#5928=FACE_BOUND('',#5554,.T.);
#5929=FACE_BOUND('',#5555,.T.);
#5930=FACE_BOUND('',#5556,.T.);
#5931=FACE_BOUND('',#5557,.T.);
#5932=FACE_BOUND('',#5558,.T.);
#5933=FACE_BOUND('',#5559,.T.);
#5934=FACE_BOUND('',#5560,.T.);
#5935=FACE_BOUND('',#5561,.T.);
#5936=FACE_BOUND('',#5562,.T.);
#5937=FACE_BOUND('',#5563,.T.);
#5938=FACE_BOUND('',#5564,.T.);
#5939=FACE_BOUND('',#5565,.T.);
#5940=FACE_BOUND('',#5566,.T.);
#5941=FACE_BOUND('',#5567,.T.);
#5942=FACE_BOUND('',#5568,.T.);
#5943=FACE_BOUND('',#5569,.T.);
#5944=FACE_BOUND('',#5570,.T.);
#5945=FACE_BOUND('',#5571,.T.);
#5946=FACE_BOUND('',#5572,.T.);
#5947=FACE_BOUND('',#5573,.T.);
#5948=FACE_BOUND('',#5574,.T.);
#5949=FACE_BOUND('',#5575,.T.);
#5950=FACE_BOUND('',#5576,.T.);
#5951=FACE_BOUND('',#5577,.T.);
#5952=FACE_BOUND('',#5578,.T.);
#5953=FACE_BOUND('',#5579,.T.);
#5954=FACE_BOUND('',#5580,.T.);
#5955=FACE_BOUND('',#5581,.T.);
#5956=FACE_BOUND('',#5582,.T.);
#5957=FACE_BOUND('',#5583,.T.);
#5958=FACE_BOUND('',#5584,.T.);
#5959=FACE_BOUND('',#5585,.T.);
#5960=FACE_BOUND('',#5586,.T.);
#5961=FACE_BOUND('',#5587,.T.);
#5962=FACE_BOUND('',#5588,.T.);
#5963=FACE_BOUND('',#5589,.T.);
#5964=FACE_BOUND('',#5590,.T.);
#5965=FACE_BOUND('',#5591,.T.);
#5966=FACE_BOUND('',#5592,.T.);
#5967=FACE_BOUND('',#5593,.T.);
#5968=FACE_BOUND('',#5594,.T.);
#5969=FACE_BOUND('',#5595,.T.);
#5970=FACE_BOUND('',#5596,.T.);
#5971=FACE_BOUND('',#5597,.T.);
#5972=FACE_BOUND('',#5598,.T.);
#5973=FACE_BOUND('',#5599,.T.);
#5974=FACE_BOUND('',#5600,.T.);
#5975=FACE_BOUND('',#5601,.T.);
#5976=FACE_BOUND('',#5602,.T.);
#5977=FACE_BOUND('',#5603,.T.);
#5978=FACE_BOUND('',#5604,.T.);
#5979=PLANE('',#6611);
#5980=PLANE('',#6615);
#5981=PLANE('',#6619);
#5982=PLANE('',#6621);
#5983=PLANE('',#6623);
#5984=PLANE('',#6624);
#5985=PLANE('',#6625);
#5986=PLANE('',#6626);
#5987=PLANE('',#6627);
#5988=PLANE('',#6630);
#5989=PLANE('',#6633);
#5990=PLANE('',#6634);
#5991=PLANE('',#6635);
#5992=PLANE('',#6636);
#5993=PLANE('',#6637);
#5994=PLANE('',#6640);
#5995=PLANE('',#6643);
#5996=PLANE('',#6644);
#5997=PLANE('',#6645);
#5998=PLANE('',#6646);
#5999=PLANE('',#6647);
#6000=PLANE('',#6648);
#6001=PLANE('',#6649);
#6002=PLANE('',#6650);
#6003=PLANE('',#6651);
#6004=PLANE('',#6654);
#6005=PLANE('',#6657);
#6006=PLANE('',#6658);
#6007=PLANE('',#6659);
#6008=PLANE('',#6660);
#6009=PLANE('',#6661);
#6010=PLANE('',#6662);
#6011=PLANE('',#6666);
#6012=PLANE('',#6670);
#6013=PLANE('',#6674);
#6014=PLANE('',#6678);
#6015=PLANE('',#6679);
#6016=PLANE('',#6682);
#6017=PLANE('',#6683);
#6018=PLANE('',#6687);
#6019=PLANE('',#6690);
#6020=PLANE('',#6696);
#6021=PLANE('',#6705);
#6022=PLANE('',#6712);
#6023=PLANE('',#6717);
#6024=PLANE('',#6722);
#6025=PLANE('',#6725);
#6026=PLANE('',#6728);
#6027=PLANE('',#6729);
#6028=PLANE('',#6732);
#6029=PLANE('',#6735);
#6030=PLANE('',#6736);
#6031=PLANE('',#6739);
#6032=PLANE('',#6741);
#6033=PLANE('',#6743);
#6034=PLANE('',#6758);
#6035=PLANE('',#6761);
#6036=PLANE('',#6764);
#6037=PLANE('',#6765);
#6038=PLANE('',#6767);
#6039=PLANE('',#6770);
#6040=PLANE('',#6772);
#6041=PLANE('',#6773);
#6042=PLANE('',#6774);
#6043=PLANE('',#6775);
#6044=PLANE('',#6782);
#6045=PLANE('',#6783);
#6046=PLANE('',#6784);
#6047=PLANE('',#6785);
#6048=PLANE('',#6786);
#6049=PLANE('',#6787);
#6050=PLANE('',#6788);
#6051=PLANE('',#6789);
#6052=PLANE('',#6790);
#6053=PLANE('',#6793);
#6054=PLANE('',#6794);
#6055=PLANE('',#6796);
#6056=PLANE('',#6797);
#6057=PLANE('',#6799);
#6058=PLANE('',#6800);
#6059=PLANE('',#6803);
#6060=PLANE('',#6804);
#6061=PLANE('',#6805);
#6062=PLANE('',#6806);
#6063=PLANE('',#6808);
#6064=PLANE('',#6809);
#6065=PLANE('',#6811);
#6066=PLANE('',#6813);
#6067=PLANE('',#6814);
#6068=PLANE('',#6817);
#6069=PLANE('',#6818);
#6070=PLANE('',#6819);
#6071=PLANE('',#6820);
#6072=PLANE('',#6821);
#6073=PLANE('',#6822);
#6074=PLANE('',#6823);
#6075=PLANE('',#6829);
#6076=PLANE('',#6830);
#6077=PLANE('',#6831);
#6078=PLANE('',#6832);
#6079=PLANE('',#6833);
#6080=PLANE('',#6834);
#6081=PLANE('',#6835);
#6082=PLANE('',#6836);
#6083=PLANE('',#6837);
#6084=PLANE('',#6838);
#6085=PLANE('',#6839);
#6086=PLANE('',#6840);
#6087=PLANE('',#6841);
#6088=PLANE('',#6842);
#6089=PLANE('',#6843);
#6090=PLANE('',#6844);
#6091=PLANE('',#6845);
#6092=PLANE('',#6846);
#6093=PLANE('',#6847);
#6094=PLANE('',#6848);
#6095=PLANE('',#6849);
#6096=PLANE('',#6850);
#6097=PLANE('',#6851);
#6098=PLANE('',#6852);
#6099=PLANE('',#6853);
#6100=PLANE('',#6854);
#6101=PLANE('',#6855);
#6102=PLANE('',#6856);
#6103=PLANE('',#6858);
#6104=PLANE('',#6859);
#6105=PLANE('',#6860);
#6106=PLANE('',#6861);
#6107=PLANE('',#6862);
#6108=PLANE('',#6863);
#6109=PLANE('',#6864);
#6110=PLANE('',#6865);
#6111=PLANE('',#6866);
#6112=PLANE('',#6867);
#6113=PLANE('',#6868);
#6114=PLANE('',#6869);
#6115=PLANE('',#6870);
#6116=PLANE('',#6871);
#6117=PLANE('',#6872);
#6118=PLANE('',#6873);
#6119=PLANE('',#6874);
#6120=PLANE('',#6875);
#6121=PLANE('',#6879);
#6122=PLANE('',#6880);
#6123=PLANE('',#6881);
#6124=PLANE('',#6882);
#6125=PLANE('',#6883);
#6126=PLANE('',#6884);
#6127=PLANE('',#6885);
#6128=PLANE('',#6886);
#6129=PLANE('',#6887);
#6130=PLANE('',#6888);
#6131=PLANE('',#6889);
#6132=PLANE('',#6890);
#6133=PLANE('',#6891);
#6134=PLANE('',#6892);
#6135=PLANE('',#6893);
#6136=PLANE('',#6900);
#6137=PLANE('',#6901);
#6138=PLANE('',#6902);
#6139=PLANE('',#6903);
#6140=PLANE('',#6904);
#6141=PLANE('',#6905);
#6142=PLANE('',#6906);
#6143=PLANE('',#6907);
#6144=PLANE('',#6908);
#6145=PLANE('',#6909);
#6146=PLANE('',#6910);
#6147=PLANE('',#6911);
#6148=PLANE('',#6912);
#6149=PLANE('',#6913);
#6150=PLANE('',#6914);
#6151=PLANE('',#6915);
#6152=PLANE('',#6916);
#6153=PLANE('',#6917);
#6154=PLANE('',#6918);
#6155=PLANE('',#6919);
#6156=PLANE('',#6920);
#6157=PLANE('',#6921);
#6158=PLANE('',#6922);
#6159=PLANE('',#6923);
#6160=PLANE('',#6924);
#6161=PLANE('',#6925);
#6162=PLANE('',#6926);
#6163=PLANE('',#6927);
#6164=PLANE('',#6928);
#6165=PLANE('',#6929);
#6166=PLANE('',#6930);
#6167=PLANE('',#6931);
#6168=PLANE('',#6932);
#6169=PLANE('',#6933);
#6170=PLANE('',#6934);
#6171=PLANE('',#6935);
#6172=PLANE('',#6936);
#6173=PLANE('',#6937);
#6174=PLANE('',#6938);
#6175=PLANE('',#6939);
#6176=PLANE('',#6940);
#6177=PLANE('',#6941);
#6178=PLANE('',#6942);
#6179=PLANE('',#6943);
#6180=PLANE('',#6944);
#6181=PLANE('',#6945);
#6182=PLANE('',#6946);
#6183=PLANE('',#6947);
#6184=PLANE('',#6948);
#6185=PLANE('',#6949);
#6186=PLANE('',#6950);
#6187=PLANE('',#6951);
#6188=PLANE('',#6952);
#6189=PLANE('',#6954);
#6190=PLANE('',#6955);
#6191=PLANE('',#6956);
#6192=PLANE('',#6957);
#6193=PLANE('',#6958);
#6194=PLANE('',#6959);
#6195=PLANE('',#6960);
#6196=PLANE('',#6961);
#6197=PLANE('',#6962);
#6198=PLANE('',#6963);
#6199=PLANE('',#6970);
#6200=PLANE('',#6971);
#6201=PLANE('',#6972);
#6202=PLANE('',#6973);
#6203=PLANE('',#6974);
#6204=PLANE('',#6975);
#6205=PLANE('',#6982);
#6206=PLANE('',#6983);
#6207=PLANE('',#6984);
#6208=PLANE('',#6985);
#6209=PLANE('',#6986);
#6210=PLANE('',#6987);
#6211=PLANE('',#6988);
#6212=PLANE('',#6989);
#6213=PLANE('',#6990);
#6214=PLANE('',#6991);
#6215=PLANE('',#6998);
#6216=PLANE('',#6999);
#6217=PLANE('',#7000);
#6218=PLANE('',#7001);
#6219=PLANE('',#7008);
#6220=PLANE('',#7009);
#6221=PLANE('',#7016);
#6222=PLANE('',#7017);
#6223=PLANE('',#7018);
#6224=PLANE('',#7019);
#6225=PLANE('',#7020);
#6226=PLANE('',#7021);
#6227=PLANE('',#7028);
#6228=PLANE('',#7029);
#6229=PLANE('',#7036);
#6230=PLANE('',#7037);
#6231=PLANE('',#7038);
#6232=PLANE('',#7039);
#6233=PLANE('',#7040);
#6234=PLANE('',#7041);
#6235=PLANE('',#7048);
#6236=PLANE('',#7049);
#6237=PLANE('',#7050);
#6238=PLANE('',#7051);
#6239=PLANE('',#7052);
#6240=PLANE('',#7053);
#6241=PLANE('',#7054);
#6242=PLANE('',#7055);
#6243=PLANE('',#7056);
#6244=PLANE('',#7057);
#6245=PLANE('',#7058);
#6246=PLANE('',#7059);
#6247=PLANE('',#7060);
#6248=PLANE('',#7061);
#6249=PLANE('',#7062);
#6250=PLANE('',#7063);
#6251=PLANE('',#7064);
#6252=PLANE('',#7065);
#6253=PLANE('',#7066);
#6254=PLANE('',#7067);
#6255=PLANE('',#7068);
#6256=PLANE('',#7069);
#6257=PLANE('',#7070);
#6258=PLANE('',#7071);
#6259=ADVANCED_FACE('',(#5605,#5606,#5607,#5608,#5609,#5610),#5979,.F.);
#6260=ADVANCED_FACE('',(#5611,#5612,#5613,#5614,#5615,#5616),#5980,.F.);
#6261=ADVANCED_FACE('',(#5617,#5618,#5619,#5620),#5981,.F.);
#6262=ADVANCED_FACE('',(#5621,#5622,#5623,#5624),#5982,.F.);
#6263=ADVANCED_FACE('',(#5625),#5983,.F.);
#6264=ADVANCED_FACE('',(#5626),#5984,.F.);
#6265=ADVANCED_FACE('',(#5627),#5985,.F.);
#6266=ADVANCED_FACE('',(#5628),#5986,.F.);
#6267=ADVANCED_FACE('',(#5629),#5987,.T.);
#6268=ADVANCED_FACE('',(#5630),#5988,.F.);
#6269=ADVANCED_FACE('',(#5631),#5989,.F.);
#6270=ADVANCED_FACE('',(#5632),#5990,.F.);
#6271=ADVANCED_FACE('',(#5633),#5991,.F.);
#6272=ADVANCED_FACE('',(#5634),#5992,.F.);
#6273=ADVANCED_FACE('',(#5635),#5993,.T.);
#6274=ADVANCED_FACE('',(#5636),#5994,.F.);
#6275=ADVANCED_FACE('',(#5637),#5995,.T.);
#6276=ADVANCED_FACE('',(#5638),#5996,.T.);
#6277=ADVANCED_FACE('',(#5639),#5997,.T.);
#6278=ADVANCED_FACE('',(#5640),#5998,.T.);
#6279=ADVANCED_FACE('',(#5641),#5999,.T.);
#6280=ADVANCED_FACE('',(#5642),#6000,.T.);
#6281=ADVANCED_FACE('',(#5643),#6001,.T.);
#6282=ADVANCED_FACE('',(#5644),#6002,.T.);
#6283=ADVANCED_FACE('',(#5645),#6003,.T.);
#6284=ADVANCED_FACE('',(#5646),#6004,.T.);
#6285=ADVANCED_FACE('',(#5647),#6005,.T.);
#6286=ADVANCED_FACE('',(#5648),#6006,.T.);
#6287=ADVANCED_FACE('',(#5649),#6007,.T.);
#6288=ADVANCED_FACE('',(#5650),#6008,.F.);
#6289=ADVANCED_FACE('',(#5651),#6009,.F.);
#6290=ADVANCED_FACE('',(#5652),#6010,.F.);
#6291=ADVANCED_FACE('',(#5653),#6011,.F.);
#6292=ADVANCED_FACE('',(#5654),#6012,.T.);
#6293=ADVANCED_FACE('',(#5655),#6013,.T.);
#6294=ADVANCED_FACE('',(#5656),#6014,.T.);
#6295=ADVANCED_FACE('',(#5657),#6015,.T.);
#6296=ADVANCED_FACE('',(#5658),#76,.F.);
#6297=ADVANCED_FACE('',(#5659),#77,.F.);
#6298=ADVANCED_FACE('',(#5660),#6016,.T.);
#6299=ADVANCED_FACE('',(#5661),#6017,.F.);
#6300=ADVANCED_FACE('',(#5662),#78,.T.);
#6301=ADVANCED_FACE('',(#5663),#6018,.F.);
#6302=ADVANCED_FACE('',(#5664),#6019,.F.);
#6303=ADVANCED_FACE('',(#5665),#79,.T.);
#6304=ADVANCED_FACE('',(#5666),#6020,.F.);
#6305=ADVANCED_FACE('',(#5667),#80,.F.);
#6306=ADVANCED_FACE('',(#5668),#81,.F.);
#6307=ADVANCED_FACE('',(#5669,#5670),#6021,.T.);
#6308=ADVANCED_FACE('',(#5671,#5672,#5673),#6022,.F.);
#6309=ADVANCED_FACE('',(#5674),#6023,.F.);
#6310=ADVANCED_FACE('',(#5675),#36,.T.);
#6311=ADVANCED_FACE('',(#5676),#37,.T.);
#6312=ADVANCED_FACE('',(#5677),#38,.T.);
#6313=ADVANCED_FACE('',(#5678),#39,.T.);
#6314=ADVANCED_FACE('',(#5679),#6024,.T.);
#6315=ADVANCED_FACE('',(#5680),#82,.T.);
#6316=ADVANCED_FACE('',(#5681),#6025,.T.);
#6317=ADVANCED_FACE('',(#5682),#83,.T.);
#6318=ADVANCED_FACE('',(#5683),#6026,.F.);
#6319=ADVANCED_FACE('',(#5684),#6027,.T.);
#6320=ADVANCED_FACE('',(#5685),#84,.T.);
#6321=ADVANCED_FACE('',(#5686),#6028,.T.);
#6322=ADVANCED_FACE('',(#5687),#85,.T.);
#6323=ADVANCED_FACE('',(#5688),#6029,.F.);
#6324=ADVANCED_FACE('',(#5689),#6030,.T.);
#6325=ADVANCED_FACE('',(#5690),#6031,.T.);
#6326=ADVANCED_FACE('',(#5691),#6032,.T.);
#6327=ADVANCED_FACE('',(#5692),#6033,.T.);
#6328=ADVANCED_FACE('',(#5693),#86,.T.);
#6329=ADVANCED_FACE('',(#5694),#87,.T.);
#6330=ADVANCED_FACE('',(#5695),#88,.T.);
#6331=ADVANCED_FACE('',(#5696),#89,.T.);
#6332=ADVANCED_FACE('',(#5697),#6034,.T.);
#6333=ADVANCED_FACE('',(#5698),#6035,.T.);
#6334=ADVANCED_FACE('',(#5699),#6036,.F.);
#6335=ADVANCED_FACE('',(#5700),#6037,.F.);
#6336=ADVANCED_FACE('',(#5701),#90,.F.);
#6337=ADVANCED_FACE('',(#5702),#6038,.F.);
#6338=ADVANCED_FACE('',(#5703),#91,.T.);
#6339=ADVANCED_FACE('',(#5704),#92,.T.);
#6340=ADVANCED_FACE('',(#5705),#6039,.F.);
#6341=ADVANCED_FACE('',(#5706),#93,.F.);
#6342=ADVANCED_FACE('',(#5707),#6040,.F.);
#6343=ADVANCED_FACE('',(#5708),#6041,.F.);
#6344=ADVANCED_FACE('',(#5709),#6042,.T.);
#6345=ADVANCED_FACE('',(#5710,#5711),#6043,.F.);
#6346=ADVANCED_FACE('',(#5712),#6044,.T.);
#6347=ADVANCED_FACE('',(#5713),#6045,.T.);
#6348=ADVANCED_FACE('',(#5714),#6046,.T.);
#6349=ADVANCED_FACE('',(#5715),#6047,.T.);
#6350=ADVANCED_FACE('',(#5716),#6048,.T.);
#6351=ADVANCED_FACE('',(#5717),#6049,.T.);
#6352=ADVANCED_FACE('',(#5718),#6050,.T.);
#6353=ADVANCED_FACE('',(#5719),#6051,.T.);
#6354=ADVANCED_FACE('',(#5720),#6052,.T.);
#6355=ADVANCED_FACE('',(#5721),#94,.F.);
#6356=ADVANCED_FACE('',(#5722),#95,.F.);
#6357=ADVANCED_FACE('',(#5723),#6053,.T.);
#6358=ADVANCED_FACE('',(#5724),#6054,.T.);
#6359=ADVANCED_FACE('',(#5725),#96,.F.);
#6360=ADVANCED_FACE('',(#5726),#6055,.T.);
#6361=ADVANCED_FACE('',(#5727),#6056,.T.);
#6362=ADVANCED_FACE('',(#5728),#97,.F.);
#6363=ADVANCED_FACE('',(#5729),#6057,.T.);
#6364=ADVANCED_FACE('',(#5730),#6058,.T.);
#6365=ADVANCED_FACE('',(#5731),#98,.F.);
#6366=ADVANCED_FACE('',(#5732),#99,.F.);
#6367=ADVANCED_FACE('',(#5733),#6059,.T.);
#6368=ADVANCED_FACE('',(#5734),#6060,.T.);
#6369=ADVANCED_FACE('',(#5735),#6061,.T.);
#6370=ADVANCED_FACE('',(#5736),#6062,.T.);
#6371=ADVANCED_FACE('',(#5737),#100,.F.);
#6372=ADVANCED_FACE('',(#5738),#6063,.F.);
#6373=ADVANCED_FACE('',(#5739),#6064,.F.);
#6374=ADVANCED_FACE('',(#5740),#101,.F.);
#6375=ADVANCED_FACE('',(#5741),#6065,.F.);
#6376=ADVANCED_FACE('',(#5742),#102,.F.);
#6377=ADVANCED_FACE('',(#5743),#6066,.F.);
#6378=ADVANCED_FACE('',(#5744),#6067,.F.);
#6379=ADVANCED_FACE('',(#5745),#103,.F.);
#6380=ADVANCED_FACE('',(#5746),#104,.F.);
#6381=ADVANCED_FACE('',(#5747),#6068,.F.);
#6382=ADVANCED_FACE('',(#5748),#6069,.F.);
#6383=ADVANCED_FACE('',(#5749),#6070,.F.);
#6384=ADVANCED_FACE('',(#5750),#6071,.F.);
#6385=ADVANCED_FACE('',(#5751),#6072,.F.);
#6386=ADVANCED_FACE('',(#5752),#6073,.F.);
#6387=ADVANCED_FACE('',(#5753),#6074,.F.);
#6388=ADVANCED_FACE('',(#5754),#105,.F.);
#6389=ADVANCED_FACE('',(#5755),#106,.T.);
#6390=ADVANCED_FACE('',(#5756),#107,.F.);
#6391=ADVANCED_FACE('',(#5757),#108,.T.);
#6392=ADVANCED_FACE('',(#5758),#109,.F.);
#6393=ADVANCED_FACE('',(#5759),#6075,.T.);
#6394=ADVANCED_FACE('',(#5760),#6076,.T.);
#6395=ADVANCED_FACE('',(#5761),#6077,.T.);
#6396=ADVANCED_FACE('',(#5762),#6078,.T.);
#6397=ADVANCED_FACE('',(#5763),#6079,.T.);
#6398=ADVANCED_FACE('',(#5764),#6080,.T.);
#6399=ADVANCED_FACE('',(#5765),#6081,.T.);
#6400=ADVANCED_FACE('',(#5766),#6082,.T.);
#6401=ADVANCED_FACE('',(#5767),#6083,.T.);
#6402=ADVANCED_FACE('',(#5768),#6084,.T.);
#6403=ADVANCED_FACE('',(#5769),#6085,.T.);
#6404=ADVANCED_FACE('',(#5770),#6086,.T.);
#6405=ADVANCED_FACE('',(#5771),#6087,.T.);
#6406=ADVANCED_FACE('',(#5772),#6088,.T.);
#6407=ADVANCED_FACE('',(#5773),#6089,.T.);
#6408=ADVANCED_FACE('',(#5774),#6090,.T.);
#6409=ADVANCED_FACE('',(#5775),#6091,.T.);
#6410=ADVANCED_FACE('',(#5776),#6092,.T.);
#6411=ADVANCED_FACE('',(#5777),#6093,.T.);
#6412=ADVANCED_FACE('',(#5778),#6094,.T.);
#6413=ADVANCED_FACE('',(#5779),#6095,.T.);
#6414=ADVANCED_FACE('',(#5780),#6096,.T.);
#6415=ADVANCED_FACE('',(#5781),#6097,.T.);
#6416=ADVANCED_FACE('',(#5782),#6098,.T.);
#6417=ADVANCED_FACE('',(#5783),#6099,.T.);
#6418=ADVANCED_FACE('',(#5784),#6100,.T.);
#6419=ADVANCED_FACE('',(#5785),#6101,.T.);
#6420=ADVANCED_FACE('',(#5786),#6102,.T.);
#6421=ADVANCED_FACE('',(#5787,#5788,#5789,#5790),#6103,.F.);
#6422=ADVANCED_FACE('',(#5791,#5792,#5793,#5794),#6104,.F.);
#6423=ADVANCED_FACE('',(#5795),#6105,.T.);
#6424=ADVANCED_FACE('',(#5796),#6106,.T.);
#6425=ADVANCED_FACE('',(#5797),#6107,.T.);
#6426=ADVANCED_FACE('',(#5798),#6108,.T.);
#6427=ADVANCED_FACE('',(#5799,#5800),#6109,.F.);
#6428=ADVANCED_FACE('',(#5801),#6110,.T.);
#6429=ADVANCED_FACE('',(#5802),#6111,.T.);
#6430=ADVANCED_FACE('',(#5803),#6112,.T.);
#6431=ADVANCED_FACE('',(#5804),#6113,.T.);
#6432=ADVANCED_FACE('',(#5805),#6114,.T.);
#6433=ADVANCED_FACE('',(#5806),#6115,.T.);
#6434=ADVANCED_FACE('',(#5807),#6116,.T.);
#6435=ADVANCED_FACE('',(#5808),#6117,.T.);
#6436=ADVANCED_FACE('',(#5809),#6118,.F.);
#6437=ADVANCED_FACE('',(#5810,#5811,#5812),#6119,.T.);
#6438=ADVANCED_FACE('',(#5813,#5814,#5815,#5816,#5817,#5818,#5819,#5820),
#6120,.T.);
#6439=ADVANCED_FACE('',(#5821),#6121,.T.);
#6440=ADVANCED_FACE('',(#5822),#6122,.T.);
#6441=ADVANCED_FACE('',(#5823),#6123,.T.);
#6442=ADVANCED_FACE('',(#5824),#6124,.T.);
#6443=ADVANCED_FACE('',(#5825),#6125,.T.);
#6444=ADVANCED_FACE('',(#5826),#6126,.T.);
#6445=ADVANCED_FACE('',(#5827),#6127,.F.);
#6446=ADVANCED_FACE('',(#5828),#6128,.F.);
#6447=ADVANCED_FACE('',(#5829),#6129,.F.);
#6448=ADVANCED_FACE('',(#5830),#6130,.F.);
#6449=ADVANCED_FACE('',(#5831),#6131,.F.);
#6450=ADVANCED_FACE('',(#5832),#6132,.F.);
#6451=ADVANCED_FACE('',(#5833),#6133,.F.);
#6452=ADVANCED_FACE('',(#5834),#6134,.F.);
#6453=ADVANCED_FACE('',(#5835),#6135,.F.);
#6454=ADVANCED_FACE('',(#5836),#110,.T.);
#6455=ADVANCED_FACE('',(#5837),#111,.T.);
#6456=ADVANCED_FACE('',(#5838),#112,.T.);
#6457=ADVANCED_FACE('',(#5839),#6136,.F.);
#6458=ADVANCED_FACE('',(#5840),#6137,.F.);
#6459=ADVANCED_FACE('',(#5841),#6138,.F.);
#6460=ADVANCED_FACE('',(#5842),#6139,.F.);
#6461=ADVANCED_FACE('',(#5843),#6140,.F.);
#6462=ADVANCED_FACE('',(#5844),#6141,.F.);
#6463=ADVANCED_FACE('',(#5845),#6142,.F.);
#6464=ADVANCED_FACE('',(#5846),#6143,.F.);
#6465=ADVANCED_FACE('',(#5847),#6144,.F.);
#6466=ADVANCED_FACE('',(#5848),#6145,.F.);
#6467=ADVANCED_FACE('',(#5849),#6146,.F.);
#6468=ADVANCED_FACE('',(#5850),#6147,.F.);
#6469=ADVANCED_FACE('',(#5851),#6148,.F.);
#6470=ADVANCED_FACE('',(#5852),#6149,.F.);
#6471=ADVANCED_FACE('',(#5853),#6150,.F.);
#6472=ADVANCED_FACE('',(#5854),#6151,.F.);
#6473=ADVANCED_FACE('',(#5855),#6152,.T.);
#6474=ADVANCED_FACE('',(#5856),#6153,.T.);
#6475=ADVANCED_FACE('',(#5857),#6154,.T.);
#6476=ADVANCED_FACE('',(#5858),#6155,.T.);
#6477=ADVANCED_FACE('',(#5859),#6156,.F.);
#6478=ADVANCED_FACE('',(#5860,#5861),#6157,.T.);
#6479=ADVANCED_FACE('',(#5862),#6158,.F.);
#6480=ADVANCED_FACE('',(#5863),#6159,.F.);
#6481=ADVANCED_FACE('',(#5864),#6160,.F.);
#6482=ADVANCED_FACE('',(#5865),#6161,.F.);
#6483=ADVANCED_FACE('',(#5866),#6162,.F.);
#6484=ADVANCED_FACE('',(#5867),#6163,.T.);
#6485=ADVANCED_FACE('',(#5868),#6164,.F.);
#6486=ADVANCED_FACE('',(#5869),#6165,.F.);
#6487=ADVANCED_FACE('',(#5870),#6166,.F.);
#6488=ADVANCED_FACE('',(#5871),#6167,.F.);
#6489=ADVANCED_FACE('',(#5872),#6168,.T.);
#6490=ADVANCED_FACE('',(#5873),#6169,.F.);
#6491=ADVANCED_FACE('',(#5874),#6170,.F.);
#6492=ADVANCED_FACE('',(#5875),#6171,.F.);
#6493=ADVANCED_FACE('',(#5876),#6172,.T.);
#6494=ADVANCED_FACE('',(#5877),#6173,.F.);
#6495=ADVANCED_FACE('',(#5878),#6174,.F.);
#6496=ADVANCED_FACE('',(#5879),#6175,.F.);
#6497=ADVANCED_FACE('',(#5880),#6176,.F.);
#6498=ADVANCED_FACE('',(#5881),#6177,.F.);
#6499=ADVANCED_FACE('',(#5882),#6178,.T.);
#6500=ADVANCED_FACE('',(#5883),#6179,.F.);
#6501=ADVANCED_FACE('',(#5884),#6180,.F.);
#6502=ADVANCED_FACE('',(#5885),#6181,.F.);
#6503=ADVANCED_FACE('',(#5886),#6182,.F.);
#6504=ADVANCED_FACE('',(#5887),#6183,.T.);
#6505=ADVANCED_FACE('',(#5888),#6184,.F.);
#6506=ADVANCED_FACE('',(#5889),#6185,.F.);
#6507=ADVANCED_FACE('',(#5890),#6186,.F.);
#6508=ADVANCED_FACE('',(#5891),#6187,.F.);
#6509=ADVANCED_FACE('',(#5892),#6188,.T.);
#6510=ADVANCED_FACE('',(#5893),#6189,.F.);
#6511=ADVANCED_FACE('',(#5894),#6190,.F.);
#6512=ADVANCED_FACE('',(#5895),#6191,.F.);
#6513=ADVANCED_FACE('',(#5896),#6192,.F.);
#6514=ADVANCED_FACE('',(#5897),#6193,.F.);
#6515=ADVANCED_FACE('',(#5898),#6194,.F.);
#6516=ADVANCED_FACE('',(#5899),#6195,.F.);
#6517=ADVANCED_FACE('',(#5900),#6196,.F.);
#6518=ADVANCED_FACE('',(#5901),#6197,.F.);
#6519=ADVANCED_FACE('',(#5902),#6198,.F.);
#6520=ADVANCED_FACE('',(#5903),#113,.F.);
#6521=ADVANCED_FACE('',(#5904),#114,.F.);
#6522=ADVANCED_FACE('',(#5905),#6199,.F.);
#6523=ADVANCED_FACE('',(#5906),#6200,.F.);
#6524=ADVANCED_FACE('',(#5907),#6201,.F.);
#6525=ADVANCED_FACE('',(#5908),#6202,.F.);
#6526=ADVANCED_FACE('',(#5909),#6203,.F.);
#6527=ADVANCED_FACE('',(#5910),#6204,.F.);
#6528=ADVANCED_FACE('',(#5911),#115,.F.);
#6529=ADVANCED_FACE('',(#5912),#116,.F.);
#6530=ADVANCED_FACE('',(#5913),#6205,.F.);
#6531=ADVANCED_FACE('',(#5914),#6206,.F.);
#6532=ADVANCED_FACE('',(#5915),#6207,.F.);
#6533=ADVANCED_FACE('',(#5916),#6208,.F.);
#6534=ADVANCED_FACE('',(#5917),#6209,.F.);
#6535=ADVANCED_FACE('',(#5918),#6210,.F.);
#6536=ADVANCED_FACE('',(#5919),#6211,.F.);
#6537=ADVANCED_FACE('',(#5920),#6212,.F.);
#6538=ADVANCED_FACE('',(#5921),#6213,.F.);
#6539=ADVANCED_FACE('',(#5922),#6214,.F.);
#6540=ADVANCED_FACE('',(#5923),#117,.T.);
#6541=ADVANCED_FACE('',(#5924),#118,.T.);
#6542=ADVANCED_FACE('',(#5925),#6215,.F.);
#6543=ADVANCED_FACE('',(#5926),#6216,.F.);
#6544=ADVANCED_FACE('',(#5927),#6217,.F.);
#6545=ADVANCED_FACE('',(#5928),#6218,.F.);
#6546=ADVANCED_FACE('',(#5929),#119,.T.);
#6547=ADVANCED_FACE('',(#5930),#120,.T.);
#6548=ADVANCED_FACE('',(#5931),#6219,.F.);
#6549=ADVANCED_FACE('',(#5932),#6220,.F.);
#6550=ADVANCED_FACE('',(#5933),#121,.F.);
#6551=ADVANCED_FACE('',(#5934),#122,.F.);
#6552=ADVANCED_FACE('',(#5935),#6221,.F.);
#6553=ADVANCED_FACE('',(#5936),#6222,.F.);
#6554=ADVANCED_FACE('',(#5937),#6223,.F.);
#6555=ADVANCED_FACE('',(#5938),#6224,.F.);
#6556=ADVANCED_FACE('',(#5939),#6225,.F.);
#6557=ADVANCED_FACE('',(#5940),#6226,.F.);
#6558=ADVANCED_FACE('',(#5941),#123,.T.);
#6559=ADVANCED_FACE('',(#5942),#124,.T.);
#6560=ADVANCED_FACE('',(#5943),#6227,.F.);
#6561=ADVANCED_FACE('',(#5944),#6228,.F.);
#6562=ADVANCED_FACE('',(#5945),#125,.F.);
#6563=ADVANCED_FACE('',(#5946),#126,.F.);
#6564=ADVANCED_FACE('',(#5947),#6229,.F.);
#6565=ADVANCED_FACE('',(#5948),#6230,.F.);
#6566=ADVANCED_FACE('',(#5949),#6231,.F.);
#6567=ADVANCED_FACE('',(#5950),#6232,.F.);
#6568=ADVANCED_FACE('',(#5951),#6233,.F.);
#6569=ADVANCED_FACE('',(#5952),#6234,.F.);
#6570=ADVANCED_FACE('',(#5953),#127,.T.);
#6571=ADVANCED_FACE('',(#5954),#128,.T.);
#6572=ADVANCED_FACE('',(#5955),#6235,.F.);
#6573=ADVANCED_FACE('',(#5956),#6236,.F.);
#6574=ADVANCED_FACE('',(#5957),#6237,.T.);
#6575=ADVANCED_FACE('',(#5958),#6238,.F.);
#6576=ADVANCED_FACE('',(#5959),#6239,.F.);
#6577=ADVANCED_FACE('',(#5960),#6240,.T.);
#6578=ADVANCED_FACE('',(#5961),#6241,.F.);
#6579=ADVANCED_FACE('',(#5962),#6242,.T.);
#6580=ADVANCED_FACE('',(#5963),#6243,.F.);
#6581=ADVANCED_FACE('',(#5964),#6244,.T.);
#6582=ADVANCED_FACE('',(#5965),#6245,.F.);
#6583=ADVANCED_FACE('',(#5966),#6246,.T.);
#6584=ADVANCED_FACE('',(#5967),#6247,.F.);
#6585=ADVANCED_FACE('',(#5968),#6248,.T.);
#6586=ADVANCED_FACE('',(#5969),#6249,.T.);
#6587=ADVANCED_FACE('',(#5970),#6250,.T.);
#6588=ADVANCED_FACE('',(#5971),#6251,.T.);
#6589=ADVANCED_FACE('',(#5972),#6252,.F.);
#6590=ADVANCED_FACE('',(#5973),#6253,.T.);
#6591=ADVANCED_FACE('',(#5974),#6254,.T.);
#6592=ADVANCED_FACE('',(#5975),#6255,.T.);
#6593=ADVANCED_FACE('',(#5976),#6256,.T.);
#6594=ADVANCED_FACE('',(#5977),#6257,.T.);
#6595=ADVANCED_FACE('',(#5978),#6258,.T.);
#6596=CLOSED_SHELL('',(#6259,#6260,#6261,#6262,#6263,#6264,#6265,#6266,
#6267,#6268,#6269,#6270,#6271,#6272,#6273,#6274,#6275,#6276,#6277,#6278,
#6279,#6280,#6281,#6282,#6283,#6284,#6285,#6286,#6287,#6288,#6289,#6290,
#6291,#6292,#6293,#6294,#6295,#6296,#6297,#6298,#6299,#6300,#6301,#6302,
#6303,#6304,#6305,#6306,#6307,#6308,#6309,#6310,#6311,#6312,#6313,#6314,
#6315,#6316,#6317,#6318,#6319,#6320,#6321,#6322,#6323,#6324,#6325,#6326,
#6327,#6328,#6329,#6330,#6331,#6332,#6333,#6334,#6335,#6336,#6337,#6338,
#6339,#6340,#6341,#6342,#6343,#6344,#6345,#6346,#6347,#6348,#6349,#6350,
#6351,#6352,#6353,#6354,#6355,#6356,#6357,#6358,#6359,#6360,#6361,#6362,
#6363,#6364,#6365,#6366,#6367,#6368,#6369,#6370,#6371,#6372,#6373,#6374,
#6375,#6376,#6377,#6378,#6379,#6380,#6381,#6382,#6383,#6384,#6385,#6386,
#6387,#6388,#6389,#6390,#6391,#6392,#6393,#6394,#6395,#6396,#6397,#6398,
#6399,#6400,#6401,#6402,#6403,#6404,#6405,#6406,#6407,#6408,#6409,#6410,
#6411,#6412,#6413,#6414,#6415,#6416,#6417,#6418,#6419,#6420));
#6597=CLOSED_SHELL('',(#6421,#6422,#6423,#6424,#6425,#6426,#6427,#6428,
#6429,#6430,#6431,#6432,#6433,#6434,#6435,#6436,#6437,#6438,#6439,#6440,
#6441,#6442,#6443,#6444,#6445,#6446,#6447,#6448,#6449,#6450,#6451,#6452,
#6453,#6454,#6455,#6456,#6457,#6458,#6459,#6460,#6461,#6462,#6463,#6464,
#6465,#6466,#6467,#6468,#6469,#6470,#6471,#6472,#6473,#6474,#6475,#6476,
#6477,#6478,#6479,#6480,#6481,#6482,#6483,#6484,#6485,#6486,#6487,#6488,
#6489,#6490,#6491,#6492,#6493,#6494,#6495,#6496,#6497,#6498,#6499,#6500,
#6501,#6502,#6503,#6504,#6505,#6506,#6507,#6508,#6509));
#6598=CLOSED_SHELL('',(#6510,#6511,#6512,#6513,#6514,#6515,#6516,#6517,
#6518,#6519,#6520,#6521,#6522,#6523,#6524,#6525,#6526,#6527,#6528,#6529,
#6530,#6531,#6532,#6533,#6534,#6535,#6536,#6537,#6538,#6539,#6540,#6541,
#6542,#6543,#6544,#6545,#6546,#6547,#6548,#6549,#6550,#6551,#6552,#6553,
#6554,#6555,#6556,#6557,#6558,#6559,#6560,#6561,#6562,#6563,#6564,#6565,
#6566,#6567,#6568,#6569,#6570,#6571,#6572,#6573,#6574,#6575,#6576,#6577,
#6578,#6579,#6580,#6581,#6582,#6583,#6584,#6585,#6586,#6587,#6588,#6589,
#6590,#6591,#6592,#6593,#6594,#6595));
#6599=MANIFOLD_SOLID_BREP('USB-B-S-TH_S',#6596);
#6600=MANIFOLD_SOLID_BREP('USB-B-S-B-TH_B',#6597);
#6601=MANIFOLD_SOLID_BREP('USB-B-S-TH_P',#6598);
#6602=SHAPE_DEFINITION_REPRESENTATION(#10723,#6606);
#6603=SHAPE_DEFINITION_REPRESENTATION(#10724,#6607);
#6604=SHAPE_DEFINITION_REPRESENTATION(#10726,#6608);
#6605=SHAPE_DEFINITION_REPRESENTATION(#10728,#6609);
#6606=SHAPE_REPRESENTATION('USB-B-S-F-B-TH-FR',(#6610,#6857,#6953,#7072),
#10712);
#6607=SHAPE_REPRESENTATION('USB-B-S-TH_S',(#6610),#10713);
#6608=SHAPE_REPRESENTATION('USB-B-S-B-TH_B',(#6610),#10714);
#6609=SHAPE_REPRESENTATION('USB-B-S-TH_P',(#6610),#10715);
#6610=AXIS2_PLACEMENT_3D('',#8799,#7073,#7074);
#6611=AXIS2_PLACEMENT_3D('',#8800,#7075,#7076);
#6612=AXIS2_PLACEMENT_3D('',#8816,#7084,#7085);
#6613=AXIS2_PLACEMENT_3D('',#8839,#7097,#7098);
#6614=AXIS2_PLACEMENT_3D('',#8841,#7099,#7100);
#6615=AXIS2_PLACEMENT_3D('',#8859,#7109,#7110);
#6616=AXIS2_PLACEMENT_3D('',#8893,#7127,#7128);
#6617=AXIS2_PLACEMENT_3D('',#8898,#7131,#7132);
#6618=AXIS2_PLACEMENT_3D('',#8900,#7133,#7134);
#6619=AXIS2_PLACEMENT_3D('',#8918,#7143,#7144);
#6620=AXIS2_PLACEMENT_3D('',#8936,#7153,#7154);
#6621=AXIS2_PLACEMENT_3D('',#8973,#7173,#7174);
#6622=AXIS2_PLACEMENT_3D('',#9005,#7190,#7191);
#6623=AXIS2_PLACEMENT_3D('',#9028,#7203,#7204);
#6624=AXIS2_PLACEMENT_3D('',#9041,#7211,#7212);
#6625=AXIS2_PLACEMENT_3D('',#9047,#7216,#7217);
#6626=AXIS2_PLACEMENT_3D('',#9053,#7221,#7222);
#6627=AXIS2_PLACEMENT_3D('',#9063,#7228,#7229);
#6628=AXIS2_PLACEMENT_3D('',#9065,#7231,#7232);
#6629=AXIS2_PLACEMENT_3D('',#9069,#7234,#7235);
#6630=AXIS2_PLACEMENT_3D('',#9070,#7236,#7237);
#6631=AXIS2_PLACEMENT_3D('',#9072,#7239,#7240);
#6632=AXIS2_PLACEMENT_3D('',#9076,#7242,#7243);
#6633=AXIS2_PLACEMENT_3D('',#9077,#7244,#7245);
#6634=AXIS2_PLACEMENT_3D('',#9086,#7250,#7251);
#6635=AXIS2_PLACEMENT_3D('',#9096,#7257,#7258);
#6636=AXIS2_PLACEMENT_3D('',#9109,#7265,#7266);
#6637=AXIS2_PLACEMENT_3D('',#9112,#7269,#7270);
#6638=AXIS2_PLACEMENT_3D('',#9114,#7272,#7273);
#6639=AXIS2_PLACEMENT_3D('',#9118,#7275,#7276);
#6640=AXIS2_PLACEMENT_3D('',#9119,#7277,#7278);
#6641=AXIS2_PLACEMENT_3D('',#9121,#7280,#7281);
#6642=AXIS2_PLACEMENT_3D('',#9125,#7283,#7284);
#6643=AXIS2_PLACEMENT_3D('',#9126,#7285,#7286);
#6644=AXIS2_PLACEMENT_3D('',#9135,#7291,#7292);
#6645=AXIS2_PLACEMENT_3D('',#9142,#7297,#7298);
#6646=AXIS2_PLACEMENT_3D('',#9149,#7303,#7304);
#6647=AXIS2_PLACEMENT_3D('',#9158,#7309,#7310);
#6648=AXIS2_PLACEMENT_3D('',#9167,#7315,#7316);
#6649=AXIS2_PLACEMENT_3D('',#9176,#7321,#7322);
#6650=AXIS2_PLACEMENT_3D('',#9185,#7327,#7328);
#6651=AXIS2_PLACEMENT_3D('',#9194,#7333,#7334);
#6652=AXIS2_PLACEMENT_3D('',#9196,#7336,#7337);
#6653=AXIS2_PLACEMENT_3D('',#9200,#7339,#7340);
#6654=AXIS2_PLACEMENT_3D('',#9201,#7341,#7342);
#6655=AXIS2_PLACEMENT_3D('',#9203,#7344,#7345);
#6656=AXIS2_PLACEMENT_3D('',#9207,#7347,#7348);
#6657=AXIS2_PLACEMENT_3D('',#9208,#7349,#7350);
#6658=AXIS2_PLACEMENT_3D('',#9213,#7355,#7356);
#6659=AXIS2_PLACEMENT_3D('',#9215,#7358,#7359);
#6660=AXIS2_PLACEMENT_3D('',#9217,#7361,#7362);
#6661=AXIS2_PLACEMENT_3D('',#9219,#7364,#7365);
#6662=AXIS2_PLACEMENT_3D('',#9221,#7367,#7368);
#6663=AXIS2_PLACEMENT_3D('',#9232,#7375,#7376);
#6664=AXIS2_PLACEMENT_3D('',#9234,#7377,#7378);
#6665=AXIS2_PLACEMENT_3D('',#9239,#7381,#7382);
#6666=AXIS2_PLACEMENT_3D('',#9242,#7384,#7385);
#6667=AXIS2_PLACEMENT_3D('',#9245,#7387,#7388);
#6668=AXIS2_PLACEMENT_3D('',#9250,#7391,#7392);
#6669=AXIS2_PLACEMENT_3D('',#9252,#7393,#7394);
#6670=AXIS2_PLACEMENT_3D('',#9263,#7401,#7402);
#6671=AXIS2_PLACEMENT_3D('',#9269,#7406,#7407);
#6672=AXIS2_PLACEMENT_3D('',#9274,#7410,#7411);
#6673=AXIS2_PLACEMENT_3D('',#9276,#7412,#7413);
#6674=AXIS2_PLACEMENT_3D('',#9284,#7418,#7419);
#6675=AXIS2_PLACEMENT_3D('',#9285,#7420,#7421);
#6676=AXIS2_PLACEMENT_3D('',#9299,#7429,#7430);
#6677=AXIS2_PLACEMENT_3D('',#9301,#7431,#7432);
#6678=AXIS2_PLACEMENT_3D('',#9305,#7435,#7436);
#6679=AXIS2_PLACEMENT_3D('',#9307,#7438,#7439);
#6680=AXIS2_PLACEMENT_3D('',#9309,#7441,#7442);
#6681=AXIS2_PLACEMENT_3D('',#9310,#7443,#7444);
#6682=AXIS2_PLACEMENT_3D('',#9311,#7445,#7446);
#6683=AXIS2_PLACEMENT_3D('',#9316,#7451,#7452);
#6684=AXIS2_PLACEMENT_3D('',#9325,#7457,#7458);
#6685=AXIS2_PLACEMENT_3D('',#9326,#7459,#7460);
#6686=AXIS2_PLACEMENT_3D('',#9340,#7462,#7463);
#6687=AXIS2_PLACEMENT_3D('',#9341,#7464,#7465);
#6688=AXIS2_PLACEMENT_3D('',#9342,#7466,#7467);
#6689=AXIS2_PLACEMENT_3D('',#9344,#7468,#7469);
#6690=AXIS2_PLACEMENT_3D('',#9345,#7470,#7471);
#6691=AXIS2_PLACEMENT_3D('',#9346,#7472,#7473);
#6692=AXIS2_PLACEMENT_3D('',#9349,#7474,#7475);
#6693=AXIS2_PLACEMENT_3D('',#9352,#7477,#7478);
#6694=AXIS2_PLACEMENT_3D('',#9353,#7479,#7480);
#6695=AXIS2_PLACEMENT_3D('',#9358,#7482,#7483);
#6696=AXIS2_PLACEMENT_3D('',#9368,#7484,#7485);
#6697=AXIS2_PLACEMENT_3D('',#9374,#7489,#7490);
#6698=AXIS2_PLACEMENT_3D('',#9375,#7491,#7492);
#6699=AXIS2_PLACEMENT_3D('',#9377,#7493,#7494);
#6700=AXIS2_PLACEMENT_3D('',#9378,#7495,#7496);
#6701=AXIS2_PLACEMENT_3D('',#9379,#7497,#7498);
#6702=AXIS2_PLACEMENT_3D('',#9380,#7499,#7500);
#6703=AXIS2_PLACEMENT_3D('',#9382,#7501,#7502);
#6704=AXIS2_PLACEMENT_3D('',#9383,#7503,#7504);
#6705=AXIS2_PLACEMENT_3D('',#9384,#7505,#7506);
#6706=AXIS2_PLACEMENT_3D('',#9386,#7508,#7509);
#6707=AXIS2_PLACEMENT_3D('',#9402,#7517,#7518);
#6708=AXIS2_PLACEMENT_3D('',#9404,#7520,#7521);
#6709=AXIS2_PLACEMENT_3D('',#9410,#7524,#7525);
#6710=AXIS2_PLACEMENT_3D('',#9414,#7527,#7528);
#6711=AXIS2_PLACEMENT_3D('',#9420,#7531,#7532);
#6712=AXIS2_PLACEMENT_3D('',#9422,#7534,#7535);
#6713=AXIS2_PLACEMENT_3D('',#9423,#7536,#7537);
#6714=AXIS2_PLACEMENT_3D('',#9428,#7539,#7540);
#6715=AXIS2_PLACEMENT_3D('',#9431,#7542,#7543);
#6716=AXIS2_PLACEMENT_3D('',#9436,#7545,#7546);
#6717=AXIS2_PLACEMENT_3D('',#9440,#7549,#7550);
#6718=AXIS2_PLACEMENT_3D('',#9441,#7551,#7552);
#6719=AXIS2_PLACEMENT_3D('',#9442,#7553,#7554);
#6720=AXIS2_PLACEMENT_3D('',#9443,#7555,#7556);
#6721=AXIS2_PLACEMENT_3D('',#9444,#7557,#7558);
#6722=AXIS2_PLACEMENT_3D('',#9445,#7559,#7560);
#6723=AXIS2_PLACEMENT_3D('',#9451,#7564,#7565);
#6724=AXIS2_PLACEMENT_3D('',#9452,#7566,#7567);
#6725=AXIS2_PLACEMENT_3D('',#9455,#7569,#7570);
#6726=AXIS2_PLACEMENT_3D('',#9459,#7573,#7574);
#6727=AXIS2_PLACEMENT_3D('',#9460,#7575,#7576);
#6728=AXIS2_PLACEMENT_3D('',#9461,#7577,#7578);
#6729=AXIS2_PLACEMENT_3D('',#9462,#7579,#7580);
#6730=AXIS2_PLACEMENT_3D('',#9468,#7584,#7585);
#6731=AXIS2_PLACEMENT_3D('',#9469,#7586,#7587);
#6732=AXIS2_PLACEMENT_3D('',#9472,#7589,#7590);
#6733=AXIS2_PLACEMENT_3D('',#9476,#7593,#7594);
#6734=AXIS2_PLACEMENT_3D('',#9477,#7595,#7596);
#6735=AXIS2_PLACEMENT_3D('',#9478,#7597,#7598);
#6736=AXIS2_PLACEMENT_3D('',#9479,#7599,#7600);
#6737=AXIS2_PLACEMENT_3D('',#9484,#7603,#7604);
#6738=AXIS2_PLACEMENT_3D('',#9488,#7606,#7607);
#6739=AXIS2_PLACEMENT_3D('',#9489,#7608,#7609);
#6740=AXIS2_PLACEMENT_3D('',#9490,#7610,#7611);
#6741=AXIS2_PLACEMENT_3D('',#9491,#7612,#7613);
#6742=AXIS2_PLACEMENT_3D('',#9494,#7615,#7616);
#6743=AXIS2_PLACEMENT_3D('',#9495,#7617,#7618);
#6744=AXIS2_PLACEMENT_3D('',#9496,#7619,#7620);
#6745=AXIS2_PLACEMENT_3D('',#9500,#7622,#7623);
#6746=AXIS2_PLACEMENT_3D('',#9503,#7625,#7626);
#6747=AXIS2_PLACEMENT_3D('',#9509,#7627,#7628);
#6748=AXIS2_PLACEMENT_3D('',#9511,#7629,#7630);
#6749=AXIS2_PLACEMENT_3D('',#9512,#7631,#7632);
#6750=AXIS2_PLACEMENT_3D('',#9518,#7633,#7634);
#6751=AXIS2_PLACEMENT_3D('',#9520,#7635,#7636);
#6752=AXIS2_PLACEMENT_3D('',#9521,#7637,#7638);
#6753=AXIS2_PLACEMENT_3D('',#9522,#7639,#7640);
#6754=AXIS2_PLACEMENT_3D('',#9531,#7642,#7643);
#6755=AXIS2_PLACEMENT_3D('',#9532,#7644,#7645);
#6756=AXIS2_PLACEMENT_3D('',#9539,#7646,#7647);
#6757=AXIS2_PLACEMENT_3D('',#9541,#7648,#7649);
#6758=AXIS2_PLACEMENT_3D('',#9543,#7651,#7652);
#6759=AXIS2_PLACEMENT_3D('',#9544,#7653,#7654);
#6760=AXIS2_PLACEMENT_3D('',#9548,#7656,#7657);
#6761=AXIS2_PLACEMENT_3D('',#9549,#7658,#7659);
#6762=AXIS2_PLACEMENT_3D('',#9553,#7661,#7662);
#6763=AXIS2_PLACEMENT_3D('',#9554,#7663,#7664);
#6764=AXIS2_PLACEMENT_3D('',#9555,#7665,#7666);
#6765=AXIS2_PLACEMENT_3D('',#9557,#7668,#7669);
#6766=AXIS2_PLACEMENT_3D('',#9559,#7671,#7672);
#6767=AXIS2_PLACEMENT_3D('',#9561,#7674,#7675);
#6768=AXIS2_PLACEMENT_3D('',#9563,#7677,#7678);
#6769=AXIS2_PLACEMENT_3D('',#9564,#7679,#7680);
#6770=AXIS2_PLACEMENT_3D('',#9566,#7682,#7683);
#6771=AXIS2_PLACEMENT_3D('',#9568,#7685,#7686);
#6772=AXIS2_PLACEMENT_3D('',#9570,#7688,#7689);
#6773=AXIS2_PLACEMENT_3D('',#9572,#7691,#7692);
#6774=AXIS2_PLACEMENT_3D('',#9573,#7693,#7694);
#6775=AXIS2_PLACEMENT_3D('',#9576,#7697,#7698);
#6776=AXIS2_PLACEMENT_3D('',#9577,#7699,#7700);
#6777=AXIS2_PLACEMENT_3D('',#9580,#7702,#7703);
#6778=AXIS2_PLACEMENT_3D('',#9586,#7706,#7707);
#6779=AXIS2_PLACEMENT_3D('',#9590,#7709,#7710);
#6780=AXIS2_PLACEMENT_3D('',#9596,#7713,#7714);
#6781=AXIS2_PLACEMENT_3D('',#9598,#7716,#7717);
#6782=AXIS2_PLACEMENT_3D('',#9613,#7725,#7726);
#6783=AXIS2_PLACEMENT_3D('',#9614,#7727,#7728);
#6784=AXIS2_PLACEMENT_3D('',#9616,#7730,#7731);
#6785=AXIS2_PLACEMENT_3D('',#9617,#7732,#7733);
#6786=AXIS2_PLACEMENT_3D('',#9619,#7735,#7736);
#6787=AXIS2_PLACEMENT_3D('',#9620,#7737,#7738);
#6788=AXIS2_PLACEMENT_3D('',#9622,#7740,#7741);
#6789=AXIS2_PLACEMENT_3D('',#9624,#7743,#7744);
#6790=AXIS2_PLACEMENT_3D('',#9625,#7745,#7746);
#6791=AXIS2_PLACEMENT_3D('',#9627,#7748,#7749);
#6792=AXIS2_PLACEMENT_3D('',#9629,#7751,#7752);
#6793=AXIS2_PLACEMENT_3D('',#9631,#7754,#7755);
#6794=AXIS2_PLACEMENT_3D('',#9632,#7756,#7757);
#6795=AXIS2_PLACEMENT_3D('',#9634,#7759,#7760);
#6796=AXIS2_PLACEMENT_3D('',#9636,#7762,#7763);
#6797=AXIS2_PLACEMENT_3D('',#9637,#7764,#7765);
#6798=AXIS2_PLACEMENT_3D('',#9639,#7767,#7768);
#6799=AXIS2_PLACEMENT_3D('',#9641,#7770,#7771);
#6800=AXIS2_PLACEMENT_3D('',#9642,#7772,#7773);
#6801=AXIS2_PLACEMENT_3D('',#9644,#7775,#7776);
#6802=AXIS2_PLACEMENT_3D('',#9646,#7778,#7779);
#6803=AXIS2_PLACEMENT_3D('',#9648,#7781,#7782);
#6804=AXIS2_PLACEMENT_3D('',#9649,#7783,#7784);
#6805=AXIS2_PLACEMENT_3D('',#9651,#7786,#7787);
#6806=AXIS2_PLACEMENT_3D('',#9653,#7789,#7790);
#6807=AXIS2_PLACEMENT_3D('',#9654,#7791,#7792);
#6808=AXIS2_PLACEMENT_3D('',#9656,#7794,#7795);
#6809=AXIS2_PLACEMENT_3D('',#9658,#7797,#7798);
#6810=AXIS2_PLACEMENT_3D('',#9660,#7800,#7801);
#6811=AXIS2_PLACEMENT_3D('',#9662,#7803,#7804);
#6812=AXIS2_PLACEMENT_3D('',#9664,#7806,#7807);
#6813=AXIS2_PLACEMENT_3D('',#9666,#7809,#7810);
#6814=AXIS2_PLACEMENT_3D('',#9668,#7812,#7813);
#6815=AXIS2_PLACEMENT_3D('',#9670,#7815,#7816);
#6816=AXIS2_PLACEMENT_3D('',#9671,#7817,#7818);
#6817=AXIS2_PLACEMENT_3D('',#9673,#7820,#7821);
#6818=AXIS2_PLACEMENT_3D('',#9675,#7823,#7824);
#6819=AXIS2_PLACEMENT_3D('',#9677,#7826,#7827);
#6820=AXIS2_PLACEMENT_3D('',#9679,#7829,#7830);
#6821=AXIS2_PLACEMENT_3D('',#9681,#7832,#7833);
#6822=AXIS2_PLACEMENT_3D('',#9683,#7835,#7836);
#6823=AXIS2_PLACEMENT_3D('',#9685,#7838,#7839);
#6824=AXIS2_PLACEMENT_3D('',#9687,#7841,#7842);
#6825=AXIS2_PLACEMENT_3D('',#9688,#7843,#7844);
#6826=AXIS2_PLACEMENT_3D('',#9689,#7845,#7846);
#6827=AXIS2_PLACEMENT_3D('',#9690,#7847,#7848);
#6828=AXIS2_PLACEMENT_3D('',#9691,#7849,#7850);
#6829=AXIS2_PLACEMENT_3D('',#9692,#7851,#7852);
#6830=AXIS2_PLACEMENT_3D('',#9693,#7853,#7854);
#6831=AXIS2_PLACEMENT_3D('',#9694,#7855,#7856);
#6832=AXIS2_PLACEMENT_3D('',#9695,#7857,#7858);
#6833=AXIS2_PLACEMENT_3D('',#9696,#7859,#7860);
#6834=AXIS2_PLACEMENT_3D('',#9699,#7863,#7864);
#6835=AXIS2_PLACEMENT_3D('',#9701,#7866,#7867);
#6836=AXIS2_PLACEMENT_3D('',#9703,#7869,#7870);
#6837=AXIS2_PLACEMENT_3D('',#9704,#7871,#7872);
#6838=AXIS2_PLACEMENT_3D('',#9707,#7875,#7876);
#6839=AXIS2_PLACEMENT_3D('',#9709,#7878,#7879);
#6840=AXIS2_PLACEMENT_3D('',#9711,#7881,#7882);
#6841=AXIS2_PLACEMENT_3D('',#9712,#7883,#7884);
#6842=AXIS2_PLACEMENT_3D('',#9715,#7887,#7888);
#6843=AXIS2_PLACEMENT_3D('',#9717,#7890,#7891);
#6844=AXIS2_PLACEMENT_3D('',#9719,#7893,#7894);
#6845=AXIS2_PLACEMENT_3D('',#9720,#7895,#7896);
#6846=AXIS2_PLACEMENT_3D('',#9723,#7899,#7900);
#6847=AXIS2_PLACEMENT_3D('',#9725,#7902,#7903);
#6848=AXIS2_PLACEMENT_3D('',#9727,#7905,#7906);
#6849=AXIS2_PLACEMENT_3D('',#9728,#7907,#7908);
#6850=AXIS2_PLACEMENT_3D('',#9731,#7911,#7912);
#6851=AXIS2_PLACEMENT_3D('',#9733,#7914,#7915);
#6852=AXIS2_PLACEMENT_3D('',#9735,#7917,#7918);
#6853=AXIS2_PLACEMENT_3D('',#9736,#7919,#7920);
#6854=AXIS2_PLACEMENT_3D('',#9739,#7923,#7924);
#6855=AXIS2_PLACEMENT_3D('',#9741,#7926,#7927);
#6856=AXIS2_PLACEMENT_3D('',#9743,#7929,#7930);
#6857=AXIS2_PLACEMENT_3D('',#9744,#7931,#7932);
#6858=AXIS2_PLACEMENT_3D('',#9745,#7933,#7934);
#6859=AXIS2_PLACEMENT_3D('',#9778,#7951,#7952);
#6860=AXIS2_PLACEMENT_3D('',#9811,#7969,#7970);
#6861=AXIS2_PLACEMENT_3D('',#9820,#7975,#7976);
#6862=AXIS2_PLACEMENT_3D('',#9829,#7981,#7982);
#6863=AXIS2_PLACEMENT_3D('',#9835,#7986,#7987);
#6864=AXIS2_PLACEMENT_3D('',#9841,#7991,#7992);
#6865=AXIS2_PLACEMENT_3D('',#9872,#8009,#8010);
#6866=AXIS2_PLACEMENT_3D('',#9881,#8015,#8016);
#6867=AXIS2_PLACEMENT_3D('',#9887,#8020,#8021);
#6868=AXIS2_PLACEMENT_3D('',#9893,#8025,#8026);
#6869=AXIS2_PLACEMENT_3D('',#9902,#8031,#8032);
#6870=AXIS2_PLACEMENT_3D('',#9908,#8036,#8037);
#6871=AXIS2_PLACEMENT_3D('',#9914,#8041,#8042);
#6872=AXIS2_PLACEMENT_3D('',#9917,#8045,#8046);
#6873=AXIS2_PLACEMENT_3D('',#9920,#8049,#8050);
#6874=AXIS2_PLACEMENT_3D('',#9923,#8053,#8054);
#6875=AXIS2_PLACEMENT_3D('',#9924,#8055,#8056);
#6876=AXIS2_PLACEMENT_3D('',#9938,#8064,#8065);
#6877=AXIS2_PLACEMENT_3D('',#9946,#8069,#8070);
#6878=AXIS2_PLACEMENT_3D('',#9954,#8074,#8075);
#6879=AXIS2_PLACEMENT_3D('',#9959,#8078,#8079);
#6880=AXIS2_PLACEMENT_3D('',#9961,#8081,#8082);
#6881=AXIS2_PLACEMENT_3D('',#9963,#8084,#8085);
#6882=AXIS2_PLACEMENT_3D('',#9964,#8086,#8087);
#6883=AXIS2_PLACEMENT_3D('',#9966,#8089,#8090);
#6884=AXIS2_PLACEMENT_3D('',#9968,#8092,#8093);
#6885=AXIS2_PLACEMENT_3D('',#9969,#8094,#8095);
#6886=AXIS2_PLACEMENT_3D('',#9975,#8099,#8100);
#6887=AXIS2_PLACEMENT_3D('',#9979,#8103,#8104);
#6888=AXIS2_PLACEMENT_3D('',#9983,#8107,#8108);
#6889=AXIS2_PLACEMENT_3D('',#9989,#8112,#8113);
#6890=AXIS2_PLACEMENT_3D('',#9993,#8116,#8117);
#6891=AXIS2_PLACEMENT_3D('',#9997,#8120,#8121);
#6892=AXIS2_PLACEMENT_3D('',#10003,#8125,#8126);
#6893=AXIS2_PLACEMENT_3D('',#10007,#8129,#8130);
#6894=AXIS2_PLACEMENT_3D('',#10011,#8133,#8134);
#6895=AXIS2_PLACEMENT_3D('',#10012,#8135,#8136);
#6896=AXIS2_PLACEMENT_3D('',#10013,#8137,#8138);
#6897=AXIS2_PLACEMENT_3D('',#10014,#8139,#8140);
#6898=AXIS2_PLACEMENT_3D('',#10015,#8141,#8142);
#6899=AXIS2_PLACEMENT_3D('',#10016,#8143,#8144);
#6900=AXIS2_PLACEMENT_3D('',#10017,#8145,#8146);
#6901=AXIS2_PLACEMENT_3D('',#10018,#8147,#8148);
#6902=AXIS2_PLACEMENT_3D('',#10019,#8149,#8150);
#6903=AXIS2_PLACEMENT_3D('',#10020,#8151,#8152);
#6904=AXIS2_PLACEMENT_3D('',#10026,#8156,#8157);
#6905=AXIS2_PLACEMENT_3D('',#10030,#8160,#8161);
#6906=AXIS2_PLACEMENT_3D('',#10034,#8164,#8165);
#6907=AXIS2_PLACEMENT_3D('',#10038,#8168,#8169);
#6908=AXIS2_PLACEMENT_3D('',#10042,#8172,#8173);
#6909=AXIS2_PLACEMENT_3D('',#10046,#8176,#8177);
#6910=AXIS2_PLACEMENT_3D('',#10050,#8180,#8181);
#6911=AXIS2_PLACEMENT_3D('',#10054,#8184,#8185);
#6912=AXIS2_PLACEMENT_3D('',#10058,#8188,#8189);
#6913=AXIS2_PLACEMENT_3D('',#10062,#8192,#8193);
#6914=AXIS2_PLACEMENT_3D('',#10066,#8196,#8197);
#6915=AXIS2_PLACEMENT_3D('',#10070,#8200,#8201);
#6916=AXIS2_PLACEMENT_3D('',#10074,#8204,#8205);
#6917=AXIS2_PLACEMENT_3D('',#10083,#8210,#8211);
#6918=AXIS2_PLACEMENT_3D('',#10089,#8215,#8216);
#6919=AXIS2_PLACEMENT_3D('',#10095,#8220,#8221);
#6920=AXIS2_PLACEMENT_3D('',#10098,#8224,#8225);
#6921=AXIS2_PLACEMENT_3D('',#10100,#8227,#8228);
#6922=AXIS2_PLACEMENT_3D('',#10101,#8229,#8230);
#6923=AXIS2_PLACEMENT_3D('',#10102,#8231,#8232);
#6924=AXIS2_PLACEMENT_3D('',#10111,#8237,#8238);
#6925=AXIS2_PLACEMENT_3D('',#10114,#8241,#8242);
#6926=AXIS2_PLACEMENT_3D('',#10117,#8245,#8246);
#6927=AXIS2_PLACEMENT_3D('',#10118,#8247,#8248);
#6928=AXIS2_PLACEMENT_3D('',#10119,#8249,#8250);
#6929=AXIS2_PLACEMENT_3D('',#10125,#8254,#8255);
#6930=AXIS2_PLACEMENT_3D('',#10131,#8259,#8260);
#6931=AXIS2_PLACEMENT_3D('',#10134,#8263,#8264);
#6932=AXIS2_PLACEMENT_3D('',#10135,#8265,#8266);
#6933=AXIS2_PLACEMENT_3D('',#10136,#8267,#8268);
#6934=AXIS2_PLACEMENT_3D('',#10142,#8272,#8273);
#6935=AXIS2_PLACEMENT_3D('',#10148,#8277,#8278);
#6936=AXIS2_PLACEMENT_3D('',#10151,#8281,#8282);
#6937=AXIS2_PLACEMENT_3D('',#10152,#8283,#8284);
#6938=AXIS2_PLACEMENT_3D('',#10153,#8285,#8286);
#6939=AXIS2_PLACEMENT_3D('',#10159,#8290,#8291);
#6940=AXIS2_PLACEMENT_3D('',#10165,#8295,#8296);
#6941=AXIS2_PLACEMENT_3D('',#10168,#8299,#8300);
#6942=AXIS2_PLACEMENT_3D('',#10169,#8301,#8302);
#6943=AXIS2_PLACEMENT_3D('',#10170,#8303,#8304);
#6944=AXIS2_PLACEMENT_3D('',#10179,#8309,#8310);
#6945=AXIS2_PLACEMENT_3D('',#10182,#8313,#8314);
#6946=AXIS2_PLACEMENT_3D('',#10185,#8317,#8318);
#6947=AXIS2_PLACEMENT_3D('',#10186,#8319,#8320);
#6948=AXIS2_PLACEMENT_3D('',#10187,#8321,#8322);
#6949=AXIS2_PLACEMENT_3D('',#10193,#8326,#8327);
#6950=AXIS2_PLACEMENT_3D('',#10199,#8331,#8332);
#6951=AXIS2_PLACEMENT_3D('',#10202,#8335,#8336);
#6952=AXIS2_PLACEMENT_3D('',#10203,#8337,#8338);
#6953=AXIS2_PLACEMENT_3D('',#10204,#8339,#8340);
#6954=AXIS2_PLACEMENT_3D('',#10205,#8341,#8342);
#6955=AXIS2_PLACEMENT_3D('',#10238,#8359,#8360);
#6956=AXIS2_PLACEMENT_3D('',#10271,#8377,#8378);
#6957=AXIS2_PLACEMENT_3D('',#10280,#8383,#8384);
#6958=AXIS2_PLACEMENT_3D('',#10289,#8389,#8390);
#6959=AXIS2_PLACEMENT_3D('',#10295,#8394,#8395);
#6960=AXIS2_PLACEMENT_3D('',#10301,#8399,#8400);
#6961=AXIS2_PLACEMENT_3D('',#10307,#8404,#8405);
#6962=AXIS2_PLACEMENT_3D('',#10313,#8409,#8410);
#6963=AXIS2_PLACEMENT_3D('',#10319,#8414,#8415);
#6964=AXIS2_PLACEMENT_3D('',#10325,#8419,#8420);
#6965=AXIS2_PLACEMENT_3D('',#10326,#8421,#8422);
#6966=AXIS2_PLACEMENT_3D('',#10330,#8424,#8425);
#6967=AXIS2_PLACEMENT_3D('',#10331,#8426,#8427);
#6968=AXIS2_PLACEMENT_3D('',#10335,#8429,#8430);
#6969=AXIS2_PLACEMENT_3D('',#10336,#8431,#8432);
#6970=AXIS2_PLACEMENT_3D('',#10337,#8433,#8434);
#6971=AXIS2_PLACEMENT_3D('',#10343,#8438,#8439);
#6972=AXIS2_PLACEMENT_3D('',#10349,#8443,#8444);
#6973=AXIS2_PLACEMENT_3D('',#10360,#8451,#8452);
#6974=AXIS2_PLACEMENT_3D('',#10377,#8461,#8462);
#6975=AXIS2_PLACEMENT_3D('',#10383,#8466,#8467);
#6976=AXIS2_PLACEMENT_3D('',#10389,#8471,#8472);
#6977=AXIS2_PLACEMENT_3D('',#10390,#8473,#8474);
#6978=AXIS2_PLACEMENT_3D('',#10394,#8476,#8477);
#6979=AXIS2_PLACEMENT_3D('',#10395,#8478,#8479);
#6980=AXIS2_PLACEMENT_3D('',#10399,#8481,#8482);
#6981=AXIS2_PLACEMENT_3D('',#10400,#8483,#8484);
#6982=AXIS2_PLACEMENT_3D('',#10401,#8485,#8486);
#6983=AXIS2_PLACEMENT_3D('',#10407,#8490,#8491);
#6984=AXIS2_PLACEMENT_3D('',#10413,#8495,#8496);
#6985=AXIS2_PLACEMENT_3D('',#10419,#8500,#8501);
#6986=AXIS2_PLACEMENT_3D('',#10425,#8505,#8506);
#6987=AXIS2_PLACEMENT_3D('',#10431,#8510,#8511);
#6988=AXIS2_PLACEMENT_3D('',#10437,#8515,#8516);
#6989=AXIS2_PLACEMENT_3D('',#10443,#8520,#8521);
#6990=AXIS2_PLACEMENT_3D('',#10449,#8525,#8526);
#6991=AXIS2_PLACEMENT_3D('',#10455,#8530,#8531);
#6992=AXIS2_PLACEMENT_3D('',#10461,#8535,#8536);
#6993=AXIS2_PLACEMENT_3D('',#10462,#8537,#8538);
#6994=AXIS2_PLACEMENT_3D('',#10466,#8540,#8541);
#6995=AXIS2_PLACEMENT_3D('',#10467,#8542,#8543);
#6996=AXIS2_PLACEMENT_3D('',#10468,#8544,#8545);
#6997=AXIS2_PLACEMENT_3D('',#10470,#8546,#8547);
#6998=AXIS2_PLACEMENT_3D('',#10473,#8549,#8550);
#6999=AXIS2_PLACEMENT_3D('',#10476,#8553,#8554);
#7000=AXIS2_PLACEMENT_3D('',#10479,#8557,#8558);
#7001=AXIS2_PLACEMENT_3D('',#10485,#8562,#8563);
#7002=AXIS2_PLACEMENT_3D('',#10491,#8567,#8568);
#7003=AXIS2_PLACEMENT_3D('',#10492,#8569,#8570);
#7004=AXIS2_PLACEMENT_3D('',#10496,#8572,#8573);
#7005=AXIS2_PLACEMENT_3D('',#10497,#8574,#8575);
#7006=AXIS2_PLACEMENT_3D('',#10498,#8576,#8577);
#7007=AXIS2_PLACEMENT_3D('',#10500,#8578,#8579);
#7008=AXIS2_PLACEMENT_3D('',#10503,#8581,#8582);
#7009=AXIS2_PLACEMENT_3D('',#10506,#8585,#8586);
#7010=AXIS2_PLACEMENT_3D('',#10509,#8589,#8590);
#7011=AXIS2_PLACEMENT_3D('',#10513,#8592,#8593);
#7012=AXIS2_PLACEMENT_3D('',#10514,#8594,#8595);
#7013=AXIS2_PLACEMENT_3D('',#10515,#8596,#8597);
#7014=AXIS2_PLACEMENT_3D('',#10519,#8599,#8600);
#7015=AXIS2_PLACEMENT_3D('',#10520,#8601,#8602);
#7016=AXIS2_PLACEMENT_3D('',#10521,#8603,#8604);
#7017=AXIS2_PLACEMENT_3D('',#10527,#8608,#8609);
#7018=AXIS2_PLACEMENT_3D('',#10533,#8613,#8614);
#7019=AXIS2_PLACEMENT_3D('',#10539,#8618,#8619);
#7020=AXIS2_PLACEMENT_3D('',#10545,#8623,#8624);
#7021=AXIS2_PLACEMENT_3D('',#10551,#8628,#8629);
#7022=AXIS2_PLACEMENT_3D('',#10557,#8633,#8634);
#7023=AXIS2_PLACEMENT_3D('',#10558,#8635,#8636);
#7024=AXIS2_PLACEMENT_3D('',#10560,#8637,#8638);
#7025=AXIS2_PLACEMENT_3D('',#10563,#8640,#8641);
#7026=AXIS2_PLACEMENT_3D('',#10564,#8642,#8643);
#7027=AXIS2_PLACEMENT_3D('',#10566,#8644,#8645);
#7028=AXIS2_PLACEMENT_3D('',#10569,#8647,#8648);
#7029=AXIS2_PLACEMENT_3D('',#10588,#8659,#8660);
#7030=AXIS2_PLACEMENT_3D('',#10613,#8673,#8674);
#7031=AXIS2_PLACEMENT_3D('',#10617,#8676,#8677);
#7032=AXIS2_PLACEMENT_3D('',#10618,#8678,#8679);
#7033=AXIS2_PLACEMENT_3D('',#10619,#8680,#8681);
#7034=AXIS2_PLACEMENT_3D('',#10623,#8683,#8684);
#7035=AXIS2_PLACEMENT_3D('',#10624,#8685,#8686);
#7036=AXIS2_PLACEMENT_3D('',#10625,#8687,#8688);
#7037=AXIS2_PLACEMENT_3D('',#10631,#8692,#8693);
#7038=AXIS2_PLACEMENT_3D('',#10637,#8697,#8698);
#7039=AXIS2_PLACEMENT_3D('',#10643,#8702,#8703);
#7040=AXIS2_PLACEMENT_3D('',#10649,#8707,#8708);
#7041=AXIS2_PLACEMENT_3D('',#10655,#8712,#8713);
#7042=AXIS2_PLACEMENT_3D('',#10661,#8717,#8718);
#7043=AXIS2_PLACEMENT_3D('',#10662,#8719,#8720);
#7044=AXIS2_PLACEMENT_3D('',#10663,#8721,#8722);
#7045=AXIS2_PLACEMENT_3D('',#10664,#8723,#8724);
#7046=AXIS2_PLACEMENT_3D('',#10665,#8725,#8726);
#7047=AXIS2_PLACEMENT_3D('',#10666,#8727,#8728);
#7048=AXIS2_PLACEMENT_3D('',#10667,#8729,#8730);
#7049=AXIS2_PLACEMENT_3D('',#10670,#8733,#8734);
#7050=AXIS2_PLACEMENT_3D('',#10673,#8737,#8738);
#7051=AXIS2_PLACEMENT_3D('',#10676,#8741,#8742);
#7052=AXIS2_PLACEMENT_3D('',#10679,#8745,#8746);
#7053=AXIS2_PLACEMENT_3D('',#10681,#8748,#8749);
#7054=AXIS2_PLACEMENT_3D('',#10682,#8750,#8751);
#7055=AXIS2_PLACEMENT_3D('',#10684,#8753,#8754);
#7056=AXIS2_PLACEMENT_3D('',#10685,#8755,#8756);
#7057=AXIS2_PLACEMENT_3D('',#10687,#8758,#8759);
#7058=AXIS2_PLACEMENT_3D('',#10688,#8760,#8761);
#7059=AXIS2_PLACEMENT_3D('',#10690,#8763,#8764);
#7060=AXIS2_PLACEMENT_3D('',#10691,#8765,#8766);
#7061=AXIS2_PLACEMENT_3D('',#10694,#8769,#8770);
#7062=AXIS2_PLACEMENT_3D('',#10695,#8771,#8772);
#7063=AXIS2_PLACEMENT_3D('',#10696,#8773,#8774);
#7064=AXIS2_PLACEMENT_3D('',#10698,#8776,#8777);
#7065=AXIS2_PLACEMENT_3D('',#10700,#8779,#8780);
#7066=AXIS2_PLACEMENT_3D('',#10701,#8781,#8782);
#7067=AXIS2_PLACEMENT_3D('',#10703,#8784,#8785);
#7068=AXIS2_PLACEMENT_3D('',#10705,#8787,#8788);
#7069=AXIS2_PLACEMENT_3D('',#10706,#8789,#8790);
#7070=AXIS2_PLACEMENT_3D('',#10709,#8793,#8794);
#7071=AXIS2_PLACEMENT_3D('',#10710,#8795,#8796);
#7072=AXIS2_PLACEMENT_3D('',#10711,#8797,#8798);
#7073=DIRECTION('',(0.,0.,1.));
#7074=DIRECTION('',(1.,0.,0.));
#7075=DIRECTION('',(-1.,0.,0.));
#7076=DIRECTION('',(0.,0.,1.));
#7077=DIRECTION('',(0.,0.,1.));
#7078=DIRECTION('',(0.,1.,0.));
#7079=DIRECTION('',(0.,0.,-1.));
#7080=DIRECTION('',(0.,-1.,0.));
#7081=DIRECTION('',(0.,-1.,0.));
#7082=DIRECTION('',(0.,0.,1.));
#7083=DIRECTION('',(0.,-1.,-1.66018457661843E-15));
#7084=DIRECTION('',(-1.,0.,0.));
#7085=DIRECTION('',(0.,0.,1.));
#7086=DIRECTION('',(0.,0.,1.));
#7087=DIRECTION('',(0.,1.,0.));
#7088=DIRECTION('',(0.,0.,-1.));
#7089=DIRECTION('',(0.,-1.,0.));
#7090=DIRECTION('',(0.,0.,1.));
#7091=DIRECTION('',(0.,-1.,0.));
#7092=DIRECTION('',(0.,-4.21634178188807E-17,1.));
#7093=DIRECTION('',(0.,1.,0.));
#7094=DIRECTION('',(0.,0.,-1.));
#7095=DIRECTION('',(0.,1.,0.));
#7096=DIRECTION('',(0.,-2.97604478029755E-15,1.));
#7097=DIRECTION('',(-1.,0.,0.));
#7098=DIRECTION('',(0.,0.,1.));
#7099=DIRECTION('',(-1.,0.,0.));
#7100=DIRECTION('',(0.,0.,1.));
#7101=DIRECTION('',(0.,0.,1.));
#7102=DIRECTION('',(0.,1.,0.));
#7103=DIRECTION('',(0.,0.,-1.));
#7104=DIRECTION('',(0.,-1.,0.));
#7105=DIRECTION('',(0.,0.,1.));
#7106=DIRECTION('',(0.,1.,0.));
#7107=DIRECTION('',(0.,0.,-1.));
#7108=DIRECTION('',(0.,-1.,0.));
#7109=DIRECTION('',(1.,0.,0.));
#7110=DIRECTION('',(0.,0.,-1.));
#7111=DIRECTION('',(0.,0.,1.));
#7112=DIRECTION('',(0.,-1.,0.));
#7113=DIRECTION('',(0.,0.,-1.));
#7114=DIRECTION('',(0.,1.,0.));
#7115=DIRECTION('',(0.,-1.,0.));
#7116=DIRECTION('',(0.,2.97604478029755E-15,-1.));
#7117=DIRECTION('',(0.,-1.,0.));
#7118=DIRECTION('',(0.,0.,-1.));
#7119=DIRECTION('',(0.,-1.,0.));
#7120=DIRECTION('',(0.,4.21634178188807E-17,-1.));
#7121=DIRECTION('',(0.,1.,0.));
#7122=DIRECTION('',(0.,0.,-1.));
#7123=DIRECTION('',(0.,1.,0.));
#7124=DIRECTION('',(0.,0.,-1.));
#7125=DIRECTION('',(0.,-1.,0.));
#7126=DIRECTION('',(0.,0.,-1.));
#7127=DIRECTION('',(1.,0.,0.));
#7128=DIRECTION('',(0.,0.,-1.));
#7129=DIRECTION('',(0.,1.,1.66018457661843E-15));
#7130=DIRECTION('',(0.,0.,-1.));
#7131=DIRECTION('',(1.,0.,0.));
#7132=DIRECTION('',(0.,0.,-1.));
#7133=DIRECTION('',(1.,0.,0.));
#7134=DIRECTION('',(0.,0.,-1.));
#7135=DIRECTION('',(0.,0.,1.));
#7136=DIRECTION('',(0.,-1.,0.));
#7137=DIRECTION('',(0.,0.,-1.));
#7138=DIRECTION('',(0.,1.,0.));
#7139=DIRECTION('',(0.,0.,1.));
#7140=DIRECTION('',(0.,-1.,0.));
#7141=DIRECTION('',(0.,0.,-1.));
#7142=DIRECTION('',(0.,1.,0.));
#7143=DIRECTION('',(1.,0.,0.));
#7144=DIRECTION('',(0.,0.,-1.));
#7145=DIRECTION('',(0.,0.,-1.));
#7146=DIRECTION('',(0.,1.,0.));
#7147=DIRECTION('',(0.,0.,1.));
#7148=DIRECTION('',(0.,-1.,0.));
#7149=DIRECTION('',(0.,1.,0.));
#7150=DIRECTION('',(0.,0.,-1.));
#7151=DIRECTION('',(0.,-1.,0.));
#7152=DIRECTION('',(0.,0.,-1.));
#7153=DIRECTION('',(-1.,0.,0.));
#7154=DIRECTION('',(0.,0.,1.));
#7155=DIRECTION('',(0.,1.,1.66018457661843E-15));
#7156=DIRECTION('',(0.,0.,-1.));
#7157=DIRECTION('',(0.,1.,0.));
#7158=DIRECTION('',(0.,2.97604478029755E-15,-1.));
#7159=DIRECTION('',(0.,1.,0.));
#7160=DIRECTION('',(0.,0.,-1.));
#7161=DIRECTION('',(0.,1.,0.));
#7162=DIRECTION('',(0.,4.21634178188807E-17,-1.));
#7163=DIRECTION('',(0.,1.,0.));
#7164=DIRECTION('',(0.,0.,-1.));
#7165=DIRECTION('',(0.,0.,-1.));
#7166=DIRECTION('',(0.,1.,0.));
#7167=DIRECTION('',(0.,0.,1.));
#7168=DIRECTION('',(0.,-1.,0.));
#7169=DIRECTION('',(0.,0.,-1.));
#7170=DIRECTION('',(0.,1.,0.));
#7171=DIRECTION('',(0.,0.,1.));
#7172=DIRECTION('',(0.,-1.,0.));
#7173=DIRECTION('',(-1.,0.,0.));
#7174=DIRECTION('',(0.,0.,1.));
#7175=DIRECTION('',(0.,0.,1.));
#7176=DIRECTION('',(0.,1.,0.));
#7177=DIRECTION('',(0.,0.,-1.));
#7178=DIRECTION('',(0.,-1.,0.));
#7179=DIRECTION('',(0.,-1.,0.));
#7180=DIRECTION('',(0.,0.,1.));
#7181=DIRECTION('',(0.,-1.,0.));
#7182=DIRECTION('',(0.,-4.21634178188807E-17,1.));
#7183=DIRECTION('',(0.,-1.,0.));
#7184=DIRECTION('',(0.,0.,-1.));
#7185=DIRECTION('',(0.,-1.,0.));
#7186=DIRECTION('',(0.,-2.97604478029755E-15,1.));
#7187=DIRECTION('',(0.,-1.,0.));
#7188=DIRECTION('',(0.,0.,-1.));
#7189=DIRECTION('',(0.,-1.,-1.66018457661843E-15));
#7190=DIRECTION('',(1.,0.,0.));
#7191=DIRECTION('',(0.,0.,-1.));
#7192=DIRECTION('',(0.,0.,1.));
#7193=DIRECTION('',(0.,1.,0.));
#7194=DIRECTION('',(0.,0.,-1.));
#7195=DIRECTION('',(0.,0.,1.));
#7196=DIRECTION('',(0.,1.,0.));
#7197=DIRECTION('',(0.,0.,-1.));
#7198=DIRECTION('',(0.,-1.,0.));
#7199=DIRECTION('',(0.,0.,1.));
#7200=DIRECTION('',(0.,1.,0.));
#7201=DIRECTION('',(0.,0.,-1.));
#7202=DIRECTION('',(0.,-1.,0.));
#7203=DIRECTION('',(-0.928485826880913,0.,-0.371367835550235));
#7204=DIRECTION('',(-0.371367835550235,0.,0.928485826880914));
#7205=DIRECTION('',(0.364340215030778,-0.193621071353683,-0.910915522120014));
#7206=DIRECTION('',(0.371367835550235,0.,-0.928485826880913));
#7207=DIRECTION('',(0.,-1.,0.));
#7208=DIRECTION('',(0.371367835550235,0.,-0.928485826880913));
#7209=DIRECTION('',(-0.364340215030778,-0.193621071353683,0.910915522120014));
#7210=DIRECTION('',(0.,-1.,0.));
#7211=DIRECTION('',(-0.999999999697416,0.,2.46001775991403E-5));
#7212=DIRECTION('',(2.46001775991403E-5,0.,0.999999999697416));
#7213=DIRECTION('',(-2.40626046965393E-5,-0.207911690757568,-0.978147600450628));
#7214=DIRECTION('',(2.40626046965393E-5,-0.207911690757568,0.978147600450628));
#7215=DIRECTION('',(0.,-1.,0.));
#7216=DIRECTION('',(-0.371367835550239,0.,0.928485826880912));
#7217=DIRECTION('',(0.928485826880912,0.,0.371367835550239));
#7218=DIRECTION('',(-0.925606578735064,-0.0786918864690407,-0.370216218453909));
#7219=DIRECTION('',(0.925606578735064,-0.0786918864690407,0.370216218453909));
#7220=DIRECTION('',(0.,-1.,0.));
#7221=DIRECTION('',(0.928485826880914,0.,0.371367835550235));
#7222=DIRECTION('',(0.371367835550235,0.,-0.928485826880914));
#7223=DIRECTION('',(-0.364340215030778,0.193621071353683,0.910915522120014));
#7224=DIRECTION('',(0.364340215030778,0.193621071353683,-0.910915522120014));
#7225=DIRECTION('',(-0.371367835550235,0.,0.928485826880914));
#7226=DIRECTION('',(0.,-1.,0.));
#7227=DIRECTION('',(-0.371367835550235,0.,0.928485826880914));
#7228=DIRECTION('',(0.,1.,0.));
#7229=DIRECTION('',(0.,0.,1.));
#7230=DIRECTION('',(-1.,0.,0.));
#7231=DIRECTION('',(0.,1.,0.));
#7232=DIRECTION('',(1.,0.,0.));
#7233=DIRECTION('',(0.,0.,1.));
#7234=DIRECTION('',(0.,1.,0.));
#7235=DIRECTION('',(1.,0.,0.));
#7236=DIRECTION('',(0.,1.,0.));
#7237=DIRECTION('',(0.,0.,1.));
#7238=DIRECTION('',(-1.,0.,0.));
#7239=DIRECTION('',(0.,1.,0.));
#7240=DIRECTION('',(1.,0.,0.));
#7241=DIRECTION('',(0.,0.,1.));
#7242=DIRECTION('',(0.,1.,0.));
#7243=DIRECTION('',(1.,0.,0.));
#7244=DIRECTION('',(0.999999999697415,0.,2.46001775991395E-5));
#7245=DIRECTION('',(2.46001775991396E-5,0.,-0.999999999697416));
#7246=DIRECTION('',(-2.40626046965386E-5,0.207911690757568,0.978147600450628));
#7247=DIRECTION('',(0.,-1.,0.));
#7248=DIRECTION('',(2.40626046965386E-5,0.207911690757568,-0.978147600450628));
#7249=DIRECTION('',(0.,-1.,0.));
#7250=DIRECTION('',(0.928485826880913,0.,-0.371367835550236));
#7251=DIRECTION('',(-0.371367835550236,0.,-0.928485826880913));
#7252=DIRECTION('',(0.364340215030779,0.193621071353683,0.910915522120014));
#7253=DIRECTION('',(-0.364340215030779,0.193621071353683,-0.910915522120014));
#7254=DIRECTION('',(0.371367835550236,0.,0.928485826880913));
#7255=DIRECTION('',(0.,-1.,0.));
#7256=DIRECTION('',(0.371367835550236,0.,0.928485826880913));
#7257=DIRECTION('',(-0.928485826880914,0.,0.371367835550233));
#7258=DIRECTION('',(0.371367835550233,0.,0.928485826880914));
#7259=DIRECTION('',(-0.364340215030776,-0.193621071353683,-0.910915522120015));
#7260=DIRECTION('',(-0.371367835550233,0.,-0.928485826880914));
#7261=DIRECTION('',(0.,-1.,0.));
#7262=DIRECTION('',(-0.371367835550233,0.,-0.928485826880914));
#7263=DIRECTION('',(0.364340215030776,-0.193621071353683,0.910915522120015));
#7264=DIRECTION('',(0.,-1.,0.));
#7265=DIRECTION('',(0.371367835550306,0.,0.928485826880885));
#7266=DIRECTION('',(0.928485826880885,0.,-0.371367835550306));
#7267=DIRECTION('',(-0.925606578735036,0.0786918864690549,0.370216218453976));
#7268=DIRECTION('',(0.925606578735036,0.0786918864690549,-0.370216218453976));
#7269=DIRECTION('',(0.,1.,0.));
#7270=DIRECTION('',(0.,0.,1.));
#7271=DIRECTION('',(-1.,0.,0.));
#7272=DIRECTION('',(0.,1.,0.));
#7273=DIRECTION('',(1.,0.,0.));
#7274=DIRECTION('',(0.,0.,1.));
#7275=DIRECTION('',(0.,1.,0.));
#7276=DIRECTION('',(1.,0.,0.));
#7277=DIRECTION('',(0.,1.,0.));
#7278=DIRECTION('',(0.,0.,1.));
#7279=DIRECTION('',(-1.,0.,0.));
#7280=DIRECTION('',(0.,1.,0.));
#7281=DIRECTION('',(1.,0.,0.));
#7282=DIRECTION('',(0.,0.,1.));
#7283=DIRECTION('',(0.,1.,0.));
#7284=DIRECTION('',(1.,0.,0.));
#7285=DIRECTION('',(0.,1.66018457661843E-15,-1.));
#7286=DIRECTION('',(0.,1.,1.66018457661843E-15));
#7287=DIRECTION('',(-1.,0.,0.));
#7288=DIRECTION('',(0.,-1.,0.));
#7289=DIRECTION('',(1.,-6.59949148469437E-17,-1.09563739764143E-31));
#7290=DIRECTION('',(0.,-1.,0.));
#7291=DIRECTION('',(0.,1.66018457661843E-15,-1.));
#7292=DIRECTION('',(0.,1.,1.66018457661843E-15));
#7293=DIRECTION('',(-1.,0.,0.));
#7294=DIRECTION('',(0.,-1.,0.));
#7295=DIRECTION('',(1.,-6.59949148469437E-17,-1.09563739764143E-31));
#7296=DIRECTION('',(-1.,0.,0.));
#7297=DIRECTION('',(0.,1.66018457661843E-15,-1.));
#7298=DIRECTION('',(0.,1.,1.66018457661843E-15));
#7299=DIRECTION('',(-1.,0.,0.));
#7300=DIRECTION('',(-1.,0.,0.));
#7301=DIRECTION('',(1.,-6.59949148469437E-17,-1.09563739764143E-31));
#7302=DIRECTION('',(0.,-1.,0.));
#7303=DIRECTION('',(0.,1.66018457661843E-15,-1.));
#7304=DIRECTION('',(0.,1.,1.66018457661843E-15));
#7305=DIRECTION('',(-1.,0.,0.));
#7306=DIRECTION('',(0.,-1.,0.));
#7307=DIRECTION('',(1.,-6.59949148469437E-17,-1.09563739764143E-31));
#7308=DIRECTION('',(0.,-1.,0.));
#7309=DIRECTION('',(0.,0.,1.));
#7310=DIRECTION('',(1.,0.,0.));
#7311=DIRECTION('',(-1.,0.,0.));
#7312=DIRECTION('',(0.,-1.,0.));
#7313=DIRECTION('',(-1.,6.59949148469437E-17,0.));
#7314=DIRECTION('',(0.,-1.,0.));
#7315=DIRECTION('',(0.,0.,1.));
#7316=DIRECTION('',(1.,0.,0.));
#7317=DIRECTION('',(-1.,0.,0.));
#7318=DIRECTION('',(0.,-1.,0.));
#7319=DIRECTION('',(-1.,6.59949148469437E-17,0.));
#7320=DIRECTION('',(0.,-1.,0.));
#7321=DIRECTION('',(0.,0.,1.));
#7322=DIRECTION('',(1.,0.,0.));
#7323=DIRECTION('',(-1.,0.,0.));
#7324=DIRECTION('',(0.,-1.,0.));
#7325=DIRECTION('',(-1.,6.59949148469437E-17,0.));
#7326=DIRECTION('',(0.,-1.,0.));
#7327=DIRECTION('',(0.,0.,1.));
#7328=DIRECTION('',(1.,0.,0.));
#7329=DIRECTION('',(-1.,0.,0.));
#7330=DIRECTION('',(0.,-1.,0.));
#7331=DIRECTION('',(-1.,6.59949148469437E-17,0.));
#7332=DIRECTION('',(0.,-1.,0.));
#7333=DIRECTION('',(0.,0.,1.));
#7334=DIRECTION('',(1.,0.,0.));
#7335=DIRECTION('',(-1.,0.,0.));
#7336=DIRECTION('',(0.,0.,1.));
#7337=DIRECTION('',(1.,0.,0.));
#7338=DIRECTION('',(-1.,0.,0.));
#7339=DIRECTION('',(0.,0.,1.));
#7340=DIRECTION('',(1.,0.,0.));
#7341=DIRECTION('',(0.,0.,1.));
#7342=DIRECTION('',(1.,0.,0.));
#7343=DIRECTION('',(-1.,0.,0.));
#7344=DIRECTION('',(0.,0.,1.));
#7345=DIRECTION('',(1.,0.,0.));
#7346=DIRECTION('',(-1.,0.,0.));
#7347=DIRECTION('',(0.,0.,1.));
#7348=DIRECTION('',(1.,0.,0.));
#7349=DIRECTION('',(0.,-1.,-4.21634178188807E-17));
#7350=DIRECTION('',(0.,4.21634178188807E-17,-1.));
#7351=DIRECTION('',(-1.,0.,0.));
#7352=DIRECTION('',(-1.,3.18008133555788E-33,-7.54227598250786E-17));
#7353=DIRECTION('',(-1.,0.,0.));
#7354=DIRECTION('',(1.,0.,0.));
#7355=DIRECTION('',(0.,0.,-1.));
#7356=DIRECTION('',(-1.,0.,0.));
#7357=DIRECTION('',(-1.,0.,0.));
#7358=DIRECTION('',(0.,0.,-1.));
#7359=DIRECTION('',(-1.,0.,0.));
#7360=DIRECTION('',(-1.,0.,0.));
#7361=DIRECTION('',(0.,1.,0.));
#7362=DIRECTION('',(0.,0.,1.));
#7363=DIRECTION('',(-1.,0.,0.));
#7364=DIRECTION('',(0.,1.,0.));
#7365=DIRECTION('',(0.,0.,1.));
#7366=DIRECTION('',(-1.,0.,0.));
#7367=DIRECTION('',(0.,1.,0.));
#7368=DIRECTION('',(0.,0.,1.));
#7369=DIRECTION('',(-1.,0.,-2.89120579329467E-15));
#7370=DIRECTION('',(8.54543584225061E-15,0.,1.));
#7371=DIRECTION('',(0.,0.,-1.));
#7372=DIRECTION('',(-1.,0.,0.));
#7373=DIRECTION('',(0.,0.,1.));
#7374=DIRECTION('',(8.5867786444343E-17,0.,-1.));
#7375=DIRECTION('',(0.,1.,0.));
#7376=DIRECTION('',(1.,0.,0.));
#7377=DIRECTION('',(0.,1.,0.));
#7378=DIRECTION('',(1.,0.,0.));
#7379=DIRECTION('',(0.,0.,-1.));
#7380=DIRECTION('',(5.59588218057035E-16,0.,1.));
#7381=DIRECTION('',(0.,1.,0.));
#7382=DIRECTION('',(1.,0.,0.));
#7383=DIRECTION('',(0.,0.,-1.));
#7384=DIRECTION('',(0.,1.,0.));
#7385=DIRECTION('',(0.,0.,1.));
#7386=DIRECTION('',(0.,0.,1.));
#7387=DIRECTION('',(0.,1.,0.));
#7388=DIRECTION('',(1.,0.,0.));
#7389=DIRECTION('',(5.59588218057035E-16,0.,-1.));
#7390=DIRECTION('',(0.,0.,1.));
#7391=DIRECTION('',(0.,1.,0.));
#7392=DIRECTION('',(1.,0.,0.));
#7393=DIRECTION('',(0.,1.,0.));
#7394=DIRECTION('',(1.,0.,0.));
#7395=DIRECTION('',(8.58677864443431E-17,0.,1.));
#7396=DIRECTION('',(0.,0.,-1.));
#7397=DIRECTION('',(-1.,0.,0.));
#7398=DIRECTION('',(0.,0.,1.));
#7399=DIRECTION('',(8.54543584225032E-15,0.,-1.));
#7400=DIRECTION('',(-1.,0.,0.));
#7401=DIRECTION('',(6.59949148469437E-17,1.,0.));
#7402=DIRECTION('',(-1.,6.59949148469437E-17,0.));
#7403=DIRECTION('',(-8.54543584225061E-15,5.6395531073935E-31,-1.));
#7404=DIRECTION('',(1.,-6.59949148469437E-17,2.89120579329467E-15));
#7405=DIRECTION('',(0.,0.,1.));
#7406=DIRECTION('',(6.59949148469437E-17,1.,0.));
#7407=DIRECTION('',(-1.,6.59949148469437E-17,0.));
#7408=DIRECTION('',(-5.59588218057036E-16,3.6929976800027E-32,-1.));
#7409=DIRECTION('',(0.,0.,1.));
#7410=DIRECTION('',(6.59949148469437E-17,1.,0.));
#7411=DIRECTION('',(-1.,6.59949148469437E-17,0.));
#7412=DIRECTION('',(6.59949148469437E-17,1.,0.));
#7413=DIRECTION('',(-1.,6.59949148469437E-17,0.));
#7414=DIRECTION('',(-8.5867786444343E-17,5.66683725448997E-33,1.));
#7415=DIRECTION('',(0.,0.,-1.));
#7416=DIRECTION('',(1.,-6.59949148469437E-17,0.));
#7417=DIRECTION('',(0.,0.,1.));
#7418=DIRECTION('',(6.59949148469437E-17,1.,0.));
#7419=DIRECTION('',(-1.,6.59949148469437E-17,0.));
#7420=DIRECTION('',(6.59949148469437E-17,1.,0.));
#7421=DIRECTION('',(-1.,6.59949148469437E-17,0.));
#7422=DIRECTION('',(0.,0.,-1.));
#7423=DIRECTION('',(1.,-6.59949148469437E-17,0.));
#7424=DIRECTION('',(-8.54543584225032E-15,5.63955310739331E-31,1.));
#7425=DIRECTION('',(0.,0.,-1.));
#7426=DIRECTION('',(1.,-6.59949148469437E-17,0.));
#7427=DIRECTION('',(0.,0.,1.));
#7428=DIRECTION('',(-8.58677864443431E-17,5.66683725448997E-33,-1.));
#7429=DIRECTION('',(6.59949148469437E-17,1.,0.));
#7430=DIRECTION('',(-1.,6.59949148469437E-17,0.));
#7431=DIRECTION('',(6.59949148469437E-17,1.,0.));
#7432=DIRECTION('',(-1.,6.59949148469437E-17,0.));
#7433=DIRECTION('',(0.,0.,-1.));
#7434=DIRECTION('',(-5.59588218057036E-16,3.6929976800027E-32,1.));
#7435=DIRECTION('',(0.,-1.,0.));
#7436=DIRECTION('',(0.,0.,-1.));
#7437=DIRECTION('',(-1.,0.,0.));
#7438=DIRECTION('',(0.,-1.,0.));
#7439=DIRECTION('',(0.,0.,-1.));
#7440=DIRECTION('',(-1.,0.,0.));
#7441=DIRECTION('',(-1.,0.,0.));
#7442=DIRECTION('',(0.,0.,1.));
#7443=DIRECTION('',(-1.,0.,0.));
#7444=DIRECTION('',(0.,0.,1.));
#7445=DIRECTION('',(0.,-1.,-2.97604478029755E-15));
#7446=DIRECTION('',(0.,2.97604478029755E-15,-1.));
#7447=DIRECTION('',(-1.,0.,0.));
#7448=DIRECTION('',(-1.,0.,0.));
#7449=DIRECTION('',(-1.,0.,-2.89120579329467E-15));
#7450=DIRECTION('',(1.,0.,0.));
#7451=DIRECTION('',(0.754709580222772,-0.656059028990508,0.));
#7452=DIRECTION('',(0.656059028990508,0.754709580222772,0.));
#7453=DIRECTION('',(0.654487283668631,0.752901494060287,-0.0691790124087069));
#7454=DIRECTION('',(0.,0.,-1.));
#7455=DIRECTION('',(-0.654487283668631,-0.752901494060287,-0.0691790124087069));
#7456=DIRECTION('',(0.,0.,-1.));
#7457=DIRECTION('',(0.,0.,-1.));
#7458=DIRECTION('',(-1.,0.,0.));
#7459=DIRECTION('',(0.,-0.0914977939303061,-0.995805279010855));
#7460=DIRECTION('',(0.,0.995805279010855,-0.0914977939303061));
#7461=DIRECTION('',(0.,0.,-1.));
#7462=DIRECTION('',(0.,-0.0914977939303061,0.995805279010855));
#7463=DIRECTION('',(0.,-0.995805279010855,-0.0914977939303061));
#7464=DIRECTION('',(0.559192903470747,0.829037572555042,0.));
#7465=DIRECTION('',(-0.829037572555042,0.559192903470747,0.));
#7466=DIRECTION('',(0.559192903470747,0.829037572555042,0.));
#7467=DIRECTION('',(-0.829037572555042,0.559192903470747,0.));
#7468=DIRECTION('',(0.559192903470747,0.829037572555042,0.));
#7469=DIRECTION('',(-0.829037572555042,0.559192903470747,0.));
#7470=DIRECTION('',(-0.559192903470745,0.829037572555043,0.));
#7471=DIRECTION('',(-0.829037572555043,-0.559192903470745,0.));
#7472=DIRECTION('',(-0.559192903470745,0.829037572555043,0.));
#7473=DIRECTION('',(-0.829037572555043,-0.559192903470745,0.));
#7474=DIRECTION('',(-0.559192903470745,0.829037572555043,0.));
#7475=DIRECTION('',(-0.829037572555043,-0.559192903470745,0.));
#7476=DIRECTION('',(0.,0.,-1.));
#7477=DIRECTION('',(0.,0.,-1.));
#7478=DIRECTION('',(-1.,0.,0.));
#7479=DIRECTION('',(0.,-0.0914977939303061,-0.995805279010855));
#7480=DIRECTION('',(0.,0.995805279010855,-0.0914977939303061));
#7481=DIRECTION('',(0.,0.,-1.));
#7482=DIRECTION('',(0.,-0.0914977939303061,0.995805279010855));
#7483=DIRECTION('',(0.,-0.995805279010855,-0.0914977939303061));
#7484=DIRECTION('',(-0.754709580222771,-0.656059028990508,0.));
#7485=DIRECTION('',(0.656059028990508,-0.754709580222771,0.));
#7486=DIRECTION('',(0.654487283668631,-0.752901494060287,0.0691790124087068));
#7487=DIRECTION('',(0.,0.,-1.));
#7488=DIRECTION('',(-0.654487283668631,0.752901494060287,0.0691790124087068));
#7489=DIRECTION('',(0.,0.,-1.));
#7490=DIRECTION('',(-1.,0.,0.));
#7491=DIRECTION('',(0.,-0.0914977939303061,-0.995805279010855));
#7492=DIRECTION('',(0.,0.995805279010855,-0.0914977939303061));
#7493=DIRECTION('',(0.,0.,-1.));
#7494=DIRECTION('',(-1.,0.,0.));
#7495=DIRECTION('',(0.,-0.0914977939303061,0.995805279010855));
#7496=DIRECTION('',(0.,-0.995805279010855,-0.0914977939303061));
#7497=DIRECTION('',(0.,0.,-1.));
#7498=DIRECTION('',(-1.,0.,0.));
#7499=DIRECTION('',(0.,0.,-1.));
#7500=DIRECTION('',(-1.,0.,0.));
#7501=DIRECTION('',(0.,-0.0914977939303061,-0.995805279010855));
#7502=DIRECTION('',(0.,0.995805279010855,-0.0914977939303061));
#7503=DIRECTION('',(0.,-0.0914977939303061,0.995805279010855));
#7504=DIRECTION('',(0.,-0.995805279010855,-0.0914977939303061));
#7505=DIRECTION('',(0.,0.,1.));
#7506=DIRECTION('',(1.,0.,0.));
#7507=DIRECTION('',(0.,-1.,0.));
#7508=DIRECTION('',(0.,0.,1.));
#7509=DIRECTION('',(1.,0.,0.));
#7510=DIRECTION('',(-1.,0.,0.));
#7511=DIRECTION('',(0.,-1.,0.));
#7512=DIRECTION('',(-0.69810013612954,-0.716000139620041,0.));
#7513=DIRECTION('',(-1.,0.,0.));
#7514=DIRECTION('',(-0.69810013612954,0.716000139620041,0.));
#7515=DIRECTION('',(0.,1.,0.));
#7516=DIRECTION('',(-1.,0.,0.));
#7517=DIRECTION('',(0.,0.,1.));
#7518=DIRECTION('',(1.,0.,0.));
#7519=DIRECTION('',(0.,1.,0.));
#7520=DIRECTION('',(0.,0.,1.));
#7521=DIRECTION('',(1.,0.,0.));
#7522=DIRECTION('',(1.,0.,0.));
#7523=DIRECTION('',(0.,1.,0.));
#7524=DIRECTION('',(0.,0.,1.));
#7525=DIRECTION('',(1.,0.,0.));
#7526=DIRECTION('',(1.,0.,0.));
#7527=DIRECTION('',(0.,0.,1.));
#7528=DIRECTION('',(1.,0.,0.));
#7529=DIRECTION('',(0.,-1.,0.));
#7530=DIRECTION('',(1.,0.,0.));
#7531=DIRECTION('',(0.,0.,1.));
#7532=DIRECTION('',(1.,0.,0.));
#7533=DIRECTION('',(-1.,0.,0.));
#7534=DIRECTION('',(0.,0.,1.));
#7535=DIRECTION('',(1.,0.,0.));
#7536=DIRECTION('',(0.,0.,1.));
#7537=DIRECTION('',(1.,0.,0.));
#7538=DIRECTION('',(-1.,0.,0.));
#7539=DIRECTION('',(0.,0.,1.));
#7540=DIRECTION('',(1.,0.,0.));
#7541=DIRECTION('',(1.,0.,0.));
#7542=DIRECTION('',(0.,0.,1.));
#7543=DIRECTION('',(1.,0.,0.));
#7544=DIRECTION('',(-1.,0.,0.));
#7545=DIRECTION('',(0.,0.,1.));
#7546=DIRECTION('',(1.,0.,0.));
#7547=DIRECTION('',(1.,0.,0.));
#7548=DIRECTION('',(-1.,0.,0.));
#7549=DIRECTION('',(0.,-1.,0.));
#7550=DIRECTION('',(0.,0.,-1.));
#7551=DIRECTION('',(1.,0.,0.));
#7552=DIRECTION('',(0.,1.,0.));
#7553=DIRECTION('',(1.,0.,0.));
#7554=DIRECTION('',(0.,1.,0.));
#7555=DIRECTION('',(1.,0.,0.));
#7556=DIRECTION('',(0.,1.,0.));
#7557=DIRECTION('',(1.,0.,0.));
#7558=DIRECTION('',(0.,1.,0.));
#7559=DIRECTION('',(0.,1.,0.));
#7560=DIRECTION('',(0.,0.,1.));
#7561=DIRECTION('',(0.,0.,1.));
#7562=DIRECTION('',(-1.,0.,0.));
#7563=DIRECTION('',(0.,0.,1.));
#7564=DIRECTION('',(0.,0.,1.));
#7565=DIRECTION('',(1.,0.,0.));
#7566=DIRECTION('',(0.,0.,1.));
#7567=DIRECTION('',(1.,0.,0.));
#7568=DIRECTION('',(0.,0.,1.));
#7569=DIRECTION('',(0.,-1.,0.));
#7570=DIRECTION('',(0.,0.,-1.));
#7571=DIRECTION('',(1.,0.,0.));
#7572=DIRECTION('',(0.,0.,1.));
#7573=DIRECTION('',(0.,0.,1.));
#7574=DIRECTION('',(1.,0.,0.));
#7575=DIRECTION('',(0.,0.,1.));
#7576=DIRECTION('',(1.,0.,0.));
#7577=DIRECTION('',(0.,0.,1.));
#7578=DIRECTION('',(1.,0.,0.));
#7579=DIRECTION('',(0.,1.,0.));
#7580=DIRECTION('',(0.,0.,1.));
#7581=DIRECTION('',(0.,0.,1.));
#7582=DIRECTION('',(-1.,0.,0.));
#7583=DIRECTION('',(0.,0.,1.));
#7584=DIRECTION('',(0.,0.,1.));
#7585=DIRECTION('',(1.,0.,0.));
#7586=DIRECTION('',(0.,0.,1.));
#7587=DIRECTION('',(1.,0.,0.));
#7588=DIRECTION('',(0.,0.,1.));
#7589=DIRECTION('',(0.,-1.,0.));
#7590=DIRECTION('',(0.,0.,-1.));
#7591=DIRECTION('',(1.,0.,0.));
#7592=DIRECTION('',(0.,0.,1.));
#7593=DIRECTION('',(0.,0.,1.));
#7594=DIRECTION('',(1.,0.,0.));
#7595=DIRECTION('',(0.,0.,1.));
#7596=DIRECTION('',(1.,0.,0.));
#7597=DIRECTION('',(0.,0.,1.));
#7598=DIRECTION('',(1.,0.,0.));
#7599=DIRECTION('',(0.,-0.0914977939303061,-0.995805279010855));
#7600=DIRECTION('',(0.,0.995805279010855,-0.0914977939303061));
#7601=DIRECTION('',(-1.,0.,0.));
#7602=DIRECTION('',(-1.,0.,0.));
#7603=DIRECTION('',(0.,-0.0914977939303061,-0.995805279010855));
#7604=DIRECTION('',(0.,0.995805279010855,-0.0914977939303061));
#7605=DIRECTION('',(-0.65448728366863,-0.752901494060288,0.0691790124087069));
#7606=DIRECTION('',(0.,-0.0914977939303061,-0.995805279010855));
#7607=DIRECTION('',(0.,0.995805279010855,-0.0914977939303061));
#7608=DIRECTION('',(0.,0.,-1.));
#7609=DIRECTION('',(-1.,0.,0.));
#7610=DIRECTION('',(0.,0.,-1.));
#7611=DIRECTION('',(-1.,0.,0.));
#7612=DIRECTION('',(0.,0.,-1.));
#7613=DIRECTION('',(-1.,0.,0.));
#7614=DIRECTION('',(-1.,0.,0.));
#7615=DIRECTION('',(0.,0.,-1.));
#7616=DIRECTION('',(-1.,0.,0.));
#7617=DIRECTION('',(0.,-0.0914977939303061,-0.995805279010855));
#7618=DIRECTION('',(0.,0.995805279010855,-0.0914977939303061));
#7619=DIRECTION('',(0.,-0.0914977939303061,-0.995805279010855));
#7620=DIRECTION('',(0.,0.995805279010855,-0.0914977939303061));
#7621=DIRECTION('',(-1.,0.,0.));
#7622=DIRECTION('',(0.,-0.0914977939303061,-0.995805279010855));
#7623=DIRECTION('',(0.,0.995805279010855,-0.0914977939303061));
#7624=DIRECTION('',(-0.654487283668637,0.752901494060282,-0.0691790124087064));
#7625=DIRECTION('',(-1.,0.,0.));
#7626=DIRECTION('',(0.,0.,1.));
#7627=DIRECTION('',(0.829037572555051,0.559192903470733,0.));
#7628=DIRECTION('',(-0.559192903470733,0.829037572555051,0.));
#7629=DIRECTION('',(0.559192903470748,-0.829037572555041,0.));
#7630=DIRECTION('',(-0.829037572555041,-0.559192903470748,0.));
#7631=DIRECTION('',(-1.,0.,0.));
#7632=DIRECTION('',(0.,0.,1.));
#7633=DIRECTION('',(-0.559192903470747,-0.829037572555042,0.));
#7634=DIRECTION('',(-0.829037572555042,0.559192903470747,0.));
#7635=DIRECTION('',(-0.829037572555042,0.559192903470746,0.));
#7636=DIRECTION('',(-0.559192903470746,-0.829037572555042,0.));
#7637=DIRECTION('',(-1.,0.,0.));
#7638=DIRECTION('',(0.,0.,1.));
#7639=DIRECTION('',(-0.559192903470747,-0.829037572555042,0.));
#7640=DIRECTION('',(-0.829037572555042,0.559192903470747,0.));
#7641=DIRECTION('',(-1.,0.,0.));
#7642=DIRECTION('',(-0.829037572555042,0.559192903470746,0.));
#7643=DIRECTION('',(-0.559192903470746,-0.829037572555042,0.));
#7644=DIRECTION('',(-1.,0.,0.));
#7645=DIRECTION('',(0.,0.,1.));
#7646=DIRECTION('',(0.559192903470748,-0.829037572555041,0.));
#7647=DIRECTION('',(-0.829037572555041,-0.559192903470748,0.));
#7648=DIRECTION('',(0.829037572555051,0.559192903470733,0.));
#7649=DIRECTION('',(-0.559192903470733,0.829037572555051,0.));
#7650=DIRECTION('',(-1.,0.,0.));
#7651=DIRECTION('',(0.,-0.0914977939303061,0.995805279010855));
#7652=DIRECTION('',(0.,-0.995805279010855,-0.0914977939303061));
#7653=DIRECTION('',(0.,-0.0914977939303061,0.995805279010855));
#7654=DIRECTION('',(0.,-0.995805279010855,-0.0914977939303061));
#7655=DIRECTION('',(0.654487283668637,-0.752901494060282,-0.0691790124087064));
#7656=DIRECTION('',(0.,-0.0914977939303061,0.995805279010855));
#7657=DIRECTION('',(0.,-0.995805279010855,-0.0914977939303061));
#7658=DIRECTION('',(0.,-0.0914977939303061,0.995805279010855));
#7659=DIRECTION('',(0.,-0.995805279010855,-0.0914977939303061));
#7660=DIRECTION('',(0.65448728366863,0.752901494060288,0.0691790124087069));
#7661=DIRECTION('',(0.,-0.0914977939303061,0.995805279010855));
#7662=DIRECTION('',(0.,-0.995805279010855,-0.0914977939303061));
#7663=DIRECTION('',(0.,-0.0914977939303061,0.995805279010855));
#7664=DIRECTION('',(0.,-0.995805279010855,-0.0914977939303061));
#7665=DIRECTION('',(0.829037572555051,0.559192903470733,0.));
#7666=DIRECTION('',(-0.559192903470733,0.829037572555051,0.));
#7667=DIRECTION('',(0.,0.,-1.));
#7668=DIRECTION('',(0.559192903470748,-0.829037572555041,0.));
#7669=DIRECTION('',(0.829037572555041,0.559192903470748,0.));
#7670=DIRECTION('',(0.,0.,-1.));
#7671=DIRECTION('',(0.,0.,-1.));
#7672=DIRECTION('',(-1.,0.,0.));
#7673=DIRECTION('',(0.,0.,-1.));
#7674=DIRECTION('',(0.754709580222767,0.656059028990514,0.));
#7675=DIRECTION('',(-0.656059028990514,0.754709580222767,0.));
#7676=DIRECTION('',(0.,0.,-1.));
#7677=DIRECTION('',(0.,0.,-1.));
#7678=DIRECTION('',(-1.,0.,0.));
#7679=DIRECTION('',(0.,0.,-1.));
#7680=DIRECTION('',(-1.,0.,0.));
#7681=DIRECTION('',(0.,0.,-1.));
#7682=DIRECTION('',(-0.754709580222772,0.656059028990507,0.));
#7683=DIRECTION('',(-0.656059028990507,-0.754709580222772,0.));
#7684=DIRECTION('',(0.,0.,-1.));
#7685=DIRECTION('',(0.,0.,-1.));
#7686=DIRECTION('',(-1.,0.,0.));
#7687=DIRECTION('',(0.,0.,-1.));
#7688=DIRECTION('',(-0.559192903470747,-0.829037572555042,0.));
#7689=DIRECTION('',(0.829037572555042,-0.559192903470747,0.));
#7690=DIRECTION('',(0.,0.,-1.));
#7691=DIRECTION('',(-0.829037572555042,0.559192903470746,0.));
#7692=DIRECTION('',(-0.559192903470746,-0.829037572555042,0.));
#7693=DIRECTION('',(0.,-1.,0.));
#7694=DIRECTION('',(0.,0.,-1.));
#7695=DIRECTION('',(-1.,0.,0.));
#7696=DIRECTION('',(-1.,0.,0.));
#7697=DIRECTION('',(0.,0.,1.));
#7698=DIRECTION('',(1.,0.,0.));
#7699=DIRECTION('',(0.,0.,1.));
#7700=DIRECTION('',(1.,0.,0.));
#7701=DIRECTION('',(0.,-1.,0.));
#7702=DIRECTION('',(0.,0.,1.));
#7703=DIRECTION('',(1.,0.,0.));
#7704=DIRECTION('',(1.,0.,0.));
#7705=DIRECTION('',(0.,-1.,0.));
#7706=DIRECTION('',(0.,0.,1.));
#7707=DIRECTION('',(1.,0.,0.));
#7708=DIRECTION('',(1.,0.,0.));
#7709=DIRECTION('',(0.,0.,1.));
#7710=DIRECTION('',(1.,0.,0.));
#7711=DIRECTION('',(0.,1.,0.));
#7712=DIRECTION('',(1.,0.,0.));
#7713=DIRECTION('',(0.,0.,1.));
#7714=DIRECTION('',(1.,0.,0.));
#7715=DIRECTION('',(0.,1.,0.));
#7716=DIRECTION('',(0.,0.,1.));
#7717=DIRECTION('',(1.,0.,0.));
#7718=DIRECTION('',(-1.,0.,0.));
#7719=DIRECTION('',(0.,1.,0.));
#7720=DIRECTION('',(-0.69810013612954,0.716000139620041,0.));
#7721=DIRECTION('',(-1.,0.,0.));
#7722=DIRECTION('',(-0.69810013612954,-0.716000139620041,0.));
#7723=DIRECTION('',(0.,-1.,0.));
#7724=DIRECTION('',(-1.,0.,0.));
#7725=DIRECTION('',(0.,0.,1.));
#7726=DIRECTION('',(1.,0.,0.));
#7727=DIRECTION('',(-2.89120579329467E-15,0.,1.));
#7728=DIRECTION('',(1.,0.,2.89120579329467E-15));
#7729=DIRECTION('',(0.,-1.,0.));
#7730=DIRECTION('',(1.,0.,-8.54543584225061E-15));
#7731=DIRECTION('',(-8.54543584225061E-15,0.,-1.));
#7732=DIRECTION('',(0.,0.,1.));
#7733=DIRECTION('',(1.,0.,0.));
#7734=DIRECTION('',(0.,-1.,0.));
#7735=DIRECTION('',(-1.,0.,-8.54543584225032E-15));
#7736=DIRECTION('',(-8.54543584225032E-15,0.,1.));
#7737=DIRECTION('',(1.,0.,0.));
#7738=DIRECTION('',(0.,0.,-1.));
#7739=DIRECTION('',(0.,-1.,0.));
#7740=DIRECTION('',(0.,0.,1.));
#7741=DIRECTION('',(1.,0.,0.));
#7742=DIRECTION('',(0.,-1.,0.));
#7743=DIRECTION('',(-1.,0.,0.));
#7744=DIRECTION('',(0.,0.,1.));
#7745=DIRECTION('',(1.,0.,-8.58677864443431E-17));
#7746=DIRECTION('',(-8.58677864443431E-17,0.,-1.));
#7747=DIRECTION('',(0.,-1.,0.));
#7748=DIRECTION('',(0.,-1.,0.));
#7749=DIRECTION('',(0.,0.,-1.));
#7750=DIRECTION('',(0.,-1.,0.));
#7751=DIRECTION('',(0.,-1.,0.));
#7752=DIRECTION('',(0.,0.,-1.));
#7753=DIRECTION('',(0.,-1.,0.));
#7754=DIRECTION('',(1.,0.,0.));
#7755=DIRECTION('',(0.,0.,-1.));
#7756=DIRECTION('',(-1.,0.,-5.59588218057035E-16));
#7757=DIRECTION('',(-5.59588218057036E-16,0.,1.));
#7758=DIRECTION('',(0.,-1.,0.));
#7759=DIRECTION('',(0.,-1.,0.));
#7760=DIRECTION('',(0.,0.,-1.));
#7761=DIRECTION('',(0.,-1.,0.));
#7762=DIRECTION('',(1.,0.,0.));
#7763=DIRECTION('',(0.,0.,-1.));
#7764=DIRECTION('',(-1.,0.,0.));
#7765=DIRECTION('',(0.,0.,1.));
#7766=DIRECTION('',(0.,-1.,0.));
#7767=DIRECTION('',(0.,-1.,0.));
#7768=DIRECTION('',(0.,0.,-1.));
#7769=DIRECTION('',(0.,-1.,0.));
#7770=DIRECTION('',(1.,0.,-5.59588218057035E-16));
#7771=DIRECTION('',(-5.59588218057036E-16,0.,-1.));
#7772=DIRECTION('',(-1.,0.,0.));
#7773=DIRECTION('',(0.,0.,1.));
#7774=DIRECTION('',(0.,-1.,0.));
#7775=DIRECTION('',(0.,-1.,0.));
#7776=DIRECTION('',(0.,0.,-1.));
#7777=DIRECTION('',(0.,-1.,0.));
#7778=DIRECTION('',(0.,-1.,0.));
#7779=DIRECTION('',(0.,0.,-1.));
#7780=DIRECTION('',(0.,-1.,0.));
#7781=DIRECTION('',(-1.,0.,-8.5867786444343E-17));
#7782=DIRECTION('',(-8.5867786444343E-17,0.,1.));
#7783=DIRECTION('',(-1.,0.,0.));
#7784=DIRECTION('',(0.,0.,1.));
#7785=DIRECTION('',(0.,-1.,0.));
#7786=DIRECTION('',(0.,0.,1.));
#7787=DIRECTION('',(1.,0.,0.));
#7788=DIRECTION('',(0.,-1.,0.));
#7789=DIRECTION('',(1.,0.,0.));
#7790=DIRECTION('',(0.,0.,-1.));
#7791=DIRECTION('',(0.,0.,1.));
#7792=DIRECTION('',(1.,0.,0.));
#7793=DIRECTION('',(0.,0.,1.));
#7794=DIRECTION('',(0.,-1.,0.));
#7795=DIRECTION('',(0.,0.,-1.));
#7796=DIRECTION('',(0.,0.,1.));
#7797=DIRECTION('',(-1.,0.,0.));
#7798=DIRECTION('',(0.,0.,1.));
#7799=DIRECTION('',(0.,0.,1.));
#7800=DIRECTION('',(0.,0.,1.));
#7801=DIRECTION('',(1.,0.,0.));
#7802=DIRECTION('',(0.,0.,1.));
#7803=DIRECTION('',(0.,-1.,0.));
#7804=DIRECTION('',(0.,0.,-1.));
#7805=DIRECTION('',(0.,0.,1.));
#7806=DIRECTION('',(0.,0.,1.));
#7807=DIRECTION('',(1.,0.,0.));
#7808=DIRECTION('',(0.,0.,1.));
#7809=DIRECTION('',(1.,0.,0.));
#7810=DIRECTION('',(0.,0.,-1.));
#7811=DIRECTION('',(0.,0.,1.));
#7812=DIRECTION('',(0.,-1.,0.));
#7813=DIRECTION('',(0.,0.,-1.));
#7814=DIRECTION('',(0.,0.,1.));
#7815=DIRECTION('',(0.,0.,1.));
#7816=DIRECTION('',(1.,0.,0.));
#7817=DIRECTION('',(0.,0.,1.));
#7818=DIRECTION('',(1.,0.,0.));
#7819=DIRECTION('',(0.,0.,1.));
#7820=DIRECTION('',(0.,1.,0.));
#7821=DIRECTION('',(0.,0.,1.));
#7822=DIRECTION('',(0.,0.,1.));
#7823=DIRECTION('',(1.,0.,0.));
#7824=DIRECTION('',(0.,0.,-1.));
#7825=DIRECTION('',(0.,0.,1.));
#7826=DIRECTION('',(0.716000139620041,0.69810013612954,0.));
#7827=DIRECTION('',(-0.69810013612954,0.716000139620041,0.));
#7828=DIRECTION('',(0.,0.,1.));
#7829=DIRECTION('',(0.,1.,0.));
#7830=DIRECTION('',(0.,0.,1.));
#7831=DIRECTION('',(0.,0.,1.));
#7832=DIRECTION('',(-0.716000139620041,0.69810013612954,0.));
#7833=DIRECTION('',(-0.69810013612954,-0.716000139620041,0.));
#7834=DIRECTION('',(0.,0.,1.));
#7835=DIRECTION('',(-1.,0.,0.));
#7836=DIRECTION('',(0.,0.,1.));
#7837=DIRECTION('',(0.,0.,1.));
#7838=DIRECTION('',(0.,1.,0.));
#7839=DIRECTION('',(0.,0.,1.));
#7840=DIRECTION('',(0.,0.,1.));
#7841=DIRECTION('',(0.,0.,1.));
#7842=DIRECTION('',(1.,0.,0.));
#7843=DIRECTION('',(0.,-1.,0.));
#7844=DIRECTION('',(0.,0.,-1.));
#7845=DIRECTION('',(0.,-1.,0.));
#7846=DIRECTION('',(0.,0.,-1.));
#7847=DIRECTION('',(0.,-1.,0.));
#7848=DIRECTION('',(0.,0.,-1.));
#7849=DIRECTION('',(0.,-1.,0.));
#7850=DIRECTION('',(0.,0.,-1.));
#7851=DIRECTION('',(0.,-0.978147600733806,-0.207911690817759));
#7852=DIRECTION('',(0.,0.207911690817759,-0.978147600733806));
#7853=DIRECTION('',(0.,0.978147600733806,-0.207911690817759));
#7854=DIRECTION('',(0.,0.207911690817759,0.978147600733806));
#7855=DIRECTION('',(0.,-0.978147600733806,-0.207911690817759));
#7856=DIRECTION('',(0.,0.207911690817759,-0.978147600733806));
#7857=DIRECTION('',(0.,0.978147600733806,-0.207911690817759));
#7858=DIRECTION('',(0.,0.207911690817759,0.978147600733806));
#7859=DIRECTION('',(0.,0.,1.));
#7860=DIRECTION('',(1.,0.,0.));
#7861=DIRECTION('',(-1.,0.,0.));
#7862=DIRECTION('',(-1.,0.,0.));
#7863=DIRECTION('',(0.,1.,0.));
#7864=DIRECTION('',(0.,0.,1.));
#7865=DIRECTION('',(-1.,0.,0.));
#7866=DIRECTION('',(0.,0.,-1.));
#7867=DIRECTION('',(-1.,0.,0.));
#7868=DIRECTION('',(-1.,0.,0.));
#7869=DIRECTION('',(0.,-1.,0.));
#7870=DIRECTION('',(0.,0.,-1.));
#7871=DIRECTION('',(0.,-1.,0.));
#7872=DIRECTION('',(0.,0.,-1.));
#7873=DIRECTION('',(-1.,0.,0.));
#7874=DIRECTION('',(-1.,0.,0.));
#7875=DIRECTION('',(0.,0.,-1.));
#7876=DIRECTION('',(-1.,0.,0.));
#7877=DIRECTION('',(-1.,0.,0.));
#7878=DIRECTION('',(0.,1.,0.));
#7879=DIRECTION('',(0.,0.,1.));
#7880=DIRECTION('',(-1.,0.,0.));
#7881=DIRECTION('',(0.,0.,1.));
#7882=DIRECTION('',(1.,0.,0.));
#7883=DIRECTION('',(0.,0.,1.));
#7884=DIRECTION('',(1.,0.,0.));
#7885=DIRECTION('',(-1.,0.,0.));
#7886=DIRECTION('',(-1.,0.,0.));
#7887=DIRECTION('',(0.,1.,0.));
#7888=DIRECTION('',(0.,0.,1.));
#7889=DIRECTION('',(-1.,0.,0.));
#7890=DIRECTION('',(0.,0.,-1.));
#7891=DIRECTION('',(-1.,0.,0.));
#7892=DIRECTION('',(-1.,0.,0.));
#7893=DIRECTION('',(0.,-1.,0.));
#7894=DIRECTION('',(0.,0.,-1.));
#7895=DIRECTION('',(0.,-1.,0.));
#7896=DIRECTION('',(0.,0.,-1.));
#7897=DIRECTION('',(-1.,0.,0.));
#7898=DIRECTION('',(-1.,0.,0.));
#7899=DIRECTION('',(0.,0.,-1.));
#7900=DIRECTION('',(-1.,0.,0.));
#7901=DIRECTION('',(-1.,0.,0.));
#7902=DIRECTION('',(0.,1.,0.));
#7903=DIRECTION('',(0.,0.,1.));
#7904=DIRECTION('',(-1.,0.,0.));
#7905=DIRECTION('',(0.,0.,1.));
#7906=DIRECTION('',(1.,0.,0.));
#7907=DIRECTION('',(0.,0.,1.));
#7908=DIRECTION('',(1.,0.,0.));
#7909=DIRECTION('',(-1.,0.,0.));
#7910=DIRECTION('',(-1.,0.,0.));
#7911=DIRECTION('',(0.,1.,0.));
#7912=DIRECTION('',(0.,0.,1.));
#7913=DIRECTION('',(-1.,0.,0.));
#7914=DIRECTION('',(0.,0.,-1.));
#7915=DIRECTION('',(-1.,0.,0.));
#7916=DIRECTION('',(-1.,0.,0.));
#7917=DIRECTION('',(0.,-1.,0.));
#7918=DIRECTION('',(0.,0.,-1.));
#7919=DIRECTION('',(0.,-1.,0.));
#7920=DIRECTION('',(0.,0.,-1.));
#7921=DIRECTION('',(-1.,0.,0.));
#7922=DIRECTION('',(-1.,0.,0.));
#7923=DIRECTION('',(0.,0.,-1.));
#7924=DIRECTION('',(-1.,0.,0.));
#7925=DIRECTION('',(-1.,0.,0.));
#7926=DIRECTION('',(0.,1.,0.));
#7927=DIRECTION('',(0.,0.,1.));
#7928=DIRECTION('',(-1.,0.,0.));
#7929=DIRECTION('',(0.,0.,1.));
#7930=DIRECTION('',(1.,0.,0.));
#7931=DIRECTION('',(0.,0.,1.));
#7932=DIRECTION('',(1.,0.,0.));
#7933=DIRECTION('',(-1.,0.,-1.11200222819026E-16));
#7934=DIRECTION('',(-1.11200222819026E-16,0.,1.));
#7935=DIRECTION('',(0.,0.,1.));
#7936=DIRECTION('',(0.,-1.,0.));
#7937=DIRECTION('',(0.,0.,1.));
#7938=DIRECTION('',(0.,-1.,0.));
#7939=DIRECTION('',(0.,0.,1.));
#7940=DIRECTION('',(0.,-1.,0.));
#7941=DIRECTION('',(1.11200222819026E-16,0.,-1.));
#7942=DIRECTION('',(0.,-1.,0.));
#7943=DIRECTION('',(0.,0.,1.));
#7944=DIRECTION('',(0.,-1.,0.));
#7945=DIRECTION('',(0.,0.,1.));
#7946=DIRECTION('',(0.,-1.,0.));
#7947=DIRECTION('',(0.,0.,1.));
#7948=DIRECTION('',(0.,-1.,0.));
#7949=DIRECTION('',(0.,0.,1.));
#7950=DIRECTION('',(0.,-1.,0.));
#7951=DIRECTION('',(1.,0.,1.11200222819026E-16));
#7952=DIRECTION('',(1.11200222819026E-16,0.,-1.));
#7953=DIRECTION('',(0.,0.,-1.));
#7954=DIRECTION('',(0.,-1.,0.));
#7955=DIRECTION('',(0.,0.,-1.));
#7956=DIRECTION('',(0.,-1.,0.));
#7957=DIRECTION('',(0.,-1.,0.));
#7958=DIRECTION('',(0.,0.,1.));
#7959=DIRECTION('',(0.,-1.,0.));
#7960=DIRECTION('',(-1.11200222819026E-16,0.,1.));
#7961=DIRECTION('',(0.,-1.,0.));
#7962=DIRECTION('',(0.,0.,-1.));
#7963=DIRECTION('',(0.,-1.,0.));
#7964=DIRECTION('',(0.,0.,-1.));
#7965=DIRECTION('',(0.,0.,-1.));
#7966=DIRECTION('',(0.,-1.,0.));
#7967=DIRECTION('',(0.,0.,-1.));
#7968=DIRECTION('',(0.,-1.,0.));
#7969=DIRECTION('',(0.,-1.,0.));
#7970=DIRECTION('',(0.,0.,-1.));
#7971=DIRECTION('',(-1.,0.,0.));
#7972=DIRECTION('',(-8.67361737988404E-16,0.,-1.));
#7973=DIRECTION('',(-1.,0.,0.));
#7974=DIRECTION('',(0.,0.,1.));
#7975=DIRECTION('',(0.,-1.,0.));
#7976=DIRECTION('',(0.,0.,-1.));
#7977=DIRECTION('',(-1.,0.,0.));
#7978=DIRECTION('',(0.,0.,-1.));
#7979=DIRECTION('',(-1.,0.,0.));
#7980=DIRECTION('',(0.,0.,1.));
#7981=DIRECTION('',(0.,-0.866025403784438,0.500000000000001));
#7982=DIRECTION('',(0.,-0.500000000000001,-0.866025403784438));
#7983=DIRECTION('',(-1.,0.,0.));
#7984=DIRECTION('',(-7.51157299368579E-16,-0.500000000000001,-0.866025403784438));
#7985=DIRECTION('',(0.,0.500000000000001,0.866025403784438));
#7986=DIRECTION('',(0.,-0.866025403784438,0.500000000000001));
#7987=DIRECTION('',(0.,-0.500000000000001,-0.866025403784438));
#7988=DIRECTION('',(-1.,0.,0.));
#7989=DIRECTION('',(0.,-0.500000000000001,-0.866025403784438));
#7990=DIRECTION('',(0.,0.500000000000001,0.866025403784438));
#7991=DIRECTION('',(0.,0.,-1.));
#7992=DIRECTION('',(-1.,0.,0.));
#7993=DIRECTION('',(1.,0.,0.));
#7994=DIRECTION('',(0.,-1.,0.));
#7995=DIRECTION('',(-1.,0.,0.));
#7996=DIRECTION('',(0.,-1.,0.));
#7997=DIRECTION('',(-0.707106781186548,-0.707106781186547,0.));
#7998=DIRECTION('',(-1.,0.,0.));
#7999=DIRECTION('',(-0.707106781186548,0.707106781186547,0.));
#8000=DIRECTION('',(0.,1.,0.));
#8001=DIRECTION('',(-1.,0.,0.));
#8002=DIRECTION('',(0.,1.,0.));
#8003=DIRECTION('',(1.,0.,0.));
#8004=DIRECTION('',(1.75224593533011E-15,1.,0.));
#8005=DIRECTION('',(1.,0.,0.));
#8006=DIRECTION('',(0.,-1.,0.));
#8007=DIRECTION('',(-1.,0.,0.));
#8008=DIRECTION('',(1.,0.,0.));
#8009=DIRECTION('',(1.,0.,6.84903457034431E-17));
#8010=DIRECTION('',(6.84903457034431E-17,0.,-1.));
#8011=DIRECTION('',(-6.84903457034431E-17,0.,1.));
#8012=DIRECTION('',(0.,-1.,0.));
#8013=DIRECTION('',(-6.84903457034431E-17,0.,1.));
#8014=DIRECTION('',(0.,-1.,0.));
#8015=DIRECTION('',(0.,0.,1.));
#8016=DIRECTION('',(1.,0.,0.));
#8017=DIRECTION('',(-1.,0.,0.));
#8018=DIRECTION('',(0.,-1.,0.));
#8019=DIRECTION('',(-1.,0.,0.));
#8020=DIRECTION('',(-1.,0.,-6.84903457034431E-17));
#8021=DIRECTION('',(-6.84903457034431E-17,0.,1.));
#8022=DIRECTION('',(6.84903457034431E-17,0.,-1.));
#8023=DIRECTION('',(0.,-1.,0.));
#8024=DIRECTION('',(6.84903457034431E-17,0.,-1.));
#8025=DIRECTION('',(1.,0.,1.36980691406886E-16));
#8026=DIRECTION('',(1.36980691406886E-16,0.,-1.));
#8027=DIRECTION('',(-1.36980691406886E-16,0.,1.));
#8028=DIRECTION('',(0.,-1.,0.));
#8029=DIRECTION('',(-1.36980691406886E-16,0.,1.));
#8030=DIRECTION('',(0.,-1.,0.));
#8031=DIRECTION('',(0.,0.,1.));
#8032=DIRECTION('',(1.,0.,0.));
#8033=DIRECTION('',(-1.,0.,0.));
#8034=DIRECTION('',(0.,-1.,0.));
#8035=DIRECTION('',(-1.,0.,0.));
#8036=DIRECTION('',(-1.,0.,-6.84903457034431E-17));
#8037=DIRECTION('',(-6.84903457034431E-17,0.,1.));
#8038=DIRECTION('',(6.84903457034431E-17,0.,-1.));
#8039=DIRECTION('',(0.,-1.,0.));
#8040=DIRECTION('',(6.84903457034431E-17,0.,-1.));
#8041=DIRECTION('',(0.,0.,-1.));
#8042=DIRECTION('',(-1.,0.,0.));
#8043=DIRECTION('',(1.,0.,0.));
#8044=DIRECTION('',(1.,0.,0.));
#8045=DIRECTION('',(0.,0.,-1.));
#8046=DIRECTION('',(-1.,0.,0.));
#8047=DIRECTION('',(1.,0.,0.));
#8048=DIRECTION('',(1.,0.,0.));
#8049=DIRECTION('',(0.,0.,1.));
#8050=DIRECTION('',(1.,0.,0.));
#8051=DIRECTION('',(-1.,0.,0.));
#8052=DIRECTION('',(-1.,0.,0.));
#8053=DIRECTION('',(0.,1.,0.));
#8054=DIRECTION('',(0.,0.,1.));
#8055=DIRECTION('',(0.,-1.,0.));
#8056=DIRECTION('',(0.,0.,-1.));
#8057=DIRECTION('',(-8.67361737988404E-16,0.,-1.));
#8058=DIRECTION('',(0.,0.,1.));
#8059=DIRECTION('',(1.,0.,0.));
#8060=DIRECTION('',(0.,0.,-1.));
#8061=DIRECTION('',(0.,0.,1.));
#8062=DIRECTION('',(1.,0.,0.));
#8063=DIRECTION('',(-9.74563750548768E-17,0.,1.));
#8064=DIRECTION('',(0.,1.,0.));
#8065=DIRECTION('',(1.,0.,0.));
#8066=DIRECTION('',(9.74563750548768E-17,0.,-1.));
#8067=DIRECTION('',(-1.,0.,7.2280144832367E-16));
#8068=DIRECTION('',(-5.86961732977458E-17,0.,1.));
#8069=DIRECTION('',(0.,1.,0.));
#8070=DIRECTION('',(1.,0.,0.));
#8071=DIRECTION('',(5.86961732977458E-17,0.,-1.));
#8072=DIRECTION('',(-1.,0.,0.));
#8073=DIRECTION('',(-4.87281875274384E-17,0.,1.));
#8074=DIRECTION('',(0.,1.,0.));
#8075=DIRECTION('',(1.,0.,0.));
#8076=DIRECTION('',(9.74563750548768E-17,0.,-1.));
#8077=DIRECTION('',(-1.,0.,0.));
#8078=DIRECTION('',(-1.,0.,8.67361737988404E-16));
#8079=DIRECTION('',(8.67361737988404E-16,0.,1.));
#8080=DIRECTION('',(0.,-1.,0.));
#8081=DIRECTION('',(0.,0.,-1.));
#8082=DIRECTION('',(-1.,0.,0.));
#8083=DIRECTION('',(0.,-1.,0.));
#8084=DIRECTION('',(1.,0.,0.));
#8085=DIRECTION('',(0.,0.,-1.));
#8086=DIRECTION('',(-1.,0.,0.));
#8087=DIRECTION('',(0.,0.,1.));
#8088=DIRECTION('',(0.,-1.,0.));
#8089=DIRECTION('',(0.,0.,-1.));
#8090=DIRECTION('',(-1.,0.,0.));
#8091=DIRECTION('',(0.,-1.,0.));
#8092=DIRECTION('',(1.,0.,0.));
#8093=DIRECTION('',(0.,0.,-1.));
#8094=DIRECTION('',(1.,0.,4.87281875274384E-17));
#8095=DIRECTION('',(4.87281875274384E-17,0.,-1.));
#8096=DIRECTION('',(-4.87281875274384E-17,0.,1.));
#8097=DIRECTION('',(0.,-1.,0.));
#8098=DIRECTION('',(0.,-1.,0.));
#8099=DIRECTION('',(0.,0.,1.));
#8100=DIRECTION('',(1.,0.,0.));
#8101=DIRECTION('',(-1.,0.,0.));
#8102=DIRECTION('',(0.,-1.,0.));
#8103=DIRECTION('',(-1.,0.,-9.74563750548768E-17));
#8104=DIRECTION('',(-9.74563750548768E-17,0.,1.));
#8105=DIRECTION('',(9.74563750548768E-17,0.,-1.));
#8106=DIRECTION('',(0.,-1.,0.));
#8107=DIRECTION('',(1.,0.,5.86961732977458E-17));
#8108=DIRECTION('',(5.86961732977458E-17,0.,-1.));
#8109=DIRECTION('',(-5.86961732977458E-17,0.,1.));
#8110=DIRECTION('',(0.,-1.,0.));
#8111=DIRECTION('',(0.,-1.,0.));
#8112=DIRECTION('',(0.,0.,1.));
#8113=DIRECTION('',(1.,0.,0.));
#8114=DIRECTION('',(-1.,0.,0.));
#8115=DIRECTION('',(0.,-1.,0.));
#8116=DIRECTION('',(-1.,0.,-5.86961732977458E-17));
#8117=DIRECTION('',(-5.86961732977458E-17,0.,1.));
#8118=DIRECTION('',(5.86961732977458E-17,0.,-1.));
#8119=DIRECTION('',(0.,-1.,0.));
#8120=DIRECTION('',(1.,0.,9.74563750548768E-17));
#8121=DIRECTION('',(9.74563750548768E-17,0.,-1.));
#8122=DIRECTION('',(-9.74563750548768E-17,0.,1.));
#8123=DIRECTION('',(0.,-1.,0.));
#8124=DIRECTION('',(0.,-1.,0.));
#8125=DIRECTION('',(7.2280144832367E-16,0.,1.));
#8126=DIRECTION('',(1.,0.,-7.2280144832367E-16));
#8127=DIRECTION('',(-1.,0.,7.2280144832367E-16));
#8128=DIRECTION('',(0.,-1.,0.));
#8129=DIRECTION('',(-1.,0.,-9.74563750548768E-17));
#8130=DIRECTION('',(-9.74563750548768E-17,0.,1.));
#8131=DIRECTION('',(9.74563750548768E-17,0.,-1.));
#8132=DIRECTION('',(0.,-1.,0.));
#8133=DIRECTION('',(0.,-1.,0.));
#8134=DIRECTION('',(0.,0.,-1.));
#8135=DIRECTION('',(0.,1.,0.));
#8136=DIRECTION('',(1.,0.,0.));
#8137=DIRECTION('',(0.,-1.,0.));
#8138=DIRECTION('',(0.,0.,-1.));
#8139=DIRECTION('',(0.,1.,0.));
#8140=DIRECTION('',(1.,0.,0.));
#8141=DIRECTION('',(0.,-1.,0.));
#8142=DIRECTION('',(0.,0.,-1.));
#8143=DIRECTION('',(0.,1.,0.));
#8144=DIRECTION('',(1.,0.,0.));
#8145=DIRECTION('',(0.,1.,0.));
#8146=DIRECTION('',(0.,0.,1.));
#8147=DIRECTION('',(0.,1.,0.));
#8148=DIRECTION('',(0.,0.,1.));
#8149=DIRECTION('',(0.,1.,0.));
#8150=DIRECTION('',(0.,0.,1.));
#8151=DIRECTION('',(-1.,0.,0.));
#8152=DIRECTION('',(0.,0.,1.));
#8153=DIRECTION('',(0.,0.,1.));
#8154=DIRECTION('',(0.,-1.,0.));
#8155=DIRECTION('',(0.,0.,1.));
#8156=DIRECTION('',(0.,-1.,0.));
#8157=DIRECTION('',(0.,0.,-1.));
#8158=DIRECTION('',(0.,0.,1.));
#8159=DIRECTION('',(1.,0.,0.));
#8160=DIRECTION('',(-1.,0.,0.));
#8161=DIRECTION('',(0.,0.,1.));
#8162=DIRECTION('',(0.,0.,1.));
#8163=DIRECTION('',(0.,-1.,0.));
#8164=DIRECTION('',(0.,-1.,0.));
#8165=DIRECTION('',(0.,0.,-1.));
#8166=DIRECTION('',(0.,0.,1.));
#8167=DIRECTION('',(1.,0.,0.));
#8168=DIRECTION('',(1.,-1.75224593533011E-15,0.));
#8169=DIRECTION('',(1.75224593533011E-15,1.,0.));
#8170=DIRECTION('',(0.,0.,1.));
#8171=DIRECTION('',(1.75224593533011E-15,1.,0.));
#8172=DIRECTION('',(0.,-1.,0.));
#8173=DIRECTION('',(0.,0.,-1.));
#8174=DIRECTION('',(0.,0.,1.));
#8175=DIRECTION('',(1.,0.,0.));
#8176=DIRECTION('',(1.,0.,0.));
#8177=DIRECTION('',(0.,0.,-1.));
#8178=DIRECTION('',(0.,0.,1.));
#8179=DIRECTION('',(0.,1.,0.));
#8180=DIRECTION('',(0.,1.,0.));
#8181=DIRECTION('',(0.,0.,1.));
#8182=DIRECTION('',(0.,0.,1.));
#8183=DIRECTION('',(-1.,0.,0.));
#8184=DIRECTION('',(1.,0.,0.));
#8185=DIRECTION('',(0.,0.,-1.));
#8186=DIRECTION('',(0.,0.,1.));
#8187=DIRECTION('',(0.,1.,0.));
#8188=DIRECTION('',(0.707106781186547,0.707106781186548,0.));
#8189=DIRECTION('',(-0.707106781186548,0.707106781186547,0.));
#8190=DIRECTION('',(0.,0.,1.));
#8191=DIRECTION('',(-0.707106781186548,0.707106781186547,0.));
#8192=DIRECTION('',(0.,1.,0.));
#8193=DIRECTION('',(0.,0.,1.));
#8194=DIRECTION('',(0.,0.,1.));
#8195=DIRECTION('',(-1.,0.,0.));
#8196=DIRECTION('',(-0.707106781186547,0.707106781186548,0.));
#8197=DIRECTION('',(-0.707106781186548,-0.707106781186547,0.));
#8198=DIRECTION('',(0.,0.,1.));
#8199=DIRECTION('',(-0.707106781186548,-0.707106781186547,0.));
#8200=DIRECTION('',(-1.,0.,0.));
#8201=DIRECTION('',(0.,0.,1.));
#8202=DIRECTION('',(0.,0.,1.));
#8203=DIRECTION('',(0.,-1.,0.));
#8204=DIRECTION('',(0.,1.,0.));
#8205=DIRECTION('',(0.,0.,1.));
#8206=DIRECTION('',(-1.,0.,0.));
#8207=DIRECTION('',(0.,0.,1.));
#8208=DIRECTION('',(-1.,0.,0.));
#8209=DIRECTION('',(0.,0.,1.));
#8210=DIRECTION('',(1.,0.,0.));
#8211=DIRECTION('',(0.,0.,-1.));
#8212=DIRECTION('',(0.,1.,0.));
#8213=DIRECTION('',(0.,0.,1.));
#8214=DIRECTION('',(0.,1.,0.));
#8215=DIRECTION('',(0.,-1.,0.));
#8216=DIRECTION('',(0.,0.,-1.));
#8217=DIRECTION('',(1.,0.,0.));
#8218=DIRECTION('',(0.,0.,1.));
#8219=DIRECTION('',(1.,0.,0.));
#8220=DIRECTION('',(-1.,0.,0.));
#8221=DIRECTION('',(0.,0.,1.));
#8222=DIRECTION('',(0.,-1.,0.));
#8223=DIRECTION('',(0.,-1.,0.));
#8224=DIRECTION('',(0.,1.,0.));
#8225=DIRECTION('',(0.,0.,1.));
#8226=DIRECTION('',(-1.,0.,0.));
#8227=DIRECTION('',(0.,0.,1.));
#8228=DIRECTION('',(1.,0.,0.));
#8229=DIRECTION('',(0.,0.,-1.));
#8230=DIRECTION('',(-1.,0.,0.));
#8231=DIRECTION('',(1.,0.,0.));
#8232=DIRECTION('',(0.,0.,-1.));
#8233=DIRECTION('',(0.,0.,1.));
#8234=DIRECTION('',(0.,-1.,0.));
#8235=DIRECTION('',(0.,0.,1.));
#8236=DIRECTION('',(0.,-1.,0.));
#8237=DIRECTION('',(0.866025403784438,0.,-0.5));
#8238=DIRECTION('',(-0.5,0.,-0.866025403784438));
#8239=DIRECTION('',(0.5,0.,0.866025403784438));
#8240=DIRECTION('',(0.5,0.,0.866025403784438));
#8241=DIRECTION('',(0.,0.,1.));
#8242=DIRECTION('',(1.,0.,0.));
#8243=DIRECTION('',(-1.,0.,0.));
#8244=DIRECTION('',(-1.,0.,0.));
#8245=DIRECTION('',(0.,-1.,0.));
#8246=DIRECTION('',(0.,0.,-1.));
#8247=DIRECTION('',(0.,-1.,0.));
#8248=DIRECTION('',(0.,0.,-1.));
#8249=DIRECTION('',(-0.866025403784443,0.,-0.499999999999992));
#8250=DIRECTION('',(-0.499999999999992,0.,0.866025403784443));
#8251=DIRECTION('',(0.499999999999992,0.,-0.866025403784443));
#8252=DIRECTION('',(0.,-1.,0.));
#8253=DIRECTION('',(0.499999999999992,0.,-0.866025403784443));
#8254=DIRECTION('',(-1.,0.,0.));
#8255=DIRECTION('',(0.,0.,1.));
#8256=DIRECTION('',(0.,0.,-1.));
#8257=DIRECTION('',(0.,-1.,0.));
#8258=DIRECTION('',(0.,0.,-1.));
#8259=DIRECTION('',(0.,0.,1.));
#8260=DIRECTION('',(1.,0.,0.));
#8261=DIRECTION('',(-1.,0.,0.));
#8262=DIRECTION('',(-1.,0.,0.));
#8263=DIRECTION('',(0.,-1.,0.));
#8264=DIRECTION('',(0.,0.,-1.));
#8265=DIRECTION('',(0.,-1.,0.));
#8266=DIRECTION('',(0.,0.,-1.));
#8267=DIRECTION('',(0.866025403784438,0.,0.500000000000001));
#8268=DIRECTION('',(0.500000000000001,0.,-0.866025403784438));
#8269=DIRECTION('',(-0.500000000000001,0.,0.866025403784438));
#8270=DIRECTION('',(0.,-1.,0.));
#8271=DIRECTION('',(-0.500000000000001,0.,0.866025403784438));
#8272=DIRECTION('',(1.,0.,0.));
#8273=DIRECTION('',(0.,0.,-1.));
#8274=DIRECTION('',(0.,0.,1.));
#8275=DIRECTION('',(0.,-1.,0.));
#8276=DIRECTION('',(0.,0.,1.));
#8277=DIRECTION('',(0.,0.,-1.));
#8278=DIRECTION('',(-1.,0.,0.));
#8279=DIRECTION('',(1.,0.,0.));
#8280=DIRECTION('',(1.,0.,0.));
#8281=DIRECTION('',(0.,1.,0.));
#8282=DIRECTION('',(0.,0.,1.));
#8283=DIRECTION('',(0.,1.,0.));
#8284=DIRECTION('',(0.,0.,1.));
#8285=DIRECTION('',(-0.866025403784444,0.,0.499999999999991));
#8286=DIRECTION('',(0.499999999999991,0.,0.866025403784444));
#8287=DIRECTION('',(-0.499999999999991,0.,-0.866025403784444));
#8288=DIRECTION('',(-0.499999999999991,0.,-0.866025403784444));
#8289=DIRECTION('',(0.,-1.,0.));
#8290=DIRECTION('',(0.,0.,-1.));
#8291=DIRECTION('',(-1.,0.,0.));
#8292=DIRECTION('',(1.,0.,0.));
#8293=DIRECTION('',(0.,-1.,0.));
#8294=DIRECTION('',(1.,0.,0.));
#8295=DIRECTION('',(-1.,0.,0.));
#8296=DIRECTION('',(0.,0.,1.));
#8297=DIRECTION('',(0.,0.,-1.));
#8298=DIRECTION('',(0.,0.,-1.));
#8299=DIRECTION('',(0.,-1.,0.));
#8300=DIRECTION('',(0.,0.,-1.));
#8301=DIRECTION('',(0.,-1.,0.));
#8302=DIRECTION('',(0.,0.,-1.));
#8303=DIRECTION('',(1.,0.,0.));
#8304=DIRECTION('',(0.,0.,-1.));
#8305=DIRECTION('',(0.,0.,1.));
#8306=DIRECTION('',(0.,-1.,0.));
#8307=DIRECTION('',(0.,0.,1.));
#8308=DIRECTION('',(0.,-1.,0.));
#8309=DIRECTION('',(0.866025403784438,0.,-0.5));
#8310=DIRECTION('',(-0.5,0.,-0.866025403784438));
#8311=DIRECTION('',(0.5,0.,0.866025403784438));
#8312=DIRECTION('',(0.5,0.,0.866025403784438));
#8313=DIRECTION('',(0.,0.,1.));
#8314=DIRECTION('',(1.,0.,0.));
#8315=DIRECTION('',(-1.,0.,0.));
#8316=DIRECTION('',(-1.,0.,0.));
#8317=DIRECTION('',(0.,-1.,0.));
#8318=DIRECTION('',(0.,0.,-1.));
#8319=DIRECTION('',(0.,-1.,0.));
#8320=DIRECTION('',(0.,0.,-1.));
#8321=DIRECTION('',(-0.866025403784443,0.,-0.499999999999992));
#8322=DIRECTION('',(-0.499999999999992,0.,0.866025403784443));
#8323=DIRECTION('',(0.499999999999992,0.,-0.866025403784443));
#8324=DIRECTION('',(0.,-1.,0.));
#8325=DIRECTION('',(0.499999999999992,0.,-0.866025403784443));
#8326=DIRECTION('',(-1.,0.,0.));
#8327=DIRECTION('',(0.,0.,1.));
#8328=DIRECTION('',(0.,0.,-1.));
#8329=DIRECTION('',(0.,-1.,0.));
#8330=DIRECTION('',(0.,0.,-1.));
#8331=DIRECTION('',(0.,0.,1.));
#8332=DIRECTION('',(1.,0.,0.));
#8333=DIRECTION('',(-1.,0.,0.));
#8334=DIRECTION('',(-1.,0.,0.));
#8335=DIRECTION('',(0.,-1.,0.));
#8336=DIRECTION('',(0.,0.,-1.));
#8337=DIRECTION('',(0.,-1.,0.));
#8338=DIRECTION('',(0.,0.,-1.));
#8339=DIRECTION('',(0.,0.,1.));
#8340=DIRECTION('',(1.,0.,0.));
#8341=DIRECTION('',(0.,1.,0.));
#8342=DIRECTION('',(0.,0.,1.));
#8343=DIRECTION('',(0.,0.,1.));
#8344=DIRECTION('',(1.,0.,0.));
#8345=DIRECTION('',(0.,0.,-1.));
#8346=DIRECTION('',(-1.,0.,0.));
#8347=DIRECTION('',(0.,0.,-1.));
#8348=DIRECTION('',(1.,0.,0.));
#8349=DIRECTION('',(0.,0.,1.));
#8350=DIRECTION('',(-1.,0.,0.));
#8351=DIRECTION('',(0.,0.,-1.));
#8352=DIRECTION('',(1.,0.,0.));
#8353=DIRECTION('',(0.,0.,1.));
#8354=DIRECTION('',(-1.,0.,0.));
#8355=DIRECTION('',(0.,0.,-1.));
#8356=DIRECTION('',(1.,0.,0.));
#8357=DIRECTION('',(0.,0.,-1.));
#8358=DIRECTION('',(-1.,0.,0.));
#8359=DIRECTION('',(0.,-1.,0.));
#8360=DIRECTION('',(0.,0.,-1.));
#8361=DIRECTION('',(0.,0.,-1.));
#8362=DIRECTION('',(-1.,0.,0.));
#8363=DIRECTION('',(0.,0.,1.));
#8364=DIRECTION('',(-1.,1.66800334228539E-16,0.));
#8365=DIRECTION('',(0.,0.,-1.));
#8366=DIRECTION('',(-1.,0.,0.));
#8367=DIRECTION('',(0.,0.,-1.));
#8368=DIRECTION('',(-1.,0.,0.));
#8369=DIRECTION('',(0.,0.,-1.));
#8370=DIRECTION('',(-1.,0.,0.));
#8371=DIRECTION('',(0.,0.,-1.));
#8372=DIRECTION('',(-1.,0.,0.));
#8373=DIRECTION('',(0.,0.,1.));
#8374=DIRECTION('',(-1.,0.,0.));
#8375=DIRECTION('',(0.,0.,1.));
#8376=DIRECTION('',(-1.,0.,0.));
#8377=DIRECTION('',(0.,-1.,0.));
#8378=DIRECTION('',(0.,0.,-1.));
#8379=DIRECTION('',(0.,0.,-1.));
#8380=DIRECTION('',(-1.,0.,0.));
#8381=DIRECTION('',(0.,0.,1.));
#8382=DIRECTION('',(-1.,0.,0.));
#8383=DIRECTION('',(0.,-1.,0.));
#8384=DIRECTION('',(0.,0.,-1.));
#8385=DIRECTION('',(0.,0.,1.));
#8386=DIRECTION('',(-1.,0.,0.));
#8387=DIRECTION('',(0.,0.,1.));
#8388=DIRECTION('',(-1.,0.,0.));
#8389=DIRECTION('',(0.,3.46944695195362E-15,-1.));
#8390=DIRECTION('',(0.,1.,3.46944695195362E-15));
#8391=DIRECTION('',(0.,1.,3.46944695195362E-15));
#8392=DIRECTION('',(-1.,0.,0.));
#8393=DIRECTION('',(0.,-1.,-3.46944695195362E-15));
#8394=DIRECTION('',(0.,3.46944695195362E-15,-1.));
#8395=DIRECTION('',(0.,1.,3.46944695195362E-15));
#8396=DIRECTION('',(0.,-1.,-3.46944695195362E-15));
#8397=DIRECTION('',(0.,-1.,-3.46944695195362E-15));
#8398=DIRECTION('',(-1.,0.,0.));
#8399=DIRECTION('',(0.,1.,0.));
#8400=DIRECTION('',(0.,0.,1.));
#8401=DIRECTION('',(0.,0.,1.));
#8402=DIRECTION('',(-1.,0.,0.));
#8403=DIRECTION('',(0.,0.,-1.));
#8404=DIRECTION('',(0.,1.,0.));
#8405=DIRECTION('',(0.,0.,1.));
#8406=DIRECTION('',(0.,0.,-1.));
#8407=DIRECTION('',(0.,0.,-1.));
#8408=DIRECTION('',(-1.,0.,0.));
#8409=DIRECTION('',(0.,0.873656344285281,0.486543515104331));
#8410=DIRECTION('',(0.,-0.486543515104331,0.873656344285281));
#8411=DIRECTION('',(0.,-0.486543515104331,0.873656344285281));
#8412=DIRECTION('',(-1.,0.,0.));
#8413=DIRECTION('',(0.,0.486543515104331,-0.873656344285281));
#8414=DIRECTION('',(0.,0.873656344285281,0.486543515104331));
#8415=DIRECTION('',(0.,-0.486543515104331,0.873656344285281));
#8416=DIRECTION('',(0.,0.486543515104331,-0.873656344285281));
#8417=DIRECTION('',(0.,0.486543515104331,-0.873656344285281));
#8418=DIRECTION('',(-1.,0.,0.));
#8419=DIRECTION('',(-1.,0.,0.));
#8420=DIRECTION('',(0.,0.,1.));
#8421=DIRECTION('',(-1.,0.,0.));
#8422=DIRECTION('',(0.,0.,1.));
#8423=DIRECTION('',(-1.,0.,0.));
#8424=DIRECTION('',(1.,0.,0.));
#8425=DIRECTION('',(0.,0.,-1.));
#8426=DIRECTION('',(-1.,0.,0.));
#8427=DIRECTION('',(0.,0.,1.));
#8428=DIRECTION('',(-1.,0.,0.));
#8429=DIRECTION('',(1.,0.,0.));
#8430=DIRECTION('',(0.,0.,-1.));
#8431=DIRECTION('',(1.,0.,0.));
#8432=DIRECTION('',(0.,0.,-1.));
#8433=DIRECTION('',(0.,0.926079217063305,-0.377329145075512));
#8434=DIRECTION('',(0.,0.377329145075512,0.926079217063305));
#8435=DIRECTION('',(0.,0.377329145075512,0.926079217063305));
#8436=DIRECTION('',(-1.,0.,0.));
#8437=DIRECTION('',(0.,-0.377329145075512,-0.926079217063305));
#8438=DIRECTION('',(0.,0.926079217063305,-0.377329145075512));
#8439=DIRECTION('',(0.,0.377329145075512,0.926079217063305));
#8440=DIRECTION('',(0.,-0.377329145075512,-0.926079217063305));
#8441=DIRECTION('',(0.,-0.377329145075512,-0.926079217063305));
#8442=DIRECTION('',(-1.,0.,0.));
#8443=DIRECTION('',(0.,1.,0.));
#8444=DIRECTION('',(0.,0.,1.));
#8445=DIRECTION('',(0.,0.,1.));
#8446=DIRECTION('',(1.,0.,0.));
#8447=DIRECTION('',(0.,0.,-1.));
#8448=DIRECTION('',(0.,0.,-1.));
#8449=DIRECTION('',(-1.,0.,0.));
#8450=DIRECTION('',(0.,0.,-1.));
#8451=DIRECTION('',(0.,-1.,0.));
#8452=DIRECTION('',(0.,0.,-1.));
#8453=DIRECTION('',(0.,0.,-1.));
#8454=DIRECTION('',(-1.,0.,0.));
#8455=DIRECTION('',(0.,0.,1.));
#8456=DIRECTION('',(-1.,0.,0.));
#8457=DIRECTION('',(0.,0.,1.));
#8458=DIRECTION('',(-1.,0.,0.));
#8459=DIRECTION('',(0.,0.,1.));
#8460=DIRECTION('',(-1.,0.,0.));
#8461=DIRECTION('',(0.,-0.930343664227419,-0.366688786891417));
#8462=DIRECTION('',(0.,0.366688786891417,-0.930343664227419));
#8463=DIRECTION('',(0.,0.366688786891417,-0.930343664227419));
#8464=DIRECTION('',(-1.,0.,0.));
#8465=DIRECTION('',(0.,-0.366688786891417,0.930343664227419));
#8466=DIRECTION('',(0.,-0.930343664227419,-0.366688786891417));
#8467=DIRECTION('',(0.,0.366688786891417,-0.930343664227419));
#8468=DIRECTION('',(0.,-0.366688786891417,0.930343664227419));
#8469=DIRECTION('',(0.,-0.366688786891417,0.930343664227419));
#8470=DIRECTION('',(-1.,0.,0.));
#8471=DIRECTION('',(-1.,0.,0.));
#8472=DIRECTION('',(0.,0.,1.));
#8473=DIRECTION('',(-1.,0.,0.));
#8474=DIRECTION('',(0.,0.,1.));
#8475=DIRECTION('',(-1.,0.,0.));
#8476=DIRECTION('',(1.,0.,0.));
#8477=DIRECTION('',(0.,0.,-1.));
#8478=DIRECTION('',(-1.,0.,0.));
#8479=DIRECTION('',(0.,0.,1.));
#8480=DIRECTION('',(-1.,0.,0.));
#8481=DIRECTION('',(1.,0.,0.));
#8482=DIRECTION('',(0.,0.,-1.));
#8483=DIRECTION('',(1.,0.,0.));
#8484=DIRECTION('',(0.,0.,-1.));
#8485=DIRECTION('',(0.,-0.873656344285281,0.486543515104332));
#8486=DIRECTION('',(0.,-0.486543515104332,-0.873656344285281));
#8487=DIRECTION('',(0.,-0.486543515104332,-0.873656344285281));
#8488=DIRECTION('',(-1.,0.,0.));
#8489=DIRECTION('',(0.,0.486543515104332,0.873656344285281));
#8490=DIRECTION('',(0.,-0.873656344285281,0.486543515104332));
#8491=DIRECTION('',(0.,-0.486543515104332,-0.873656344285281));
#8492=DIRECTION('',(0.,0.486543515104332,0.873656344285281));
#8493=DIRECTION('',(0.,0.486543515104332,0.873656344285281));
#8494=DIRECTION('',(-1.,0.,0.));
#8495=DIRECTION('',(0.,-1.,0.));
#8496=DIRECTION('',(0.,0.,-1.));
#8497=DIRECTION('',(0.,0.,-1.));
#8498=DIRECTION('',(-1.,0.,0.));
#8499=DIRECTION('',(0.,0.,1.));
#8500=DIRECTION('',(0.,-1.,0.));
#8501=DIRECTION('',(0.,0.,-1.));
#8502=DIRECTION('',(0.,0.,1.));
#8503=DIRECTION('',(0.,0.,1.));
#8504=DIRECTION('',(-1.,0.,0.));
#8505=DIRECTION('',(0.,0.,-1.));
#8506=DIRECTION('',(-1.,0.,0.));
#8507=DIRECTION('',(0.,1.,0.));
#8508=DIRECTION('',(-1.,0.,0.));
#8509=DIRECTION('',(0.,-1.,0.));
#8510=DIRECTION('',(0.,0.,-1.));
#8511=DIRECTION('',(-1.,0.,0.));
#8512=DIRECTION('',(0.,-1.,0.));
#8513=DIRECTION('',(0.,-1.,0.));
#8514=DIRECTION('',(-1.,0.,0.));
#8515=DIRECTION('',(0.,1.,0.));
#8516=DIRECTION('',(0.,0.,1.));
#8517=DIRECTION('',(0.,0.,1.));
#8518=DIRECTION('',(-1.,0.,0.));
#8519=DIRECTION('',(0.,0.,-1.));
#8520=DIRECTION('',(0.,1.,0.));
#8521=DIRECTION('',(0.,0.,1.));
#8522=DIRECTION('',(0.,0.,-1.));
#8523=DIRECTION('',(0.,0.,-1.));
#8524=DIRECTION('',(-1.,0.,0.));
#8525=DIRECTION('',(0.,0.863559354576795,-0.504247202394727));
#8526=DIRECTION('',(0.,0.504247202394727,0.863559354576795));
#8527=DIRECTION('',(0.,0.504247202394727,0.863559354576795));
#8528=DIRECTION('',(-1.,0.,0.));
#8529=DIRECTION('',(0.,-0.504247202394727,-0.863559354576795));
#8530=DIRECTION('',(0.,0.863559354576795,-0.504247202394727));
#8531=DIRECTION('',(0.,0.504247202394727,0.863559354576795));
#8532=DIRECTION('',(0.,-0.504247202394727,-0.863559354576795));
#8533=DIRECTION('',(0.,-0.504247202394727,-0.863559354576795));
#8534=DIRECTION('',(-1.,0.,0.));
#8535=DIRECTION('',(-1.,0.,0.));
#8536=DIRECTION('',(0.,0.,1.));
#8537=DIRECTION('',(-1.,0.,0.));
#8538=DIRECTION('',(0.,0.,1.));
#8539=DIRECTION('',(-1.,0.,0.));
#8540=DIRECTION('',(1.,0.,0.));
#8541=DIRECTION('',(0.,0.,-1.));
#8542=DIRECTION('',(-1.,0.,0.));
#8543=DIRECTION('',(0.,0.,1.));
#8544=DIRECTION('',(1.,0.,0.));
#8545=DIRECTION('',(0.,0.,-1.));
#8546=DIRECTION('',(1.,0.,0.));
#8547=DIRECTION('',(0.,0.,-1.));
#8548=DIRECTION('',(-1.,0.,0.));
#8549=DIRECTION('',(0.,0.928885656667786,0.370366624896001));
#8550=DIRECTION('',(0.,-0.370366624896001,0.928885656667786));
#8551=DIRECTION('',(0.,-0.370366624896001,0.928885656667787));
#8552=DIRECTION('',(0.,0.370366624896001,-0.928885656667786));
#8553=DIRECTION('',(0.,0.928885656667786,0.370366624896001));
#8554=DIRECTION('',(0.,-0.370366624896001,0.928885656667786));
#8555=DIRECTION('',(0.,0.370366624896001,-0.928885656667787));
#8556=DIRECTION('',(0.,0.370366624896001,-0.928885656667786));
#8557=DIRECTION('',(0.,-0.924491267166358,0.381203222616417));
#8558=DIRECTION('',(0.,-0.381203222616418,-0.924491267166358));
#8559=DIRECTION('',(0.,-0.381203222616418,-0.924491267166358));
#8560=DIRECTION('',(-1.,0.,0.));
#8561=DIRECTION('',(0.,0.381203222616417,0.924491267166358));
#8562=DIRECTION('',(0.,-0.924491267166358,0.381203222616417));
#8563=DIRECTION('',(0.,-0.381203222616418,-0.924491267166358));
#8564=DIRECTION('',(0.,0.381203222616418,0.924491267166358));
#8565=DIRECTION('',(0.,0.381203222616417,0.924491267166358));
#8566=DIRECTION('',(-1.,0.,0.));
#8567=DIRECTION('',(-1.,0.,0.));
#8568=DIRECTION('',(0.,0.,1.));
#8569=DIRECTION('',(-1.,0.,0.));
#8570=DIRECTION('',(0.,0.,1.));
#8571=DIRECTION('',(-1.,0.,0.));
#8572=DIRECTION('',(1.,0.,0.));
#8573=DIRECTION('',(0.,0.,-1.));
#8574=DIRECTION('',(-1.,0.,0.));
#8575=DIRECTION('',(0.,0.,1.));
#8576=DIRECTION('',(1.,0.,0.));
#8577=DIRECTION('',(0.,0.,-1.));
#8578=DIRECTION('',(1.,0.,0.));
#8579=DIRECTION('',(0.,0.,-1.));
#8580=DIRECTION('',(-1.,0.,0.));
#8581=DIRECTION('',(0.,-0.863559354576795,-0.504247202394728));
#8582=DIRECTION('',(0.,0.504247202394728,-0.863559354576795));
#8583=DIRECTION('',(0.,0.504247202394728,-0.863559354576795));
#8584=DIRECTION('',(0.,-0.504247202394728,0.863559354576795));
#8585=DIRECTION('',(0.,-0.863559354576795,-0.504247202394728));
#8586=DIRECTION('',(0.,0.504247202394728,-0.863559354576795));
#8587=DIRECTION('',(0.,-0.504247202394728,0.863559354576795));
#8588=DIRECTION('',(0.,-0.504247202394728,0.863559354576795));
#8589=DIRECTION('',(-1.,0.,0.));
#8590=DIRECTION('',(0.,0.,1.));
#8591=DIRECTION('',(-1.,0.,0.));
#8592=DIRECTION('',(1.,0.,0.));
#8593=DIRECTION('',(0.,0.,-1.));
#8594=DIRECTION('',(-1.,0.,0.));
#8595=DIRECTION('',(0.,0.,1.));
#8596=DIRECTION('',(-1.,0.,0.));
#8597=DIRECTION('',(0.,0.,1.));
#8598=DIRECTION('',(-1.,0.,0.));
#8599=DIRECTION('',(1.,0.,0.));
#8600=DIRECTION('',(0.,0.,-1.));
#8601=DIRECTION('',(-1.,0.,0.));
#8602=DIRECTION('',(0.,0.,1.));
#8603=DIRECTION('',(0.,0.,-1.));
#8604=DIRECTION('',(-1.,0.,0.));
#8605=DIRECTION('',(0.,-1.,0.));
#8606=DIRECTION('',(0.,1.,0.));
#8607=DIRECTION('',(-1.,0.,0.));
#8608=DIRECTION('',(0.,0.,-1.));
#8609=DIRECTION('',(-1.,0.,0.));
#8610=DIRECTION('',(0.,-1.,0.));
#8611=DIRECTION('',(0.,1.,0.));
#8612=DIRECTION('',(-1.,0.,0.));
#8613=DIRECTION('',(0.,1.,3.46944695195361E-15));
#8614=DIRECTION('',(0.,-3.46944695195361E-15,1.));
#8615=DIRECTION('',(0.,0.,-1.));
#8616=DIRECTION('',(0.,0.,-1.));
#8617=DIRECTION('',(-1.,0.,0.));
#8618=DIRECTION('',(0.,1.,3.46944695195361E-15));
#8619=DIRECTION('',(0.,-3.46944695195361E-15,1.));
#8620=DIRECTION('',(0.,0.,-1.));
#8621=DIRECTION('',(0.,0.,-1.));
#8622=DIRECTION('',(-1.,0.,0.));
#8623=DIRECTION('',(0.,0.,1.));
#8624=DIRECTION('',(1.,0.,0.));
#8625=DIRECTION('',(0.,1.,0.));
#8626=DIRECTION('',(0.,-1.,0.));
#8627=DIRECTION('',(-1.,0.,0.));
#8628=DIRECTION('',(0.,0.,1.));
#8629=DIRECTION('',(1.,0.,0.));
#8630=DIRECTION('',(0.,1.,0.));
#8631=DIRECTION('',(0.,-1.,0.));
#8632=DIRECTION('',(-1.,0.,0.));
#8633=DIRECTION('',(-1.,0.,0.));
#8634=DIRECTION('',(0.,0.,1.));
#8635=DIRECTION('',(1.,0.,0.));
#8636=DIRECTION('',(0.,0.,-1.));
#8637=DIRECTION('',(-1.,0.,0.));
#8638=DIRECTION('',(0.,0.,1.));
#8639=DIRECTION('',(-1.,0.,0.));
#8640=DIRECTION('',(-1.,0.,0.));
#8641=DIRECTION('',(0.,0.,1.));
#8642=DIRECTION('',(1.,0.,0.));
#8643=DIRECTION('',(0.,0.,-1.));
#8644=DIRECTION('',(-1.,0.,0.));
#8645=DIRECTION('',(0.,0.,1.));
#8646=DIRECTION('',(-1.,0.,0.));
#8647=DIRECTION('',(0.,-1.,0.));
#8648=DIRECTION('',(0.,0.,-1.));
#8649=DIRECTION('',(0.,0.,1.));
#8650=DIRECTION('',(0.,0.,-1.));
#8651=DIRECTION('',(-1.,0.,0.));
#8652=DIRECTION('',(0.,0.,1.));
#8653=DIRECTION('',(0.,0.,-1.));
#8654=DIRECTION('',(-1.,0.,0.));
#8655=DIRECTION('',(0.,0.,1.));
#8656=DIRECTION('',(-1.,0.,0.));
#8657=DIRECTION('',(0.,0.,1.));
#8658=DIRECTION('',(-1.,0.,0.));
#8659=DIRECTION('',(0.,1.,0.));
#8660=DIRECTION('',(0.,0.,1.));
#8661=DIRECTION('',(0.,0.,1.));
#8662=DIRECTION('',(-1.,0.,0.));
#8663=DIRECTION('',(0.,0.,-1.));
#8664=DIRECTION('',(1.,0.,0.));
#8665=DIRECTION('',(0.,0.,1.));
#8666=DIRECTION('',(-1.,0.,0.));
#8667=DIRECTION('',(0.,0.,-1.));
#8668=DIRECTION('',(1.,0.,0.));
#8669=DIRECTION('',(0.,0.,-1.));
#8670=DIRECTION('',(-1.,0.,0.));
#8671=DIRECTION('',(0.,0.,-1.));
#8672=DIRECTION('',(1.,0.,0.));
#8673=DIRECTION('',(-1.,0.,0.));
#8674=DIRECTION('',(0.,0.,1.));
#8675=DIRECTION('',(-1.,0.,0.));
#8676=DIRECTION('',(1.,0.,0.));
#8677=DIRECTION('',(0.,0.,-1.));
#8678=DIRECTION('',(-1.,0.,0.));
#8679=DIRECTION('',(0.,0.,1.));
#8680=DIRECTION('',(-1.,0.,0.));
#8681=DIRECTION('',(0.,0.,1.));
#8682=DIRECTION('',(-1.,0.,0.));
#8683=DIRECTION('',(1.,0.,0.));
#8684=DIRECTION('',(0.,0.,-1.));
#8685=DIRECTION('',(-1.,0.,0.));
#8686=DIRECTION('',(0.,0.,1.));
#8687=DIRECTION('',(0.,0.,-1.));
#8688=DIRECTION('',(-1.,0.,0.));
#8689=DIRECTION('',(0.,-1.,0.));
#8690=DIRECTION('',(0.,1.,0.));
#8691=DIRECTION('',(-1.,0.,0.));
#8692=DIRECTION('',(0.,0.,-1.));
#8693=DIRECTION('',(-1.,0.,0.));
#8694=DIRECTION('',(0.,-1.,0.));
#8695=DIRECTION('',(0.,1.,0.));
#8696=DIRECTION('',(-1.,0.,0.));
#8697=DIRECTION('',(0.,1.,-3.46944695195361E-15));
#8698=DIRECTION('',(0.,3.46944695195361E-15,1.));
#8699=DIRECTION('',(0.,0.,-1.));
#8700=DIRECTION('',(0.,0.,-1.));
#8701=DIRECTION('',(-1.,0.,0.));
#8702=DIRECTION('',(0.,1.,-3.46944695195361E-15));
#8703=DIRECTION('',(0.,3.46944695195361E-15,1.));
#8704=DIRECTION('',(0.,0.,-1.));
#8705=DIRECTION('',(0.,0.,-1.));
#8706=DIRECTION('',(-1.,0.,0.));
#8707=DIRECTION('',(0.,0.,1.));
#8708=DIRECTION('',(1.,0.,0.));
#8709=DIRECTION('',(0.,1.,0.));
#8710=DIRECTION('',(0.,-1.,0.));
#8711=DIRECTION('',(-1.,0.,0.));
#8712=DIRECTION('',(0.,0.,1.));
#8713=DIRECTION('',(1.,0.,0.));
#8714=DIRECTION('',(0.,1.,0.));
#8715=DIRECTION('',(0.,-1.,0.));
#8716=DIRECTION('',(-1.,0.,0.));
#8717=DIRECTION('',(-1.,0.,0.));
#8718=DIRECTION('',(0.,0.,1.));
#8719=DIRECTION('',(1.,0.,0.));
#8720=DIRECTION('',(0.,0.,-1.));
#8721=DIRECTION('',(-1.,0.,0.));
#8722=DIRECTION('',(0.,0.,1.));
#8723=DIRECTION('',(-1.,0.,0.));
#8724=DIRECTION('',(0.,0.,1.));
#8725=DIRECTION('',(1.,0.,0.));
#8726=DIRECTION('',(0.,0.,-1.));
#8727=DIRECTION('',(-1.,0.,0.));
#8728=DIRECTION('',(0.,0.,1.));
#8729=DIRECTION('',(0.,0.,-1.));
#8730=DIRECTION('',(-1.,0.,0.));
#8731=DIRECTION('',(0.,-1.,0.));
#8732=DIRECTION('',(0.,-1.,0.));
#8733=DIRECTION('',(0.,0.,1.));
#8734=DIRECTION('',(1.,0.,0.));
#8735=DIRECTION('',(0.,1.,0.));
#8736=DIRECTION('',(0.,1.,0.));
#8737=DIRECTION('',(1.,0.,0.));
#8738=DIRECTION('',(0.,0.,-1.));
#8739=DIRECTION('',(0.,-1.,0.));
#8740=DIRECTION('',(0.,-1.,0.));
#8741=DIRECTION('',(1.,0.,0.));
#8742=DIRECTION('',(0.,0.,-1.));
#8743=DIRECTION('',(0.,-1.,0.));
#8744=DIRECTION('',(0.,-1.,0.));
#8745=DIRECTION('',(0.,0.,1.));
#8746=DIRECTION('',(1.,0.,0.));
#8747=DIRECTION('',(0.,1.,0.));
#8748=DIRECTION('',(-1.,0.,0.));
#8749=DIRECTION('',(0.,0.,1.));
#8750=DIRECTION('',(0.,0.,1.));
#8751=DIRECTION('',(1.,0.,0.));
#8752=DIRECTION('',(0.,1.,0.));
#8753=DIRECTION('',(-1.,0.,0.));
#8754=DIRECTION('',(0.,0.,1.));
#8755=DIRECTION('',(0.,0.,1.));
#8756=DIRECTION('',(1.,0.,0.));
#8757=DIRECTION('',(0.,-1.,0.));
#8758=DIRECTION('',(1.,0.,0.));
#8759=DIRECTION('',(0.,0.,-1.));
#8760=DIRECTION('',(0.,0.,1.));
#8761=DIRECTION('',(1.,0.,0.));
#8762=DIRECTION('',(0.,-1.,0.));
#8763=DIRECTION('',(1.,0.,0.));
#8764=DIRECTION('',(0.,0.,-1.));
#8765=DIRECTION('',(0.,0.,1.));
#8766=DIRECTION('',(1.,0.,0.));
#8767=DIRECTION('',(0.,-1.,0.));
#8768=DIRECTION('',(0.,1.,0.));
#8769=DIRECTION('',(1.,0.,0.));
#8770=DIRECTION('',(0.,0.,-1.));
#8771=DIRECTION('',(-1.,0.,0.));
#8772=DIRECTION('',(0.,0.,1.));
#8773=DIRECTION('',(-1.,0.,0.));
#8774=DIRECTION('',(0.,0.,1.));
#8775=DIRECTION('',(0.,1.,0.));
#8776=DIRECTION('',(1.,0.,0.));
#8777=DIRECTION('',(0.,0.,-1.));
#8778=DIRECTION('',(0.,-1.,0.));
#8779=DIRECTION('',(0.,0.,1.));
#8780=DIRECTION('',(1.,0.,0.));
#8781=DIRECTION('',(1.,0.,0.));
#8782=DIRECTION('',(0.,0.,-1.));
#8783=DIRECTION('',(0.,-1.,0.));
#8784=DIRECTION('',(-1.,0.,0.));
#8785=DIRECTION('',(0.,0.,1.));
#8786=DIRECTION('',(0.,-1.,0.));
#8787=DIRECTION('',(0.,0.,1.));
#8788=DIRECTION('',(1.,0.,0.));
#8789=DIRECTION('',(0.,0.,1.));
#8790=DIRECTION('',(1.,0.,0.));
#8791=DIRECTION('',(0.,-1.,0.));
#8792=DIRECTION('',(0.,-1.,0.));
#8793=DIRECTION('',(-1.,0.,0.));
#8794=DIRECTION('',(0.,0.,1.));
#8795=DIRECTION('',(1.,0.,0.));
#8796=DIRECTION('',(0.,0.,-1.));
#8797=DIRECTION('',(0.,0.,1.));
#8798=DIRECTION('',(1.,0.,0.));
#8799=CARTESIAN_POINT('',(0.,0.,0.));
#8800=CARTESIAN_POINT('',(6.05,-0.222594935395215,8.1));
#8801=CARTESIAN_POINT('',(6.05,6.2,-6.87));
#8802=CARTESIAN_POINT('',(6.05,6.2,-6.87));
#8803=CARTESIAN_POINT('',(6.05,6.2,-5.3));
#8804=CARTESIAN_POINT('',(6.05,4.6,-6.87));
#8805=CARTESIAN_POINT('',(6.05,4.6,-6.87));
#8806=CARTESIAN_POINT('',(6.05,4.6,-5.3));
#8807=CARTESIAN_POINT('',(6.05,4.6,-5.3));
#8808=CARTESIAN_POINT('',(6.05,6.2,-5.3));
#8809=CARTESIAN_POINT('',(6.05,0.4,7.48700000000001));
#8810=CARTESIAN_POINT('',(6.05,0.4,7.48700000000001));
#8811=CARTESIAN_POINT('',(6.05,0.,7.48700000000001));
#8812=CARTESIAN_POINT('',(6.05,0.,8.1));
#8813=CARTESIAN_POINT('',(6.05,0.,-0.113000000000001));
#8814=CARTESIAN_POINT('',(6.05,-0.222594935395202,-0.113000000000002));
#8815=CARTESIAN_POINT('',(6.05,0.399999999999999,-0.113000000000001));
#8816=CARTESIAN_POINT('',(6.05,0.40000001747316,-0.363));
#8817=CARTESIAN_POINT('',(6.05,0.4,-0.612999999999999));
#8818=CARTESIAN_POINT('',(6.05,0.4,8.1));
#8819=CARTESIAN_POINT('',(6.05,0.4,-1.3));
#8820=CARTESIAN_POINT('',(6.05,-0.222594935395215,-1.3));
#8821=CARTESIAN_POINT('',(6.05,-0.222594935395215,-1.3));
#8822=CARTESIAN_POINT('',(6.05,-0.222594935395215,8.1));
#8823=CARTESIAN_POINT('',(6.05,-0.222594935395215,-3.3));
#8824=CARTESIAN_POINT('',(6.05,-0.222594935395215,-3.3));
#8825=CARTESIAN_POINT('',(6.05,0.,-3.3));
#8826=CARTESIAN_POINT('',(6.05,0.,8.1));
#8827=CARTESIAN_POINT('',(6.05,0.,-4.1));
#8828=CARTESIAN_POINT('',(6.05,-0.222594935395215,-4.1));
#8829=CARTESIAN_POINT('',(6.05,0.15,-4.1));
#8830=CARTESIAN_POINT('',(6.05,0.149999999999999,8.1));
#8831=CARTESIAN_POINT('',(6.05,0.15,-8.1));
#8832=CARTESIAN_POINT('',(6.05,-0.222594935395215,-8.1));
#8833=CARTESIAN_POINT('',(6.05,10.7,-8.1));
#8834=CARTESIAN_POINT('',(6.05,10.7,8.1));
#8835=CARTESIAN_POINT('',(6.05,10.7,8.1));
#8836=CARTESIAN_POINT('',(6.05,-0.222594935395215,8.1));
#8837=CARTESIAN_POINT('',(6.05,0.4,8.1));
#8838=CARTESIAN_POINT('',(6.05,0.4,8.1));
#8839=CARTESIAN_POINT('',(6.05,8.8,-5.4));
#8840=CARTESIAN_POINT('',(6.05,8.8,-5.11715728752538));
#8841=CARTESIAN_POINT('',(6.05,2.3,-5.4));
#8842=CARTESIAN_POINT('',(6.05,2.3,-5.11715728752538));
#8843=CARTESIAN_POINT('',(6.05,3.7,-2.97));
#8844=CARTESIAN_POINT('',(6.05,3.7,-2.97));
#8845=CARTESIAN_POINT('',(6.05,3.7,-1.4));
#8846=CARTESIAN_POINT('',(6.05,2.3,-2.97));
#8847=CARTESIAN_POINT('',(6.05,2.3,-2.97));
#8848=CARTESIAN_POINT('',(6.05,2.3,-1.4));
#8849=CARTESIAN_POINT('',(6.05,2.3,-1.4));
#8850=CARTESIAN_POINT('',(6.05,3.7,-1.4));
#8851=CARTESIAN_POINT('',(6.05,8.65,-2.97));
#8852=CARTESIAN_POINT('',(6.05,8.65,-2.97));
#8853=CARTESIAN_POINT('',(6.05,8.65,-1.4));
#8854=CARTESIAN_POINT('',(6.05,7.25,-2.97));
#8855=CARTESIAN_POINT('',(6.05,7.25,-2.97));
#8856=CARTESIAN_POINT('',(6.05,7.25,-1.4));
#8857=CARTESIAN_POINT('',(6.05,7.25,-1.4));
#8858=CARTESIAN_POINT('',(6.05,8.65,-1.4));
#8859=CARTESIAN_POINT('',(-6.05,10.7,8.1));
#8860=CARTESIAN_POINT('',(-6.05,6.2,-6.87));
#8861=CARTESIAN_POINT('',(-6.05,6.2,-6.87));
#8862=CARTESIAN_POINT('',(-6.05,6.2,-5.3));
#8863=CARTESIAN_POINT('',(-6.05,6.2,-5.3));
#8864=CARTESIAN_POINT('',(-6.05,4.6,-5.3));
#8865=CARTESIAN_POINT('',(-6.05,4.6,-5.3));
#8866=CARTESIAN_POINT('',(-6.05,4.6,-6.87));
#8867=CARTESIAN_POINT('',(-6.05,4.6,-6.87));
#8868=CARTESIAN_POINT('',(-6.05,0.4,7.487));
#8869=CARTESIAN_POINT('',(-6.05,0.4,7.487));
#8870=CARTESIAN_POINT('',(-6.05,0.,7.487));
#8871=CARTESIAN_POINT('',(-6.05,0.399999999999999,8.09999999999997));
#8872=CARTESIAN_POINT('',(-6.05,0.4,8.1));
#8873=CARTESIAN_POINT('',(-6.05,10.7,8.1));
#8874=CARTESIAN_POINT('',(-6.05,10.7,8.1));
#8875=CARTESIAN_POINT('',(-6.05,10.7,8.1));
#8876=CARTESIAN_POINT('',(-6.05,10.7,-8.1));
#8877=CARTESIAN_POINT('',(-6.05,10.7,-8.1));
#8878=CARTESIAN_POINT('',(-6.05,0.150000000000001,-8.1));
#8879=CARTESIAN_POINT('',(-6.05,0.149999999999999,8.1));
#8880=CARTESIAN_POINT('',(-6.05,0.15,-4.1));
#8881=CARTESIAN_POINT('',(-6.05,10.7,-4.1));
#8882=CARTESIAN_POINT('',(-6.05,0.,-4.1));
#8883=CARTESIAN_POINT('',(-6.05,0.,8.1));
#8884=CARTESIAN_POINT('',(-6.05,0.,-3.3));
#8885=CARTESIAN_POINT('',(-6.05,10.7,-3.3));
#8886=CARTESIAN_POINT('',(-6.05,-0.22259493539523,-3.3));
#8887=CARTESIAN_POINT('',(-6.05,-0.22259493539523,8.1));
#8888=CARTESIAN_POINT('',(-6.05,-0.222594935395225,-1.3));
#8889=CARTESIAN_POINT('',(-6.05,10.7,-1.3));
#8890=CARTESIAN_POINT('',(-6.05,0.4,-1.3));
#8891=CARTESIAN_POINT('',(-6.05,0.399999999999999,8.1));
#8892=CARTESIAN_POINT('',(-6.05,0.4,-0.612999999999999));
#8893=CARTESIAN_POINT('',(-6.05,0.40000001747316,-0.363));
#8894=CARTESIAN_POINT('',(-6.05,0.399999999999999,-0.113000000000001));
#8895=CARTESIAN_POINT('',(-6.05,10.7,-0.112999999999983));
#8896=CARTESIAN_POINT('',(-6.05,0.,-0.113000000000001));
#8897=CARTESIAN_POINT('',(-6.05,0.,8.1));
#8898=CARTESIAN_POINT('',(-6.05,8.8,-5.4));
#8899=CARTESIAN_POINT('',(-6.05,8.8,-5.68284271247462));
#8900=CARTESIAN_POINT('',(-6.05,2.3,-5.4));
#8901=CARTESIAN_POINT('',(-6.05,2.3,-5.68284271247462));
#8902=CARTESIAN_POINT('',(-6.05,3.7,-2.97));
#8903=CARTESIAN_POINT('',(-6.05,3.7,-2.97));
#8904=CARTESIAN_POINT('',(-6.05,3.7,-1.4));
#8905=CARTESIAN_POINT('',(-6.05,3.7,-1.4));
#8906=CARTESIAN_POINT('',(-6.05,2.3,-1.4));
#8907=CARTESIAN_POINT('',(-6.05,2.3,-1.4));
#8908=CARTESIAN_POINT('',(-6.05,2.3,-2.97));
#8909=CARTESIAN_POINT('',(-6.05,2.3,-2.97));
#8910=CARTESIAN_POINT('',(-6.05,8.65,-2.97));
#8911=CARTESIAN_POINT('',(-6.05,8.65,-2.97));
#8912=CARTESIAN_POINT('',(-6.05,8.65,-1.4));
#8913=CARTESIAN_POINT('',(-6.05,8.65,-1.4));
#8914=CARTESIAN_POINT('',(-6.05,7.25,-1.4));
#8915=CARTESIAN_POINT('',(-6.05,7.25,-1.4));
#8916=CARTESIAN_POINT('',(-6.05,7.25,-2.97));
#8917=CARTESIAN_POINT('',(-6.05,7.25,-2.97));
#8918=CARTESIAN_POINT('',(5.75,0.,8.1));
#8919=CARTESIAN_POINT('',(5.75,6.2,8.1));
#8920=CARTESIAN_POINT('',(5.75,6.2,-5.3));
#8921=CARTESIAN_POINT('',(5.75,6.2,-6.87));
#8922=CARTESIAN_POINT('',(5.75,0.,-5.3));
#8923=CARTESIAN_POINT('',(5.75,4.6,-5.3));
#8924=CARTESIAN_POINT('',(5.75,4.6,8.1));
#8925=CARTESIAN_POINT('',(5.75,4.6,-6.87));
#8926=CARTESIAN_POINT('',(5.75,0.,-6.87));
#8927=CARTESIAN_POINT('',(5.75,0.,-3.3));
#8928=CARTESIAN_POINT('',(5.75,-0.222594935395221,-3.3));
#8929=CARTESIAN_POINT('',(5.75,0.,-3.3));
#8930=CARTESIAN_POINT('',(5.75,-0.222594935395218,8.1));
#8931=CARTESIAN_POINT('',(5.75,-0.222594935395218,-1.3));
#8932=CARTESIAN_POINT('',(5.75,0.,-1.3));
#8933=CARTESIAN_POINT('',(5.75,0.4,-1.3));
#8934=CARTESIAN_POINT('',(5.75,0.4,-1.3));
#8935=CARTESIAN_POINT('',(5.75,0.4,-0.612999999999999));
#8936=CARTESIAN_POINT('',(5.75,0.40000001747316,-0.363));
#8937=CARTESIAN_POINT('',(5.75,0.40000001747316,-0.113));
#8938=CARTESIAN_POINT('',(5.75,0.4,-0.113000000000001));
#8939=CARTESIAN_POINT('',(5.75,0.3,-0.113));
#8940=CARTESIAN_POINT('',(5.75,0.3,7.8));
#8941=CARTESIAN_POINT('',(5.75,0.3,7.487));
#8942=CARTESIAN_POINT('',(5.75,0.3,7.487));
#8943=CARTESIAN_POINT('',(5.75,0.4,7.487));
#8944=CARTESIAN_POINT('',(5.75,0.400000000000001,7.69));
#8945=CARTESIAN_POINT('',(5.75,0.400000000000001,7.8));
#8946=CARTESIAN_POINT('',(5.75,0.3,7.8));
#8947=CARTESIAN_POINT('',(5.75,10.4,7.8));
#8948=CARTESIAN_POINT('',(5.75,10.4,7.8));
#8949=CARTESIAN_POINT('',(5.75,10.4,-7.8));
#8950=CARTESIAN_POINT('',(5.75,0.3,-7.8));
#8951=CARTESIAN_POINT('',(5.75,0.15,-7.8));
#8952=CARTESIAN_POINT('',(5.75,0.15,-13.1));
#8953=CARTESIAN_POINT('',(5.75,0.15,-4.1));
#8954=CARTESIAN_POINT('',(5.75,0.15,-4.1));
#8955=CARTESIAN_POINT('',(5.75,0.,-4.1));
#8956=CARTESIAN_POINT('',(5.75,0.,-0.112999999999999));
#8957=CARTESIAN_POINT('',(5.75,3.7,8.1));
#8958=CARTESIAN_POINT('',(5.75,3.7,-1.4));
#8959=CARTESIAN_POINT('',(5.75,3.7,-2.97));
#8960=CARTESIAN_POINT('',(5.75,0.,-1.4));
#8961=CARTESIAN_POINT('',(5.75,2.3,-1.4));
#8962=CARTESIAN_POINT('',(5.75,2.3,8.1));
#8963=CARTESIAN_POINT('',(5.75,2.3,-2.97));
#8964=CARTESIAN_POINT('',(5.75,0.,-2.97));
#8965=CARTESIAN_POINT('',(5.75,8.65,8.1));
#8966=CARTESIAN_POINT('',(5.75,8.65,-1.4));
#8967=CARTESIAN_POINT('',(5.75,8.65,-2.97));
#8968=CARTESIAN_POINT('',(5.75,0.,-1.4));
#8969=CARTESIAN_POINT('',(5.75,7.25,-1.4));
#8970=CARTESIAN_POINT('',(5.75,7.25,8.1));
#8971=CARTESIAN_POINT('',(5.75,7.25,-2.97));
#8972=CARTESIAN_POINT('',(5.75,0.,-2.97));
#8973=CARTESIAN_POINT('',(-5.75,-0.222594935395225,8.1));
#8974=CARTESIAN_POINT('',(-5.75,6.2,8.1));
#8975=CARTESIAN_POINT('',(-5.75,6.2,-6.87));
#8976=CARTESIAN_POINT('',(-5.75,6.2,-5.3));
#8977=CARTESIAN_POINT('',(-5.75,-0.222594935395225,-6.87));
#8978=CARTESIAN_POINT('',(-5.75,4.6,-6.87));
#8979=CARTESIAN_POINT('',(-5.75,4.6,8.1));
#8980=CARTESIAN_POINT('',(-5.75,4.6,-5.3));
#8981=CARTESIAN_POINT('',(-5.75,-0.222594935395225,-5.3));
#8982=CARTESIAN_POINT('',(-5.75,-0.222594935395225,-3.3));
#8983=CARTESIAN_POINT('',(-5.75,0.,-3.3));
#8984=CARTESIAN_POINT('',(-5.75,-0.222594935395224,-3.3));
#8985=CARTESIAN_POINT('',(-5.75,0.,-7.8));
#8986=CARTESIAN_POINT('',(-5.75,0.,-4.1));
#8987=CARTESIAN_POINT('',(-5.75,0.15,-4.1));
#8988=CARTESIAN_POINT('',(-5.75,0.15,-4.1));
#8989=CARTESIAN_POINT('',(-5.75,0.15,-13.1));
#8990=CARTESIAN_POINT('',(-5.75,0.15,-7.8));
#8991=CARTESIAN_POINT('',(-5.75,10.4,-7.8));
#8992=CARTESIAN_POINT('',(-5.75,10.4,-7.8));
#8993=CARTESIAN_POINT('',(-5.75,10.4,7.8));
#8994=CARTESIAN_POINT('',(-5.75,10.4,7.8));
#8995=CARTESIAN_POINT('',(-5.75,10.4,7.8));
#8996=CARTESIAN_POINT('',(-5.75,0.400000000000001,7.8));
#8997=CARTESIAN_POINT('',(-5.75,0.400000000000001,7.69));
#8998=CARTESIAN_POINT('',(-5.75,0.399999999999999,7.487));
#8999=CARTESIAN_POINT('',(-5.75,10.4,7.487));
#9000=CARTESIAN_POINT('',(-5.75,0.3,7.487));
#9001=CARTESIAN_POINT('',(-5.75,0.3,7.8));
#9002=CARTESIAN_POINT('',(-5.75,0.3,-0.113));
#9003=CARTESIAN_POINT('',(-5.75,0.4,-0.113000000000001));
#9004=CARTESIAN_POINT('',(-5.75,0.399999999999999,-0.113000000000001));
#9005=CARTESIAN_POINT('',(-5.75,0.40000001747316,-0.363));
#9006=CARTESIAN_POINT('',(-5.75,0.4,-0.612999999999999));
#9007=CARTESIAN_POINT('',(-5.75,0.4,-1.3));
#9008=CARTESIAN_POINT('',(-5.75,0.4,-1.3));
#9009=CARTESIAN_POINT('',(-5.75,-0.222594935395225,-1.3));
#9010=CARTESIAN_POINT('',(-5.75,-0.222594935395224,-1.3));
#9011=CARTESIAN_POINT('',(-5.75,-0.222594935395224,8.1));
#9012=CARTESIAN_POINT('',(-5.75,3.7,8.1));
#9013=CARTESIAN_POINT('',(-5.75,3.7,-2.97));
#9014=CARTESIAN_POINT('',(-5.75,3.7,-1.4));
#9015=CARTESIAN_POINT('',(-5.75,-0.222594935395225,-2.97));
#9016=CARTESIAN_POINT('',(-5.75,2.3,-2.97));
#9017=CARTESIAN_POINT('',(-5.75,2.3,8.1));
#9018=CARTESIAN_POINT('',(-5.75,2.3,-1.4));
#9019=CARTESIAN_POINT('',(-5.75,-0.222594935395225,-1.4));
#9020=CARTESIAN_POINT('',(-5.75,8.65,8.1));
#9021=CARTESIAN_POINT('',(-5.75,8.65,-2.97));
#9022=CARTESIAN_POINT('',(-5.75,8.65,-1.4));
#9023=CARTESIAN_POINT('',(-5.75,-0.222594935395225,-2.97));
#9024=CARTESIAN_POINT('',(-5.75,7.25,-2.97));
#9025=CARTESIAN_POINT('',(-5.75,7.25,8.1));
#9026=CARTESIAN_POINT('',(-5.75,7.25,-1.4));
#9027=CARTESIAN_POINT('',(-5.75,-0.222594935395225,-1.4));
#9028=CARTESIAN_POINT('',(-4.23575708655954,6.3,7.78568391777512));
#9029=CARTESIAN_POINT('',(-4.23297283458557,6.33798870199692,7.77872279123472));
#9030=CARTESIAN_POINT('',(-4.16148881811189,6.3,7.6));
#9031=CARTESIAN_POINT('',(-2.93596966213372,5.64872319289566,4.53598352369192));
#9032=CARTESIAN_POINT('',(-4.23575708655954,6.3,7.78568391777512));
#9033=CARTESIAN_POINT('',(-4.23575708655954,6.3,7.78568391777512));
#9034=CARTESIAN_POINT('',(-4.23575708655954,6.3,7.78568391777512));
#9035=CARTESIAN_POINT('',(-4.23575708655954,3.1,7.78568391777512));
#9036=CARTESIAN_POINT('',(-4.23575708655954,3.1,7.78568391777512));
#9037=CARTESIAN_POINT('',(-4.16148881811189,3.1,7.6));
#9038=CARTESIAN_POINT('',(-4.0072322177168,3.18197647967395,7.21433098545688));
#9039=CARTESIAN_POINT('',(-2.93596966213372,3.75127680710434,4.53598352369192));
#9040=CARTESIAN_POINT('',(-2.93596966213372,6.3,4.53598352369192));
#9041=CARTESIAN_POINT('',(-2.93596966213372,6.3,4.53598352369192));
#9042=CARTESIAN_POINT('',(-2.93596640386305,5.67687611203246,4.6684325947326));
#9043=CARTESIAN_POINT('',(-2.93598290973479,5.5342579813872,3.99746704314142));
#9044=CARTESIAN_POINT('',(-2.93598241313289,3.86145115565929,4.01765396618813));
#9045=CARTESIAN_POINT('',(-2.93598290973479,3.8657420186128,3.99746704314142));
#9046=CARTESIAN_POINT('',(-2.93598290973479,6.3,3.99746704314142));
#9047=CARTESIAN_POINT('',(-2.93598290973479,6.3,3.99746704314142));
#9048=CARTESIAN_POINT('',(-2.88020800101129,5.53899977221489,4.01977541504219));
#9049=CARTESIAN_POINT('',(-3.02883149242288,5.52636431436326,3.96033025958639));
#9050=CARTESIAN_POINT('',(-3.11328872999951,3.88081594937249,3.92654977462116));
#9051=CARTESIAN_POINT('',(-3.02883149242288,3.87363568563674,3.96033025958639));
#9052=CARTESIAN_POINT('',(-3.02883149242288,6.3,3.96033025958639));
#9053=CARTESIAN_POINT('',(-3.02883149242288,6.3,3.96033025958639));
#9054=CARTESIAN_POINT('',(-3.08340680395642,5.55536723485529,4.09677827259599));
#9055=CARTESIAN_POINT('',(-4.48459552724476,6.3,7.6));
#9056=CARTESIAN_POINT('',(-2.85766618708765,3.96459794681559,3.53238646681814));
#9057=CARTESIAN_POINT('',(-4.48459552724476,3.1,7.6));
#9058=CARTESIAN_POINT('',(-3.02883149242288,3.1,3.96033025958639));
#9059=CARTESIAN_POINT('',(-4.51430283462382,3.1,7.67427356711005));
#9060=CARTESIAN_POINT('',(-4.51430283462382,6.3,7.67427356711005));
#9061=CARTESIAN_POINT('',(-4.51430283462382,6.3,7.67427356711005));
#9062=CARTESIAN_POINT('',(-3.02883149242288,6.3,3.96033025958639));
#9063=CARTESIAN_POINT('',(-4.7,6.3,7.6));
#9064=CARTESIAN_POINT('',(4.7,6.3,7.6));
#9065=CARTESIAN_POINT('',(-4.7,6.3,7.6));
#9066=CARTESIAN_POINT('',(-4.7,6.3,7.8));
#9067=CARTESIAN_POINT('',(-4.7,6.3,7.8));
#9068=CARTESIAN_POINT('',(-4.7,6.3,8.1));
#9069=CARTESIAN_POINT('',(-4.7,6.3,7.6));
#9070=CARTESIAN_POINT('',(-4.7,3.1,7.6));
#9071=CARTESIAN_POINT('',(4.7,3.1,7.6));
#9072=CARTESIAN_POINT('',(-4.7,3.1,7.6));
#9073=CARTESIAN_POINT('',(-4.7,3.1,8.1));
#9074=CARTESIAN_POINT('',(-4.7,3.1,7.8));
#9075=CARTESIAN_POINT('',(-4.7,3.1,7.8));
#9076=CARTESIAN_POINT('',(-4.7,3.1,7.6));
#9077=CARTESIAN_POINT('',(2.93598290973479,6.3,3.99746704314141));
#9078=CARTESIAN_POINT('',(2.93597907880647,5.56735891925954,4.15319471210757));
#9079=CARTESIAN_POINT('',(2.93598290973479,5.5342579813872,3.99746704314141));
#9080=CARTESIAN_POINT('',(2.93596966213372,5.64872319289566,4.53598352369193));
#9081=CARTESIAN_POINT('',(2.93598290973479,6.3,3.99746704314141));
#9082=CARTESIAN_POINT('',(2.93598290973479,3.8657420186128,3.99746704314141));
#9083=CARTESIAN_POINT('',(2.93599508807632,3.97096834843221,3.5024160835631));
#9084=CARTESIAN_POINT('',(2.93596966213372,3.75127680710434,4.53598352369193));
#9085=CARTESIAN_POINT('',(2.93596966213372,6.3,4.53598352369193));
#9086=CARTESIAN_POINT('',(2.93596966213372,6.3,4.53598352369193));
#9087=CARTESIAN_POINT('',(2.98191329594249,5.67313898679638,4.65085080282407));
#9088=CARTESIAN_POINT('',(4.16148881811189,6.3,7.6));
#9089=CARTESIAN_POINT('',(2.75617267907372,3.8468261948745,4.08645899704623));
#9090=CARTESIAN_POINT('',(4.16148881811189,3.1,7.6));
#9091=CARTESIAN_POINT('',(2.93596966213372,3.1,4.53598352369193));
#9092=CARTESIAN_POINT('',(4.23575708655954,3.1,7.78568391777512));
#9093=CARTESIAN_POINT('',(4.23575708655954,6.3,7.78568391777512));
#9094=CARTESIAN_POINT('',(4.23575708655954,6.3,7.78568391777512));
#9095=CARTESIAN_POINT('',(2.93596966213372,6.3,4.53598352369193));
#9096=CARTESIAN_POINT('',(4.51430283462382,6.3,7.67427356711005));
#9097=CARTESIAN_POINT('',(4.51318913383423,6.31519548079877,7.67148911649389));
#9098=CARTESIAN_POINT('',(4.48459552724475,6.3,7.6));
#9099=CARTESIAN_POINT('',(3.02883149242288,5.52636431436326,3.96033025958638));
#9100=CARTESIAN_POINT('',(4.51430283462382,6.3,7.67427356711005));
#9101=CARTESIAN_POINT('',(4.51430283462382,6.3,7.67427356711005));
#9102=CARTESIAN_POINT('',(4.51430283462382,6.3,7.67427356711005));
#9103=CARTESIAN_POINT('',(4.51430283462382,3.1,7.67427356711005));
#9104=CARTESIAN_POINT('',(4.51430283462382,3.1,7.67427356711005));
#9105=CARTESIAN_POINT('',(4.48459552724476,3.1,7.6));
#9106=CARTESIAN_POINT('',(4.28744851696546,3.2047697008721,7.10709731071605));
#9107=CARTESIAN_POINT('',(3.02883149242288,3.87363568563674,3.96033025958638));
#9108=CARTESIAN_POINT('',(3.02883149242288,6.3,3.96033025958638));
#9109=CARTESIAN_POINT('',(3.02883149242288,6.3,3.96033025958638));
#9110=CARTESIAN_POINT('',(2.97248162692927,5.53115498603721,3.98286859778828));
#9111=CARTESIAN_POINT('',(3.20556235591752,3.88866073555018,3.88964295736721));
#9112=CARTESIAN_POINT('',(4.7,6.3,7.60000000000001));
#9113=CARTESIAN_POINT('',(4.7,6.3,7.6));
#9114=CARTESIAN_POINT('',(4.7,6.3,7.60000000000001));
#9115=CARTESIAN_POINT('',(4.7,6.3,8.1));
#9116=CARTESIAN_POINT('',(4.7,6.3,7.8));
#9117=CARTESIAN_POINT('',(4.7,6.3,7.8));
#9118=CARTESIAN_POINT('',(4.7,6.3,7.6));
#9119=CARTESIAN_POINT('',(4.7,3.1,7.60000000000001));
#9120=CARTESIAN_POINT('',(4.7,3.1,7.6));
#9121=CARTESIAN_POINT('',(4.7,3.1,7.6));
#9122=CARTESIAN_POINT('',(4.7,3.1,7.8));
#9123=CARTESIAN_POINT('',(4.7,3.1,7.8));
#9124=CARTESIAN_POINT('',(4.7,3.1,8.1));
#9125=CARTESIAN_POINT('',(4.7,3.1,7.60000000000001));
#9126=CARTESIAN_POINT('',(7.5,0.4,-0.113000000000001));
#9127=CARTESIAN_POINT('',(7.5,0.,-0.113000000000001));
#9128=CARTESIAN_POINT('',(3.22,0.,-0.113));
#9129=CARTESIAN_POINT('',(0.75,0.,-0.112999999999999));
#9130=CARTESIAN_POINT('',(0.75,0.4,-0.112999999999999));
#9131=CARTESIAN_POINT('',(0.75,0.3,-0.112999999999999));
#9132=CARTESIAN_POINT('',(7.5,0.3,-0.113000000000001));
#9133=CARTESIAN_POINT('',(3.22,0.3,-0.113));
#9134=CARTESIAN_POINT('',(3.22,0.4,-0.113));
#9135=CARTESIAN_POINT('',(7.5,0.4,-0.113000000000001));
#9136=CARTESIAN_POINT('',(7.5,0.,-0.113000000000001));
#9137=CARTESIAN_POINT('',(4.52,0.,-0.113));
#9138=CARTESIAN_POINT('',(4.52,0.4,-0.113));
#9139=CARTESIAN_POINT('',(4.52,0.3,-0.113));
#9140=CARTESIAN_POINT('',(7.5,0.3,-0.113000000000001));
#9141=CARTESIAN_POINT('',(7.5,0.399999999999999,-0.113000000000001));
#9142=CARTESIAN_POINT('',(7.5,0.4,-0.113000000000001));
#9143=CARTESIAN_POINT('',(7.5,0.,-0.113000000000001));
#9144=CARTESIAN_POINT('',(-4.52,0.,-0.113));
#9145=CARTESIAN_POINT('',(7.5,0.399999999999999,-0.113000000000001));
#9146=CARTESIAN_POINT('',(7.5,0.3,-0.113000000000001));
#9147=CARTESIAN_POINT('',(-4.52,0.300000000000001,-0.113));
#9148=CARTESIAN_POINT('',(-4.52,0.4,-0.113));
#9149=CARTESIAN_POINT('',(7.5,0.4,-0.113000000000001));
#9150=CARTESIAN_POINT('',(7.5,0.,-0.113000000000001));
#9151=CARTESIAN_POINT('',(-0.75,0.,-0.113));
#9152=CARTESIAN_POINT('',(-3.22,0.,-0.112999999999999));
#9153=CARTESIAN_POINT('',(-3.22,0.4,-0.112999999999999));
#9154=CARTESIAN_POINT('',(-3.22,0.3,-0.112999999999999));
#9155=CARTESIAN_POINT('',(7.5,0.3,-0.113000000000001));
#9156=CARTESIAN_POINT('',(-0.75,0.3,-0.113));
#9157=CARTESIAN_POINT('',(-0.75,0.4,-0.113));
#9158=CARTESIAN_POINT('',(7.5,0.,7.69));
#9159=CARTESIAN_POINT('',(7.5,0.,7.69));
#9160=CARTESIAN_POINT('',(5.45,0.,7.69));
#9161=CARTESIAN_POINT('',(2.748,0.,7.69));
#9162=CARTESIAN_POINT('',(5.45,0.4,7.69));
#9163=CARTESIAN_POINT('',(5.45,0.3,7.69));
#9164=CARTESIAN_POINT('',(7.5,0.3,7.69));
#9165=CARTESIAN_POINT('',(2.748,0.3,7.69));
#9166=CARTESIAN_POINT('',(2.748,0.4,7.69));
#9167=CARTESIAN_POINT('',(7.5,0.,7.69));
#9168=CARTESIAN_POINT('',(7.5,0.,7.69));
#9169=CARTESIAN_POINT('',(1.05,0.,7.69));
#9170=CARTESIAN_POINT('',(0.199,0.,7.69));
#9171=CARTESIAN_POINT('',(1.05,0.4,7.69));
#9172=CARTESIAN_POINT('',(1.05,0.3,7.69));
#9173=CARTESIAN_POINT('',(7.5,0.3,7.69));
#9174=CARTESIAN_POINT('',(0.199,0.3,7.69));
#9175=CARTESIAN_POINT('',(0.199,0.4,7.69));
#9176=CARTESIAN_POINT('',(7.5,0.,7.69));
#9177=CARTESIAN_POINT('',(7.5,0.,7.69));
#9178=CARTESIAN_POINT('',(-0.199,0.,7.69));
#9179=CARTESIAN_POINT('',(-1.05,0.,7.69));
#9180=CARTESIAN_POINT('',(-0.199,0.4,7.69));
#9181=CARTESIAN_POINT('',(-0.199,0.3,7.69));
#9182=CARTESIAN_POINT('',(7.5,0.3,7.69));
#9183=CARTESIAN_POINT('',(-1.05,0.3,7.69));
#9184=CARTESIAN_POINT('',(-1.05,0.4,7.69));
#9185=CARTESIAN_POINT('',(7.5,0.,7.69));
#9186=CARTESIAN_POINT('',(7.5,0.,7.69));
#9187=CARTESIAN_POINT('',(-2.748,0.,7.69));
#9188=CARTESIAN_POINT('',(-5.45,0.,7.69));
#9189=CARTESIAN_POINT('',(-2.748,0.4,7.69));
#9190=CARTESIAN_POINT('',(-2.748,0.300000000000001,7.69));
#9191=CARTESIAN_POINT('',(7.5,0.3,7.69));
#9192=CARTESIAN_POINT('',(-5.45,0.300000000000001,7.69));
#9193=CARTESIAN_POINT('',(-5.45,0.4,7.69));
#9194=CARTESIAN_POINT('',(7.5,-0.799999999999999,-1.3));
#9195=CARTESIAN_POINT('',(7.5,0.4,-1.3));
#9196=CARTESIAN_POINT('',(7.75000000000001,-0.222594935395221,-1.3));
#9197=CARTESIAN_POINT('',(5.83516230678192,-0.799999999999999,-1.3));
#9198=CARTESIAN_POINT('',(7.5,-0.799999999999999,-1.3));
#9199=CARTESIAN_POINT('',(6.1510617925108,-0.799999999999999,-1.3));
#9200=CARTESIAN_POINT('',(7.75,-0.222594935395231,-1.3));
#9201=CARTESIAN_POINT('',(7.5,-0.799999999999999,-1.3));
#9202=CARTESIAN_POINT('',(7.5,0.4,-1.3));
#9203=CARTESIAN_POINT('',(-7.75,-0.222594935395225,-1.3));
#9204=CARTESIAN_POINT('',(-6.15106179251081,-0.799999999999999,-1.3));
#9205=CARTESIAN_POINT('',(7.5,-0.799999999999999,-1.3));
#9206=CARTESIAN_POINT('',(-5.83516230678191,-0.799999999999999,-1.3));
#9207=CARTESIAN_POINT('',(-7.74999999999999,-0.222594935395228,-1.3));
#9208=CARTESIAN_POINT('',(7.5,0.15,-13.1));
#9209=CARTESIAN_POINT('',(7.5,0.15,-4.1));
#9210=CARTESIAN_POINT('',(7.5,0.15,-7.8));
#9211=CARTESIAN_POINT('',(7.5,0.15,-4.1));
#9212=CARTESIAN_POINT('',(-6.35,0.15,-8.1));
#9213=CARTESIAN_POINT('',(7.5,0.15,-4.1));
#9214=CARTESIAN_POINT('',(7.5,0.,-4.1));
#9215=CARTESIAN_POINT('',(7.5,0.15,-4.1));
#9216=CARTESIAN_POINT('',(7.5,0.,-4.1));
#9217=CARTESIAN_POINT('',(-5.75,0.,8.1));
#9218=CARTESIAN_POINT('',(7.5,0.,-3.3));
#9219=CARTESIAN_POINT('',(-5.75,0.,8.1));
#9220=CARTESIAN_POINT('',(7.5,0.,-3.3));
#9221=CARTESIAN_POINT('',(-5.75,0.,8.1));
#9222=CARTESIAN_POINT('',(6.05,0.,7.48700000000001));
#9223=CARTESIAN_POINT('',(5.45,0.,7.487));
#9224=CARTESIAN_POINT('',(5.45,0.,7.487));
#9225=CARTESIAN_POINT('',(2.748,0.,7.69));
#9226=CARTESIAN_POINT('',(2.748,0.,6.737));
#9227=CARTESIAN_POINT('',(2.748,0.,6.737));
#9228=CARTESIAN_POINT('',(1.05,0.,6.737));
#9229=CARTESIAN_POINT('',(1.05,0.,6.737));
#9230=CARTESIAN_POINT('',(0.199,0.,7.69));
#9231=CARTESIAN_POINT('',(0.199,0.,5.79603798459113));
#9232=CARTESIAN_POINT('',(-2.09793120375945E-14,0.,5.22999999999995));
#9233=CARTESIAN_POINT('',(0.331087331047051,0.,5.7303810340332));
#9234=CARTESIAN_POINT('',(0.249999999999998,0.,5.237));
#9235=CARTESIAN_POINT('',(0.75,0.,5.237));
#9236=CARTESIAN_POINT('',(0.75,0.,5.237));
#9237=CARTESIAN_POINT('',(3.22,0.,-0.113));
#9238=CARTESIAN_POINT('',(3.22,0.,1.437));
#9239=CARTESIAN_POINT('',(3.87,0.,1.43699998333999));
#9240=CARTESIAN_POINT('',(4.52,0.,1.437));
#9241=CARTESIAN_POINT('',(4.52,0.,1.437));
#9242=CARTESIAN_POINT('',(-5.75,0.,8.1));
#9243=CARTESIAN_POINT('',(-4.52,0.,-0.113));
#9244=CARTESIAN_POINT('',(-4.52,0.,1.437));
#9245=CARTESIAN_POINT('',(-3.87,0.,1.43699998333999));
#9246=CARTESIAN_POINT('',(-3.22,0.,1.437));
#9247=CARTESIAN_POINT('',(-3.22,0.,1.437));
#9248=CARTESIAN_POINT('',(-0.75,0.,-0.113));
#9249=CARTESIAN_POINT('',(-0.75,0.,5.237));
#9250=CARTESIAN_POINT('',(-0.25,0.,5.237));
#9251=CARTESIAN_POINT('',(-0.33108733104707,0.,5.73038103403319));
#9252=CARTESIAN_POINT('',(3.4477629085039E-14,0.,5.22999999999994));
#9253=CARTESIAN_POINT('',(-0.199,0.,5.79603798459114));
#9254=CARTESIAN_POINT('',(-0.199,0.,5.79603798459114));
#9255=CARTESIAN_POINT('',(-1.05,0.,7.69));
#9256=CARTESIAN_POINT('',(-1.05,0.,6.737));
#9257=CARTESIAN_POINT('',(-1.05,0.,6.737));
#9258=CARTESIAN_POINT('',(-2.748,0.,6.737));
#9259=CARTESIAN_POINT('',(-2.748,0.,6.737));
#9260=CARTESIAN_POINT('',(-5.45,0.,7.69));
#9261=CARTESIAN_POINT('',(-5.45,0.,7.487));
#9262=CARTESIAN_POINT('',(-5.45,0.,7.487));
#9263=CARTESIAN_POINT('',(-5.75,0.300000000000001,7.8));
#9264=CARTESIAN_POINT('',(5.45,0.3,7.7999999999999));
#9265=CARTESIAN_POINT('',(5.45,0.3,7.487));
#9266=CARTESIAN_POINT('',(-5.75,0.300000000000001,7.48699999999997));
#9267=CARTESIAN_POINT('',(4.52,0.3,7.8));
#9268=CARTESIAN_POINT('',(4.52,0.3,1.437));
#9269=CARTESIAN_POINT('',(3.87,0.3,1.43699998333999));
#9270=CARTESIAN_POINT('',(3.22,0.3,1.437));
#9271=CARTESIAN_POINT('',(3.22,0.3,7.79999999999999));
#9272=CARTESIAN_POINT('',(0.75,0.3,7.8));
#9273=CARTESIAN_POINT('',(0.75,0.3,5.237));
#9274=CARTESIAN_POINT('',(0.249999999999998,0.3,5.237));
#9275=CARTESIAN_POINT('',(0.331087331047051,0.3,5.7303810340332));
#9276=CARTESIAN_POINT('',(-2.09793120375945E-14,0.3,5.22999999999995));
#9277=CARTESIAN_POINT('',(0.199,0.3,5.79603798459113));
#9278=CARTESIAN_POINT('',(0.199,0.3,7.8));
#9279=CARTESIAN_POINT('',(1.05,0.3,7.8));
#9280=CARTESIAN_POINT('',(1.05,0.3,6.737));
#9281=CARTESIAN_POINT('',(-5.75,0.300000000000001,6.737));
#9282=CARTESIAN_POINT('',(2.748,0.3,6.737));
#9283=CARTESIAN_POINT('',(2.748,0.3,7.8));
#9284=CARTESIAN_POINT('',(-5.75,0.300000000000001,7.8));
#9285=CARTESIAN_POINT('',(-3.87,0.300000000000001,1.43699998333999));
#9286=CARTESIAN_POINT('',(-3.22,0.300000000000001,1.437));
#9287=CARTESIAN_POINT('',(-4.52,0.300000000000001,1.437));
#9288=CARTESIAN_POINT('',(-4.52,0.300000000000001,7.8));
#9289=CARTESIAN_POINT('',(-5.75,0.300000000000001,7.487));
#9290=CARTESIAN_POINT('',(-5.45,0.300000000000001,7.487));
#9291=CARTESIAN_POINT('',(-5.45,0.300000000000001,7.8));
#9292=CARTESIAN_POINT('',(-2.748,0.3,7.8));
#9293=CARTESIAN_POINT('',(-2.748,0.3,6.737));
#9294=CARTESIAN_POINT('',(-5.75,0.300000000000001,6.737));
#9295=CARTESIAN_POINT('',(-1.05,0.3,6.737));
#9296=CARTESIAN_POINT('',(-1.05,0.3,7.8));
#9297=CARTESIAN_POINT('',(-0.199,0.3,7.8));
#9298=CARTESIAN_POINT('',(-0.199000000000001,0.3,5.79603798459114));
#9299=CARTESIAN_POINT('',(3.4477629085039E-14,0.3,5.22999999999994));
#9300=CARTESIAN_POINT('',(-0.33108733104707,0.3,5.73038103403319));
#9301=CARTESIAN_POINT('',(-0.25,0.3,5.237));
#9302=CARTESIAN_POINT('',(-0.75,0.3,5.237));
#9303=CARTESIAN_POINT('',(-0.75,0.3,7.8));
#9304=CARTESIAN_POINT('',(-3.22,0.300000000000001,7.8));
#9305=CARTESIAN_POINT('',(7.5,0.4,-1.3));
#9306=CARTESIAN_POINT('',(7.5,0.4,-0.612999999999999));
#9307=CARTESIAN_POINT('',(7.5,0.4,-1.3));
#9308=CARTESIAN_POINT('',(7.5,0.4,-0.612999999999999));
#9309=CARTESIAN_POINT('',(7.5,0.40000001747316,-0.363));
#9310=CARTESIAN_POINT('',(7.5,0.40000001747316,-0.363));
#9311=CARTESIAN_POINT('',(7.5,0.400000000000001,7.69));
#9312=CARTESIAN_POINT('',(-5.45,0.4,7.487));
#9313=CARTESIAN_POINT('',(7.5,0.400000000000001,7.8));
#9314=CARTESIAN_POINT('',(6.05,0.4,7.48700000000001));
#9315=CARTESIAN_POINT('',(-6.35,0.4,8.1));
#9316=CARTESIAN_POINT('',(-6.46699371362129,-1.33789528467909,8.1));
#9317=CARTESIAN_POINT('',(-6.98091131089936,-1.92908985250271,-3.19625559049485));
#9318=CARTESIAN_POINT('',(-7.02082039324994,-1.975,-3.19203721838581));
#9319=CARTESIAN_POINT('',(-6.46699371362129,-1.33789528467909,-3.25057645008416));
#9320=CARTESIAN_POINT('',(-7.02082039324994,-1.975,8.1));
#9321=CARTESIAN_POINT('',(-7.02082039324994,-1.975,-1.40796278161419));
#9322=CARTESIAN_POINT('',(-6.0391542053997,-0.845722231059998,-1.304201105742));
#9323=CARTESIAN_POINT('',(-6.46699371362129,-1.33789528467909,-1.34942354991584));
#9324=CARTESIAN_POINT('',(-6.46699371362129,-1.33789528467909,8.1));
#9325=CARTESIAN_POINT('',(-6.35,-2.575,8.1));
#9326=CARTESIAN_POINT('',(-6.35,-2.575,-3.13690728734877));
#9327=CARTESIAN_POINT('',(-7.13611850678919,-3.01319823514425,-3.09664422320868));
#9328=CARTESIAN_POINT('',(-7.13611850678919,-3.01319823514425,-3.09664422320869));
#9329=CARTESIAN_POINT('',(-7.06418139487288,-3.14225191557216,-3.08478635570524));
#9330=CARTESIAN_POINT('',(-6.96532049407997,-3.24684255906413,-3.04417565606842));
#9331=CARTESIAN_POINT('',(-6.84749371855331,-3.325,-3.00126671103083));
#9332=CARTESIAN_POINT('',(-6.84749371855331,-3.325,-3.00126671103083));
#9333=CARTESIAN_POINT('',(-6.84749371855331,-3.325,8.1));
#9334=CARTESIAN_POINT('',(-6.84749371855331,-3.325,-1.59873328896917));
#9335=CARTESIAN_POINT('',(-6.84749371855331,-3.325,-1.59873328896917));
#9336=CARTESIAN_POINT('',(-6.96516690772134,-3.24694443672902,-1.55588027543435));
#9337=CARTESIAN_POINT('',(-7.06434046597035,-3.14196654533652,-1.51518742355908));
#9338=CARTESIAN_POINT('',(-7.13611850678919,-3.01319823514425,-1.50335577679132));
#9339=CARTESIAN_POINT('',(-7.13611850678919,-3.01319823514425,-1.50335577679132));
#9340=CARTESIAN_POINT('',(-6.35,-2.575,-1.46309271265123));
#9341=CARTESIAN_POINT('',(-6.84749371855331,-3.325,8.1));
#9342=CARTESIAN_POINT('',(-7.41827969143072,-2.94,-2.3));
#9343=CARTESIAN_POINT('',(-6.23223091662052,-3.74,-2.3));
#9344=CARTESIAN_POINT('',(-7.41827969143072,-2.94,-2.3));
#9345=CARTESIAN_POINT('',(6.23223091662052,-3.74,8.1));
#9346=CARTESIAN_POINT('',(7.41827969143073,-2.94,-2.3));
#9347=CARTESIAN_POINT('',(6.84749371855331,-3.32500000000001,-1.59873328896917));
#9348=CARTESIAN_POINT('',(6.23223091662053,-3.74,-2.3));
#9349=CARTESIAN_POINT('',(7.41827969143073,-2.94,-2.3));
#9350=CARTESIAN_POINT('',(6.84749371855331,-3.32500000000001,-3.00126671103083));
#9351=CARTESIAN_POINT('',(6.84749371855331,-3.32500000000001,8.1));
#9352=CARTESIAN_POINT('',(6.35,-2.575,8.1));
#9353=CARTESIAN_POINT('',(6.35,-2.575,-3.13690728734877));
#9354=CARTESIAN_POINT('',(7.02082039324994,-1.975,-3.19203721838581));
#9355=CARTESIAN_POINT('',(7.13611850678919,-3.01319823514425,-3.09664422320868));
#9356=CARTESIAN_POINT('',(7.02082039324994,-1.975,8.1));
#9357=CARTESIAN_POINT('',(7.02082039324994,-1.975,-1.4079627816142));
#9358=CARTESIAN_POINT('',(6.35,-2.575,-1.46309271265123));
#9359=CARTESIAN_POINT('',(7.13611850678919,-3.01319823514425,-1.50335577679132));
#9360=CARTESIAN_POINT('',(7.13611850678919,-3.01319823514425,-1.50335577679132));
#9361=CARTESIAN_POINT('',(7.06418139487288,-3.14225191557216,-1.51521364429476));
#9362=CARTESIAN_POINT('',(6.96532049407997,-3.24684255906413,-1.55582434393158));
#9363=CARTESIAN_POINT('',(6.84749371855331,-3.32500000000001,-1.59873328896917));
#9364=CARTESIAN_POINT('',(6.84749371855331,-3.32500000000001,-3.00126671103083));
#9365=CARTESIAN_POINT('',(6.96516690772134,-3.24694443672903,-3.04411972456565));
#9366=CARTESIAN_POINT('',(7.06434046597035,-3.14196654533652,-3.08481257644093));
#9367=CARTESIAN_POINT('',(7.13611850678919,-3.01319823514425,-3.09664422320869));
#9368=CARTESIAN_POINT('',(7.02082039324994,-1.975,8.1));
#9369=CARTESIAN_POINT('',(7.53208752238366,-2.56314555300602,-3.13799651209087));
#9370=CARTESIAN_POINT('',(6.46699371362128,-1.33789528467909,-3.25057645008416));
#9371=CARTESIAN_POINT('',(6.46699371362128,-1.33789528467909,8.1));
#9372=CARTESIAN_POINT('',(6.46699371362128,-1.33789528467909,-1.34942354991584));
#9373=CARTESIAN_POINT('',(6.590330416884,-1.47977793156331,-1.36246018414597));
#9374=CARTESIAN_POINT('',(7.75,-0.222594935395231,8.1));
#9375=CARTESIAN_POINT('',(7.75,-0.222594935395231,-3.35305383565349));
#9376=CARTESIAN_POINT('',(6.1510617925108,-0.799999999999999,-3.3));
#9377=CARTESIAN_POINT('',(7.75,-0.222594935395231,-3.3));
#9378=CARTESIAN_POINT('',(7.75,-0.222594935395231,-1.24694616434651));
#9379=CARTESIAN_POINT('',(-7.75,-0.222594935395225,8.1));
#9380=CARTESIAN_POINT('',(-7.75,-0.222594935395225,-3.3));
#9381=CARTESIAN_POINT('',(-6.1510617925108,-0.799999999999999,-3.3));
#9382=CARTESIAN_POINT('',(-7.75,-0.222594935395225,-3.35305383565349));
#9383=CARTESIAN_POINT('',(-7.75,-0.222594935395225,-1.24694616434651));
#9384=CARTESIAN_POINT('',(-6.35,-2.575,8.1));
#9385=CARTESIAN_POINT('',(-4.7,6.3,8.1));
#9386=CARTESIAN_POINT('',(-4.7,6.45,8.1));
#9387=CARTESIAN_POINT('',(-4.7,6.6,8.1));
#9388=CARTESIAN_POINT('',(-4.55,6.6,8.1));
#9389=CARTESIAN_POINT('',(-4.55,6.6,8.1));
#9390=CARTESIAN_POINT('',(-4.55,7.6,8.1));
#9391=CARTESIAN_POINT('',(-4.55,7.6,8.1));
#9392=CARTESIAN_POINT('',(-2.6,9.6,8.1));
#9393=CARTESIAN_POINT('',(-2.6,9.6,8.1));
#9394=CARTESIAN_POINT('',(2.6,9.6,8.1));
#9395=CARTESIAN_POINT('',(2.6,9.6,8.1));
#9396=CARTESIAN_POINT('',(4.55,7.6,8.1));
#9397=CARTESIAN_POINT('',(4.55,7.6,8.1));
#9398=CARTESIAN_POINT('',(4.55,6.6,8.1));
#9399=CARTESIAN_POINT('',(4.55,6.6,8.1));
#9400=CARTESIAN_POINT('',(4.7,6.6,8.1));
#9401=CARTESIAN_POINT('',(4.7,6.6,8.1));
#9402=CARTESIAN_POINT('',(4.7,6.45,8.1));
#9403=CARTESIAN_POINT('',(4.7,3.1,8.1));
#9404=CARTESIAN_POINT('',(4.7,2.95,8.1));
#9405=CARTESIAN_POINT('',(4.7,2.8,8.1));
#9406=CARTESIAN_POINT('',(4.55,2.8,8.1));
#9407=CARTESIAN_POINT('',(4.55,2.8,8.1));
#9408=CARTESIAN_POINT('',(4.55,1.7,8.1));
#9409=CARTESIAN_POINT('',(4.55,1.7,8.1));
#9410=CARTESIAN_POINT('',(4.05,1.7,8.1));
#9411=CARTESIAN_POINT('',(4.05,1.2,8.1));
#9412=CARTESIAN_POINT('',(-4.05,1.2,8.1));
#9413=CARTESIAN_POINT('',(-4.05,1.2,8.1));
#9414=CARTESIAN_POINT('',(-4.05,1.7,8.1));
#9415=CARTESIAN_POINT('',(-4.55,1.7,8.1));
#9416=CARTESIAN_POINT('',(-4.55,2.8,8.1));
#9417=CARTESIAN_POINT('',(-4.55,2.8,8.1));
#9418=CARTESIAN_POINT('',(-4.7,2.8,8.1));
#9419=CARTESIAN_POINT('',(-4.7,2.8,8.1));
#9420=CARTESIAN_POINT('',(-4.7,2.95,8.1));
#9421=CARTESIAN_POINT('',(6.05,10.7,8.1));
#9422=CARTESIAN_POINT('',(-6.35,-2.575,-8.1));
#9423=CARTESIAN_POINT('',(2.95,4.3,-8.1));
#9424=CARTESIAN_POINT('',(2.95,3.8,-8.1));
#9425=CARTESIAN_POINT('',(2.95,4.8,-8.1));
#9426=CARTESIAN_POINT('',(2.95,4.8,-8.1));
#9427=CARTESIAN_POINT('',(-2.95,4.8,-8.1));
#9428=CARTESIAN_POINT('',(-2.95,4.3,-8.1));
#9429=CARTESIAN_POINT('',(-2.95,3.8,-8.1));
#9430=CARTESIAN_POINT('',(-2.95,3.8,-8.1));
#9431=CARTESIAN_POINT('',(2.95,8.3,-8.1));
#9432=CARTESIAN_POINT('',(2.95,7.8,-8.1));
#9433=CARTESIAN_POINT('',(2.95,8.8,-8.1));
#9434=CARTESIAN_POINT('',(2.95,8.8,-8.1));
#9435=CARTESIAN_POINT('',(-2.95,8.8,-8.1));
#9436=CARTESIAN_POINT('',(-2.95,8.3,-8.1));
#9437=CARTESIAN_POINT('',(-2.95,7.8,-8.1));
#9438=CARTESIAN_POINT('',(-2.95,7.8,-8.1));
#9439=CARTESIAN_POINT('',(6.05,10.7,-8.1));
#9440=CARTESIAN_POINT('',(6.05,10.7,8.1));
#9441=CARTESIAN_POINT('',(-5.95,2.3,-5.4));
#9442=CARTESIAN_POINT('',(5.95,2.3,-5.4));
#9443=CARTESIAN_POINT('',(-5.95,8.8,-5.4));
#9444=CARTESIAN_POINT('',(5.95,8.8,-5.4));
#9445=CARTESIAN_POINT('',(2.95,4.8,-8.4));
#9446=CARTESIAN_POINT('',(2.95,4.8,-8.4));
#9447=CARTESIAN_POINT('',(2.95,4.8,-8.4));
#9448=CARTESIAN_POINT('',(2.95,4.8,-8.4));
#9449=CARTESIAN_POINT('',(-2.95,4.8,-8.4));
#9450=CARTESIAN_POINT('',(-2.95,4.8,-8.4));
#9451=CARTESIAN_POINT('',(-2.95,4.3,-8.4));
#9452=CARTESIAN_POINT('',(-2.95,4.3,-8.4));
#9453=CARTESIAN_POINT('',(-2.95,3.8,-8.4));
#9454=CARTESIAN_POINT('',(-2.95,3.8,-8.4));
#9455=CARTESIAN_POINT('',(-2.95,3.8,-8.4));
#9456=CARTESIAN_POINT('',(-2.95,3.8,-8.4));
#9457=CARTESIAN_POINT('',(2.95,3.8,-8.4));
#9458=CARTESIAN_POINT('',(2.95,3.8,-8.4));
#9459=CARTESIAN_POINT('',(2.95,4.3,-8.4));
#9460=CARTESIAN_POINT('',(2.95,4.3,-8.4));
#9461=CARTESIAN_POINT('',(-2.95,4.3,-8.4));
#9462=CARTESIAN_POINT('',(2.95,8.8,-8.4));
#9463=CARTESIAN_POINT('',(2.95,8.8,-8.4));
#9464=CARTESIAN_POINT('',(2.95,8.8,-8.4));
#9465=CARTESIAN_POINT('',(2.95,8.8,-8.4));
#9466=CARTESIAN_POINT('',(-2.95,8.8,-8.4));
#9467=CARTESIAN_POINT('',(-2.95,8.8,-8.4));
#9468=CARTESIAN_POINT('',(-2.95,8.3,-8.4));
#9469=CARTESIAN_POINT('',(-2.95,8.3,-8.4));
#9470=CARTESIAN_POINT('',(-2.95,7.8,-8.4));
#9471=CARTESIAN_POINT('',(-2.95,7.8,-8.4));
#9472=CARTESIAN_POINT('',(-2.95,7.8,-8.4));
#9473=CARTESIAN_POINT('',(-2.95,7.8,-8.4));
#9474=CARTESIAN_POINT('',(2.95,7.8,-8.4));
#9475=CARTESIAN_POINT('',(2.95,7.8,-8.4));
#9476=CARTESIAN_POINT('',(2.95,8.3,-8.4));
#9477=CARTESIAN_POINT('',(2.95,8.3,-8.4));
#9478=CARTESIAN_POINT('',(-2.95,8.3,-8.4));
#9479=CARTESIAN_POINT('',(7.5,-0.799999999999999,-3.3));
#9480=CARTESIAN_POINT('',(7.5,-3.01319823514425,-3.09664422320868));
#9481=CARTESIAN_POINT('',(-6.75979589638261,-3.01319823514425,-3.09664422320868));
#9482=CARTESIAN_POINT('',(7.5,-0.799999999999999,-3.3));
#9483=CARTESIAN_POINT('',(-5.83516230678191,-0.799999999999999,-3.3));
#9484=CARTESIAN_POINT('',(-7.74999999999999,-0.222594935395228,-3.35305383565349));
#9485=CARTESIAN_POINT('',(-6.24058083955446,-1.53471299337624,-3.23249220557192));
#9486=CARTESIAN_POINT('',(-7.31316619070632,-2.7685812953894,-3.11912041490731));
#9487=CARTESIAN_POINT('',(-6.80275782033853,-2.18142363133713,-3.17307035078576));
#9488=CARTESIAN_POINT('',(-6.34990707131526,-2.57503028665314,-3.13690450451361));
#9489=CARTESIAN_POINT('',(7.5,0.,-3.3));
#9490=CARTESIAN_POINT('',(-7.74999999999999,-0.222594935395228,-3.3));
#9491=CARTESIAN_POINT('',(7.5,0.,-3.3));
#9492=CARTESIAN_POINT('',(7.5,-0.799999999999999,-3.3));
#9493=CARTESIAN_POINT('',(5.83516230678192,-0.799999999999999,-3.3));
#9494=CARTESIAN_POINT('',(7.75000000000001,-0.222594935395221,-3.3));
#9495=CARTESIAN_POINT('',(7.5,-0.799999999999999,-3.3));
#9496=CARTESIAN_POINT('',(7.75000000000001,-0.222594935395221,-3.35305383565349));
#9497=CARTESIAN_POINT('',(6.24058083955446,-1.53471299337625,-3.23249220557192));
#9498=CARTESIAN_POINT('',(7.5,-3.01319823514425,-3.09664422320868));
#9499=CARTESIAN_POINT('',(6.75979589638261,-3.01319823514425,-3.09664422320868));
#9500=CARTESIAN_POINT('',(6.34990707131526,-2.57503028665314,-3.13690450451361));
#9501=CARTESIAN_POINT('',(6.80275782033854,-2.18142363133713,-3.17307035078576));
#9502=CARTESIAN_POINT('',(6.75367964040143,-2.12496564365357,-3.17825789239823));
#9503=CARTESIAN_POINT('',(7.5,-2.94,-2.3));
#9504=CARTESIAN_POINT('',(6.68550072012144,-3.07240027255996,-3.08896778630439));
#9505=CARTESIAN_POINT('',(6.71180474784051,-3.0546519867955,-3.09194620686031));
#9506=CARTESIAN_POINT('',(6.73656473232458,-3.03493007238493,-3.09464743206137));
#9507=CARTESIAN_POINT('',(6.75979589638261,-3.01319823514425,-3.09664422320869));
#9508=CARTESIAN_POINT('',(6.68550072012144,-3.07240027255996,-3.08896778630439));
#9509=CARTESIAN_POINT('',(5.69262410314659,-2.94,-2.3));
#9510=CARTESIAN_POINT('',(6.0644730455793,-3.49128872823348,-2.87972470891166));
#9511=CARTESIAN_POINT('',(6.88179219643928,-2.94,-2.3));
#9512=CARTESIAN_POINT('',(7.5,-2.94,-2.3));
#9513=CARTESIAN_POINT('',(-6.75979589638261,-3.01319823514425,-3.09664422320868));
#9514=CARTESIAN_POINT('',(-6.73656473232458,-3.03493007238493,-3.09464743206137));
#9515=CARTESIAN_POINT('',(-6.71180474784051,-3.0546519867955,-3.09194620686031));
#9516=CARTESIAN_POINT('',(-6.68550072012144,-3.07240027255996,-3.08896778630439));
#9517=CARTESIAN_POINT('',(-6.68550072012144,-3.07240027255996,-3.08896778630439));
#9518=CARTESIAN_POINT('',(-6.88179219643929,-2.94,-2.3));
#9519=CARTESIAN_POINT('',(-6.0644730455793,-3.49128872823349,-2.87972470891166));
#9520=CARTESIAN_POINT('',(-5.69262410314658,-2.94,-2.3));
#9521=CARTESIAN_POINT('',(7.5,-2.94,-2.3));
#9522=CARTESIAN_POINT('',(-6.88179219643929,-2.94,-2.3));
#9523=CARTESIAN_POINT('',(-6.68550072012144,-3.07240027255996,-1.51103221369561));
#9524=CARTESIAN_POINT('',(-6.0644730455793,-3.49128872823349,-1.72027529108834));
#9525=CARTESIAN_POINT('',(-6.68550072012144,-3.07240027255996,-1.51103221369561));
#9526=CARTESIAN_POINT('',(-6.71180474784051,-3.0546519867955,-1.50805379313969));
#9527=CARTESIAN_POINT('',(-6.73656473232458,-3.03493007238493,-1.50535256793863));
#9528=CARTESIAN_POINT('',(-6.75979589638261,-3.01319823514425,-1.50335577679132));
#9529=CARTESIAN_POINT('',(-6.75979589638261,-3.01319823514425,-1.50335577679132));
#9530=CARTESIAN_POINT('',(7.5,-3.01319823514425,-1.50335577679132));
#9531=CARTESIAN_POINT('',(-5.69262410314658,-2.94,-2.3));
#9532=CARTESIAN_POINT('',(7.5,-2.94,-2.3));
#9533=CARTESIAN_POINT('',(6.75979589638261,-3.01319823514425,-1.50335577679132));
#9534=CARTESIAN_POINT('',(6.73656473232458,-3.03493007238493,-1.50535256793863));
#9535=CARTESIAN_POINT('',(6.71180474784051,-3.0546519867955,-1.50805379313969));
#9536=CARTESIAN_POINT('',(6.68550072012144,-3.07240027255996,-1.51103221369561));
#9537=CARTESIAN_POINT('',(6.75979589638261,-3.01319823514425,-1.50335577679132));
#9538=CARTESIAN_POINT('',(6.68550072012144,-3.07240027255996,-1.51103221369561));
#9539=CARTESIAN_POINT('',(6.88179219643928,-2.94,-2.3));
#9540=CARTESIAN_POINT('',(6.0644730455793,-3.49128872823348,-1.72027529108834));
#9541=CARTESIAN_POINT('',(5.69262410314659,-2.94,-2.3));
#9542=CARTESIAN_POINT('',(7.5,-3.01319823514425,-1.50335577679132));
#9543=CARTESIAN_POINT('',(7.5,-3.01319823514425,-1.50335577679132));
#9544=CARTESIAN_POINT('',(7.75000000000001,-0.222594935395221,-1.24694616434651));
#9545=CARTESIAN_POINT('',(6.24058083955446,-1.53471299337625,-1.36750779442808));
#9546=CARTESIAN_POINT('',(5.81192253490177,-1.04159802221087,-1.32219880383862));
#9547=CARTESIAN_POINT('',(6.80275782033854,-2.18142363133713,-1.42692964921424));
#9548=CARTESIAN_POINT('',(6.34990707131526,-2.57503028665314,-1.46309549548639));
#9549=CARTESIAN_POINT('',(7.5,-3.01319823514425,-1.50335577679132));
#9550=CARTESIAN_POINT('',(-6.37140908520666,-1.68521367394668,-1.38133628132954));
#9551=CARTESIAN_POINT('',(-6.80275782033853,-2.18142363133713,-1.42692964921425));
#9552=CARTESIAN_POINT('',(-6.24058083955446,-1.53471299337624,-1.36750779442808));
#9553=CARTESIAN_POINT('',(-7.74999999999999,-0.222594935395228,-1.24694616434651));
#9554=CARTESIAN_POINT('',(-6.34990707131526,-2.57503028665314,-1.46309549548639));
#9555=CARTESIAN_POINT('',(6.0644730455793,-3.49128872823348,8.1));
#9556=CARTESIAN_POINT('',(6.0644730455793,-3.49128872823348,8.1));
#9557=CARTESIAN_POINT('',(6.68550072012144,-3.07240027255996,8.1));
#9558=CARTESIAN_POINT('',(6.68550072012144,-3.07240027255996,8.1));
#9559=CARTESIAN_POINT('',(6.34990707131526,-2.57503028665314,8.1));
#9560=CARTESIAN_POINT('',(6.80275782033854,-2.18142363133713,8.1));
#9561=CARTESIAN_POINT('',(6.24058083955446,-1.53471299337625,8.1));
#9562=CARTESIAN_POINT('',(6.24058083955446,-1.53471299337625,8.1));
#9563=CARTESIAN_POINT('',(7.75000000000001,-0.222594935395221,8.1));
#9564=CARTESIAN_POINT('',(-7.74999999999999,-0.222594935395228,8.1));
#9565=CARTESIAN_POINT('',(-6.24058083955446,-1.53471299337624,8.1));
#9566=CARTESIAN_POINT('',(-6.80275782033853,-2.18142363133713,8.1));
#9567=CARTESIAN_POINT('',(-6.80275782033853,-2.18142363133713,8.1));
#9568=CARTESIAN_POINT('',(-6.34990707131526,-2.57503028665314,8.1));
#9569=CARTESIAN_POINT('',(-6.68550072012144,-3.07240027255996,8.1));
#9570=CARTESIAN_POINT('',(-6.0644730455793,-3.49128872823349,8.1));
#9571=CARTESIAN_POINT('',(-6.0644730455793,-3.49128872823349,8.1));
#9572=CARTESIAN_POINT('',(-6.23223091662052,-3.74,8.1));
#9573=CARTESIAN_POINT('',(5.75,10.4,7.8));
#9574=CARTESIAN_POINT('',(5.75,10.4,-7.8));
#9575=CARTESIAN_POINT('',(5.75,10.4,7.8));
#9576=CARTESIAN_POINT('',(0.,0.,7.8));
#9577=CARTESIAN_POINT('',(-4.7,6.45,7.8));
#9578=CARTESIAN_POINT('',(-4.7,6.6,7.8));
#9579=CARTESIAN_POINT('',(-4.7,6.3,7.8));
#9580=CARTESIAN_POINT('',(-4.7,2.95,7.8));
#9581=CARTESIAN_POINT('',(-4.7,2.8,7.8));
#9582=CARTESIAN_POINT('',(-4.7,2.8,7.8));
#9583=CARTESIAN_POINT('',(-4.55,2.8,7.8));
#9584=CARTESIAN_POINT('',(-4.55,2.8,7.8));
#9585=CARTESIAN_POINT('',(-4.55,1.7,7.8));
#9586=CARTESIAN_POINT('',(-4.05,1.7,7.8));
#9587=CARTESIAN_POINT('',(-4.05,1.2,7.8));
#9588=CARTESIAN_POINT('',(-4.05,1.2,7.8));
#9589=CARTESIAN_POINT('',(4.05,1.2,7.8));
#9590=CARTESIAN_POINT('',(4.05,1.7,7.8));
#9591=CARTESIAN_POINT('',(4.55,1.7,7.8));
#9592=CARTESIAN_POINT('',(4.55,1.7,7.8));
#9593=CARTESIAN_POINT('',(4.55,2.8,7.8));
#9594=CARTESIAN_POINT('',(4.55,2.8,7.8));
#9595=CARTESIAN_POINT('',(4.7,2.8,7.8));
#9596=CARTESIAN_POINT('',(4.7,2.95,7.8));
#9597=CARTESIAN_POINT('',(4.7,3.1,7.8));
#9598=CARTESIAN_POINT('',(4.7,6.45,7.8));
#9599=CARTESIAN_POINT('',(4.7,6.6,7.8));
#9600=CARTESIAN_POINT('',(4.7,6.6,7.8));
#9601=CARTESIAN_POINT('',(4.55,6.6,7.8));
#9602=CARTESIAN_POINT('',(4.55,6.6,7.8));
#9603=CARTESIAN_POINT('',(4.55,7.6,7.8));
#9604=CARTESIAN_POINT('',(4.55,7.6,7.8));
#9605=CARTESIAN_POINT('',(2.6,9.6,7.8));
#9606=CARTESIAN_POINT('',(2.6,9.6,7.8));
#9607=CARTESIAN_POINT('',(-2.6,9.6,7.8));
#9608=CARTESIAN_POINT('',(-2.6,9.6,7.8));
#9609=CARTESIAN_POINT('',(-4.55,7.6,7.8));
#9610=CARTESIAN_POINT('',(-4.55,7.6,7.8));
#9611=CARTESIAN_POINT('',(-4.55,6.6,7.8));
#9612=CARTESIAN_POINT('',(-4.55,6.6,7.8));
#9613=CARTESIAN_POINT('',(0.,0.,-7.8));
#9614=CARTESIAN_POINT('',(6.05,0.4,7.48700000000001));
#9615=CARTESIAN_POINT('',(5.45,0.4,7.487));
#9616=CARTESIAN_POINT('',(5.45,0.4,7.487));
#9617=CARTESIAN_POINT('',(-5.45,0.4,7.487));
#9618=CARTESIAN_POINT('',(-5.45,0.4,7.487));
#9619=CARTESIAN_POINT('',(-5.45,0.4,7.69));
#9620=CARTESIAN_POINT('',(-2.748,0.4,6.737));
#9621=CARTESIAN_POINT('',(-2.748,0.4,6.737));
#9622=CARTESIAN_POINT('',(-1.05,0.4,6.737));
#9623=CARTESIAN_POINT('',(-1.05,0.4,6.737));
#9624=CARTESIAN_POINT('',(-1.05,0.4,7.69));
#9625=CARTESIAN_POINT('',(-0.199,0.4,5.79603798459114));
#9626=CARTESIAN_POINT('',(-0.199,0.4,5.79603798459114));
#9627=CARTESIAN_POINT('',(3.4477629085039E-14,0.4,5.22999999999994));
#9628=CARTESIAN_POINT('',(-0.33108733104707,0.4,5.73038103403319));
#9629=CARTESIAN_POINT('',(-0.25,0.4,5.237));
#9630=CARTESIAN_POINT('',(-0.75,0.4,5.237));
#9631=CARTESIAN_POINT('',(-0.75,0.4,-0.113));
#9632=CARTESIAN_POINT('',(-3.22,0.4,1.437));
#9633=CARTESIAN_POINT('',(-3.22,0.4,1.437));
#9634=CARTESIAN_POINT('',(-3.87,0.4,1.43699998333999));
#9635=CARTESIAN_POINT('',(-4.52,0.4,1.437));
#9636=CARTESIAN_POINT('',(-4.52,0.4,-0.113));
#9637=CARTESIAN_POINT('',(4.52,0.4,1.437));
#9638=CARTESIAN_POINT('',(4.52,0.4,1.437));
#9639=CARTESIAN_POINT('',(3.87,0.4,1.43699998333999));
#9640=CARTESIAN_POINT('',(3.22,0.4,1.437));
#9641=CARTESIAN_POINT('',(3.22,0.4,-0.113));
#9642=CARTESIAN_POINT('',(0.75,0.4,5.237));
#9643=CARTESIAN_POINT('',(0.75,0.4,5.237));
#9644=CARTESIAN_POINT('',(0.249999999999998,0.4,5.237));
#9645=CARTESIAN_POINT('',(0.331087331047051,0.4,5.7303810340332));
#9646=CARTESIAN_POINT('',(-2.09793120375945E-14,0.4,5.22999999999995));
#9647=CARTESIAN_POINT('',(0.199,0.4,5.79603798459113));
#9648=CARTESIAN_POINT('',(0.199,0.4,7.69));
#9649=CARTESIAN_POINT('',(2.748,0.4,7.69));
#9650=CARTESIAN_POINT('',(2.748,0.4,6.737));
#9651=CARTESIAN_POINT('',(2.748,0.4,6.737));
#9652=CARTESIAN_POINT('',(1.05,0.4,6.737));
#9653=CARTESIAN_POINT('',(1.05,0.4,6.737));
#9654=CARTESIAN_POINT('',(-4.7,2.95,7.8));
#9655=CARTESIAN_POINT('',(-4.7,2.8,7.8));
#9656=CARTESIAN_POINT('',(-4.7,2.8,7.8));
#9657=CARTESIAN_POINT('',(-4.55,2.8,7.8));
#9658=CARTESIAN_POINT('',(-4.55,2.8,7.8));
#9659=CARTESIAN_POINT('',(-4.55,1.7,7.8));
#9660=CARTESIAN_POINT('',(-4.05,1.7,7.8));
#9661=CARTESIAN_POINT('',(-4.05,1.2,7.8));
#9662=CARTESIAN_POINT('',(-4.05,1.2,7.8));
#9663=CARTESIAN_POINT('',(4.05,1.2,7.8));
#9664=CARTESIAN_POINT('',(4.05,1.7,7.8));
#9665=CARTESIAN_POINT('',(4.55,1.7,7.8));
#9666=CARTESIAN_POINT('',(4.55,1.7,7.8));
#9667=CARTESIAN_POINT('',(4.55,2.8,7.8));
#9668=CARTESIAN_POINT('',(4.55,2.8,7.8));
#9669=CARTESIAN_POINT('',(4.7,2.8,7.8));
#9670=CARTESIAN_POINT('',(4.7,2.95,7.8));
#9671=CARTESIAN_POINT('',(4.7,6.45,7.8));
#9672=CARTESIAN_POINT('',(4.7,6.6,7.8));
#9673=CARTESIAN_POINT('',(4.7,6.6,7.8));
#9674=CARTESIAN_POINT('',(4.55,6.6,7.8));
#9675=CARTESIAN_POINT('',(4.55,6.6,7.8));
#9676=CARTESIAN_POINT('',(4.55,7.6,7.8));
#9677=CARTESIAN_POINT('',(4.55,7.6,7.8));
#9678=CARTESIAN_POINT('',(2.6,9.6,7.8));
#9679=CARTESIAN_POINT('',(2.6,9.6,7.8));
#9680=CARTESIAN_POINT('',(-2.6,9.6,7.8));
#9681=CARTESIAN_POINT('',(-2.6,9.6,7.8));
#9682=CARTESIAN_POINT('',(-4.55,7.6,7.8));
#9683=CARTESIAN_POINT('',(-4.55,7.6,7.8));
#9684=CARTESIAN_POINT('',(-4.55,6.6,7.8));
#9685=CARTESIAN_POINT('',(-4.55,6.6,7.8));
#9686=CARTESIAN_POINT('',(-4.7,6.6,7.8));
#9687=CARTESIAN_POINT('',(-4.7,6.45,7.8));
#9688=CARTESIAN_POINT('',(-4.7,6.3,7.6));
#9689=CARTESIAN_POINT('',(-4.7,6.3,7.6));
#9690=CARTESIAN_POINT('',(4.7,6.3,7.60000000000001));
#9691=CARTESIAN_POINT('',(4.7,6.3,7.6));
#9692=CARTESIAN_POINT('',(4.7,4.0565045275151,3.1));
#9693=CARTESIAN_POINT('',(4.7,6.3,7.6));
#9694=CARTESIAN_POINT('',(4.7,4.0565045275151,3.1));
#9695=CARTESIAN_POINT('',(4.7,6.3,7.6));
#9696=CARTESIAN_POINT('',(6.05,2.3,-2.97));
#9697=CARTESIAN_POINT('',(6.05,3.7,-2.97));
#9698=CARTESIAN_POINT('',(6.05,2.3,-2.97));
#9699=CARTESIAN_POINT('',(6.05,2.3,-1.4));
#9700=CARTESIAN_POINT('',(6.05,2.3,-1.4));
#9701=CARTESIAN_POINT('',(6.05,3.7,-1.4));
#9702=CARTESIAN_POINT('',(6.05,3.7,-1.4));
#9703=CARTESIAN_POINT('',(6.05,3.7,-2.97));
#9704=CARTESIAN_POINT('',(6.05,3.7,-2.97));
#9705=CARTESIAN_POINT('',(6.05,3.7,-2.97));
#9706=CARTESIAN_POINT('',(6.05,3.7,-1.4));
#9707=CARTESIAN_POINT('',(6.05,3.7,-1.4));
#9708=CARTESIAN_POINT('',(6.05,2.3,-1.4));
#9709=CARTESIAN_POINT('',(6.05,2.3,-1.4));
#9710=CARTESIAN_POINT('',(6.05,2.3,-2.97));
#9711=CARTESIAN_POINT('',(6.05,2.3,-2.97));
#9712=CARTESIAN_POINT('',(6.05,4.6,-6.87));
#9713=CARTESIAN_POINT('',(6.05,6.2,-6.87));
#9714=CARTESIAN_POINT('',(6.05,4.6,-6.87));
#9715=CARTESIAN_POINT('',(6.05,4.6,-5.3));
#9716=CARTESIAN_POINT('',(6.05,4.6,-5.3));
#9717=CARTESIAN_POINT('',(6.05,6.2,-5.3));
#9718=CARTESIAN_POINT('',(6.05,6.2,-5.3));
#9719=CARTESIAN_POINT('',(6.05,6.2,-6.87));
#9720=CARTESIAN_POINT('',(6.05,6.2,-6.87));
#9721=CARTESIAN_POINT('',(6.05,6.2,-6.87));
#9722=CARTESIAN_POINT('',(6.05,6.2,-5.3));
#9723=CARTESIAN_POINT('',(6.05,6.2,-5.3));
#9724=CARTESIAN_POINT('',(6.05,4.6,-5.3));
#9725=CARTESIAN_POINT('',(6.05,4.6,-5.3));
#9726=CARTESIAN_POINT('',(6.05,4.6,-6.87));
#9727=CARTESIAN_POINT('',(6.05,4.6,-6.87));
#9728=CARTESIAN_POINT('',(6.05,7.25,-2.97));
#9729=CARTESIAN_POINT('',(6.05,8.65,-2.97));
#9730=CARTESIAN_POINT('',(6.05,7.25,-2.97));
#9731=CARTESIAN_POINT('',(6.05,7.25,-1.4));
#9732=CARTESIAN_POINT('',(6.05,7.25,-1.4));
#9733=CARTESIAN_POINT('',(6.05,8.65,-1.4));
#9734=CARTESIAN_POINT('',(6.05,8.65,-1.4));
#9735=CARTESIAN_POINT('',(6.05,8.65,-2.97));
#9736=CARTESIAN_POINT('',(6.05,8.65,-2.97));
#9737=CARTESIAN_POINT('',(6.05,8.65,-2.97));
#9738=CARTESIAN_POINT('',(6.05,8.65,-1.4));
#9739=CARTESIAN_POINT('',(6.05,8.65,-1.4));
#9740=CARTESIAN_POINT('',(6.05,7.25,-1.4));
#9741=CARTESIAN_POINT('',(6.05,7.25,-1.4));
#9742=CARTESIAN_POINT('',(6.05,7.25,-2.97));
#9743=CARTESIAN_POINT('',(6.05,7.25,-2.97));
#9744=CARTESIAN_POINT('',(0.,0.,0.));
#9745=CARTESIAN_POINT('',(5.65,10.3,7.8));
#9746=CARTESIAN_POINT('',(5.65,6.1,-5.93301270189223));
#9747=CARTESIAN_POINT('',(5.65,6.1,-5.93301270189223));
#9748=CARTESIAN_POINT('',(5.65,6.1,-5.29999999999999));
#9749=CARTESIAN_POINT('',(5.65,6.1,-5.93301270189223));
#9750=CARTESIAN_POINT('',(5.65,4.8,-5.93301270189223));
#9751=CARTESIAN_POINT('',(5.65,4.8,-5.93301270189223));
#9752=CARTESIAN_POINT('',(5.65,4.8,-5.3));
#9753=CARTESIAN_POINT('',(5.65,6.1,-5.29999999999999));
#9754=CARTESIAN_POINT('',(5.65,0.5,7.43301270189222));
#9755=CARTESIAN_POINT('',(5.65,0.5,-7.8));
#9756=CARTESIAN_POINT('',(5.65,0.5,7.8));
#9757=CARTESIAN_POINT('',(5.65,10.3,-7.8));
#9758=CARTESIAN_POINT('',(5.65,10.3,-7.8));
#9759=CARTESIAN_POINT('',(5.65,10.3,7.8));
#9760=CARTESIAN_POINT('',(5.65,10.3,7.8));
#9761=CARTESIAN_POINT('',(5.65,10.3,7.8));
#9762=CARTESIAN_POINT('',(5.65,3.7,-2.9));
#9763=CARTESIAN_POINT('',(5.65,3.7,-2.9));
#9764=CARTESIAN_POINT('',(5.65,3.7,-1.96698729810777));
#9765=CARTESIAN_POINT('',(5.65,3.7,-2.9));
#9766=CARTESIAN_POINT('',(5.65,2.4,-2.9));
#9767=CARTESIAN_POINT('',(5.65,2.4,-2.9));
#9768=CARTESIAN_POINT('',(5.65,2.4,-1.96698729810777));
#9769=CARTESIAN_POINT('',(5.65,3.7,-1.96698729810777));
#9770=CARTESIAN_POINT('',(5.65,8.65,-2.9));
#9771=CARTESIAN_POINT('',(5.65,8.65,-2.9));
#9772=CARTESIAN_POINT('',(5.65,8.65,-1.96698729810777));
#9773=CARTESIAN_POINT('',(5.65,8.65,-2.9));
#9774=CARTESIAN_POINT('',(5.65,7.35,-2.9));
#9775=CARTESIAN_POINT('',(5.65,7.35,-2.9));
#9776=CARTESIAN_POINT('',(5.65,7.35,-1.96698729810777));
#9777=CARTESIAN_POINT('',(5.65,8.65,-1.96698729810777));
#9778=CARTESIAN_POINT('',(-5.65,10.3,-7.8));
#9779=CARTESIAN_POINT('',(-5.65,3.7,-1.96698729810778));
#9780=CARTESIAN_POINT('',(-5.65,3.7,-1.96698729810778));
#9781=CARTESIAN_POINT('',(-5.65,3.7,-2.9));
#9782=CARTESIAN_POINT('',(-5.65,3.7,-1.96698729810778));
#9783=CARTESIAN_POINT('',(-5.65,2.4,-1.96698729810778));
#9784=CARTESIAN_POINT('',(-5.65,2.4,-1.96698729810778));
#9785=CARTESIAN_POINT('',(-5.65,2.4,-2.9));
#9786=CARTESIAN_POINT('',(-5.65,3.7,-2.9));
#9787=CARTESIAN_POINT('',(-5.65,10.3,-7.8));
#9788=CARTESIAN_POINT('',(-5.65,10.3,-7.8));
#9789=CARTESIAN_POINT('',(-5.65,0.5,-7.8));
#9790=CARTESIAN_POINT('',(-5.65,0.5,7.43301270189222));
#9791=CARTESIAN_POINT('',(-5.65,0.5,7.8));
#9792=CARTESIAN_POINT('',(-5.65,10.3,7.8));
#9793=CARTESIAN_POINT('',(-5.65,10.3,7.8));
#9794=CARTESIAN_POINT('',(-5.65,10.3,-7.8));
#9795=CARTESIAN_POINT('',(-5.65,6.1,-5.93301270189222));
#9796=CARTESIAN_POINT('',(-5.65,6.1,-5.93301270189222));
#9797=CARTESIAN_POINT('',(-5.65,4.8,-5.93301270189222));
#9798=CARTESIAN_POINT('',(-5.65,6.1,-5.3));
#9799=CARTESIAN_POINT('',(-5.65,6.1,-5.3));
#9800=CARTESIAN_POINT('',(-5.65,6.1,-5.3));
#9801=CARTESIAN_POINT('',(-5.65,4.8,-5.3));
#9802=CARTESIAN_POINT('',(-5.65,4.8,-5.3));
#9803=CARTESIAN_POINT('',(-5.65,8.65,-1.96698729810778));
#9804=CARTESIAN_POINT('',(-5.65,8.65,-1.96698729810778));
#9805=CARTESIAN_POINT('',(-5.65,8.65,-2.9));
#9806=CARTESIAN_POINT('',(-5.65,8.65,-1.96698729810778));
#9807=CARTESIAN_POINT('',(-5.65,7.35,-1.96698729810778));
#9808=CARTESIAN_POINT('',(-5.65,7.35,-1.96698729810778));
#9809=CARTESIAN_POINT('',(-5.65,7.35,-2.9));
#9810=CARTESIAN_POINT('',(-5.65,8.65,-2.9));
#9811=CARTESIAN_POINT('',(5.65,0.25,6.8));
#9812=CARTESIAN_POINT('',(5.65,0.25,7.));
#9813=CARTESIAN_POINT('',(-1.4,0.25,7.));
#9814=CARTESIAN_POINT('',(-2.4,0.25,7.));
#9815=CARTESIAN_POINT('',(-2.4,0.25,6.80000000000001));
#9816=CARTESIAN_POINT('',(-2.4,0.25,6.8));
#9817=CARTESIAN_POINT('',(5.65,0.25,6.8));
#9818=CARTESIAN_POINT('',(-1.4,0.25,6.8));
#9819=CARTESIAN_POINT('',(-1.4,0.25,6.8));
#9820=CARTESIAN_POINT('',(5.65,0.25,6.8));
#9821=CARTESIAN_POINT('',(5.65,0.25,7.));
#9822=CARTESIAN_POINT('',(2.4,0.25,7.));
#9823=CARTESIAN_POINT('',(1.4,0.25,7.));
#9824=CARTESIAN_POINT('',(1.4,0.25,6.8));
#9825=CARTESIAN_POINT('',(1.4,0.25,6.8));
#9826=CARTESIAN_POINT('',(5.65,0.25,6.8));
#9827=CARTESIAN_POINT('',(2.4,0.25,6.8));
#9828=CARTESIAN_POINT('',(2.4,0.25,6.8));
#9829=CARTESIAN_POINT('',(5.65,0.25,7.));
#9830=CARTESIAN_POINT('',(5.65,0.5,7.43301270189222));
#9831=CARTESIAN_POINT('',(-1.4,0.5,7.43301270189222));
#9832=CARTESIAN_POINT('',(-2.4,0.5,7.43301270189222));
#9833=CARTESIAN_POINT('',(-2.4,0.250000000000003,7.00000000000001));
#9834=CARTESIAN_POINT('',(-1.4,0.25,7.));
#9835=CARTESIAN_POINT('',(5.65,0.25,7.));
#9836=CARTESIAN_POINT('',(5.65,0.5,7.43301270189222));
#9837=CARTESIAN_POINT('',(2.4,0.5,7.43301270189222));
#9838=CARTESIAN_POINT('',(1.4,0.5,7.43301270189222));
#9839=CARTESIAN_POINT('',(1.4,0.25,7.));
#9840=CARTESIAN_POINT('',(2.4,0.25,7.));
#9841=CARTESIAN_POINT('',(-5.65,10.3,7.8));
#9842=CARTESIAN_POINT('',(-4.95,2.55,7.8));
#9843=CARTESIAN_POINT('',(-4.95,2.55,7.8));
#9844=CARTESIAN_POINT('',(-4.225,2.55,7.8));
#9845=CARTESIAN_POINT('',(-4.95,6.55,7.8));
#9846=CARTESIAN_POINT('',(-4.95,6.55,7.8));
#9847=CARTESIAN_POINT('',(-4.225,6.55,7.8));
#9848=CARTESIAN_POINT('',(-4.225,6.55,7.8));
#9849=CARTESIAN_POINT('',(-4.225,7.84,7.8));
#9850=CARTESIAN_POINT('',(-4.225,7.84,7.8));
#9851=CARTESIAN_POINT('',(-2.725,9.34,7.8));
#9852=CARTESIAN_POINT('',(-2.725,9.34,7.8));
#9853=CARTESIAN_POINT('',(2.725,9.34,7.8));
#9854=CARTESIAN_POINT('',(2.725,9.34,7.8));
#9855=CARTESIAN_POINT('',(4.225,7.84,7.8));
#9856=CARTESIAN_POINT('',(4.225,7.84,7.8));
#9857=CARTESIAN_POINT('',(4.225,6.55,7.8));
#9858=CARTESIAN_POINT('',(4.225,6.55,7.8));
#9859=CARTESIAN_POINT('',(4.95,6.55,7.8));
#9860=CARTESIAN_POINT('',(4.95,6.55,7.8));
#9861=CARTESIAN_POINT('',(4.95,2.55,7.8));
#9862=CARTESIAN_POINT('',(4.95,2.55,7.8));
#9863=CARTESIAN_POINT('',(4.225,2.55,7.8));
#9864=CARTESIAN_POINT('',(4.225,2.55,7.8));
#9865=CARTESIAN_POINT('',(4.225,1.56,7.8));
#9866=CARTESIAN_POINT('',(4.225,1.56,7.8));
#9867=CARTESIAN_POINT('',(-4.225,1.56,7.8));
#9868=CARTESIAN_POINT('',(-4.225,1.56,7.8));
#9869=CARTESIAN_POINT('',(-4.225,2.55,7.8));
#9870=CARTESIAN_POINT('',(5.65,0.5,7.8));
#9871=CARTESIAN_POINT('',(-5.65,10.3,7.8));
#9872=CARTESIAN_POINT('',(0.69,10.3,-7.566));
#9873=CARTESIAN_POINT('',(0.69,0.5,-7.566));
#9874=CARTESIAN_POINT('',(0.69,0.5,-7.566));
#9875=CARTESIAN_POINT('',(0.69,0.5,-4.4));
#9876=CARTESIAN_POINT('',(0.69,10.3,-7.566));
#9877=CARTESIAN_POINT('',(0.69,10.3,-7.566));
#9878=CARTESIAN_POINT('',(0.69,10.3,-7.566));
#9879=CARTESIAN_POINT('',(0.69,10.3,-4.4));
#9880=CARTESIAN_POINT('',(0.69,10.3,-4.4));
#9881=CARTESIAN_POINT('',(1.81,10.3,-7.566));
#9882=CARTESIAN_POINT('',(1.81,0.5,-7.566));
#9883=CARTESIAN_POINT('',(1.81,0.5,-7.566));
#9884=CARTESIAN_POINT('',(1.81,10.3,-7.566));
#9885=CARTESIAN_POINT('',(1.81,10.3,-7.566));
#9886=CARTESIAN_POINT('',(1.81,10.3,-7.566));
#9887=CARTESIAN_POINT('',(1.81,10.3,-4.4));
#9888=CARTESIAN_POINT('',(1.81,0.5,-4.4));
#9889=CARTESIAN_POINT('',(1.81,0.5,-4.4));
#9890=CARTESIAN_POINT('',(1.81,10.3,-4.4));
#9891=CARTESIAN_POINT('',(1.81,10.3,-4.4));
#9892=CARTESIAN_POINT('',(1.81,10.3,-4.4));
#9893=CARTESIAN_POINT('',(-1.81,10.3,-7.566));
#9894=CARTESIAN_POINT('',(-1.81,0.5,-7.566));
#9895=CARTESIAN_POINT('',(-1.81,0.5,-7.566));
#9896=CARTESIAN_POINT('',(-1.81,0.5,-4.4));
#9897=CARTESIAN_POINT('',(-1.81,10.3,-7.566));
#9898=CARTESIAN_POINT('',(-1.81,10.3,-7.566));
#9899=CARTESIAN_POINT('',(-1.81,10.3,-7.566));
#9900=CARTESIAN_POINT('',(-1.81,10.3,-4.4));
#9901=CARTESIAN_POINT('',(-1.81,10.3,-4.4));
#9902=CARTESIAN_POINT('',(-0.69,10.3,-7.566));
#9903=CARTESIAN_POINT('',(-0.69,0.5,-7.566));
#9904=CARTESIAN_POINT('',(-0.69,0.5,-7.566));
#9905=CARTESIAN_POINT('',(-0.69,10.3,-7.566));
#9906=CARTESIAN_POINT('',(-0.69,10.3,-7.566));
#9907=CARTESIAN_POINT('',(-0.69,10.3,-7.566));
#9908=CARTESIAN_POINT('',(-0.69,10.3,-4.4));
#9909=CARTESIAN_POINT('',(-0.69,0.5,-4.4));
#9910=CARTESIAN_POINT('',(-0.689999999999999,0.5,-4.4));
#9911=CARTESIAN_POINT('',(-0.69,10.3,-4.4));
#9912=CARTESIAN_POINT('',(-0.69,10.3,-4.4));
#9913=CARTESIAN_POINT('',(-0.69,10.3,-4.4));
#9914=CARTESIAN_POINT('',(0.69,10.3,-4.4));
#9915=CARTESIAN_POINT('',(0.69,0.5,-4.4));
#9916=CARTESIAN_POINT('',(0.69,10.3,-4.4));
#9917=CARTESIAN_POINT('',(-1.81,10.3,-4.4));
#9918=CARTESIAN_POINT('',(-1.81,0.5,-4.4));
#9919=CARTESIAN_POINT('',(-1.81,10.3,-4.4));
#9920=CARTESIAN_POINT('',(5.65,10.3,-7.8));
#9921=CARTESIAN_POINT('',(5.65,0.5,-7.8));
#9922=CARTESIAN_POINT('',(5.65,10.3,-7.8));
#9923=CARTESIAN_POINT('',(0.,10.3,0.));
#9924=CARTESIAN_POINT('',(5.65,0.5,7.43301270189222));
#9925=CARTESIAN_POINT('',(-2.4,0.5,7.8));
#9926=CARTESIAN_POINT('',(-2.4,0.5,6.8));
#9927=CARTESIAN_POINT('',(-1.4,0.5,6.8));
#9928=CARTESIAN_POINT('',(-1.4,0.5,6.8));
#9929=CARTESIAN_POINT('',(-2.4,0.5,6.8));
#9930=CARTESIAN_POINT('',(1.4,0.5,7.80000000000001));
#9931=CARTESIAN_POINT('',(1.4,0.5,6.8));
#9932=CARTESIAN_POINT('',(2.4,0.5,6.8));
#9933=CARTESIAN_POINT('',(2.4,0.5,6.8));
#9934=CARTESIAN_POINT('',(1.4,0.5,6.8));
#9935=CARTESIAN_POINT('',(-4.45,0.5,-7.7));
#9936=CARTESIAN_POINT('',(-4.45,0.5,-7.7));
#9937=CARTESIAN_POINT('',(-4.45,0.5,1.2));
#9938=CARTESIAN_POINT('',(-3.85,0.5,1.2));
#9939=CARTESIAN_POINT('',(-3.25,0.5,1.2));
#9940=CARTESIAN_POINT('',(-3.25,0.5,1.2));
#9941=CARTESIAN_POINT('',(-3.25,0.5,-7.7));
#9942=CARTESIAN_POINT('',(-3.25,0.5,-7.7));
#9943=CARTESIAN_POINT('',(-0.6,0.5,-7.7));
#9944=CARTESIAN_POINT('',(-0.6,0.5,-7.7));
#9945=CARTESIAN_POINT('',(-0.6,0.5,5.23));
#9946=CARTESIAN_POINT('',(-3.79470760369927E-16,0.5,5.23));
#9947=CARTESIAN_POINT('',(0.599999999999999,0.5,5.23));
#9948=CARTESIAN_POINT('',(0.6,0.5,5.23));
#9949=CARTESIAN_POINT('',(0.6,0.5,-7.7));
#9950=CARTESIAN_POINT('',(0.6,0.5,-7.7));
#9951=CARTESIAN_POINT('',(3.25,0.5,-7.7));
#9952=CARTESIAN_POINT('',(3.25,0.5,-7.7));
#9953=CARTESIAN_POINT('',(3.25,0.5,1.2));
#9954=CARTESIAN_POINT('',(3.85,0.5,1.2));
#9955=CARTESIAN_POINT('',(4.45,0.5,1.2));
#9956=CARTESIAN_POINT('',(4.45,0.5,1.2));
#9957=CARTESIAN_POINT('',(4.45,0.5,-7.7));
#9958=CARTESIAN_POINT('',(4.45,0.5,-7.7));
#9959=CARTESIAN_POINT('',(-2.4,0.5,7.8));
#9960=CARTESIAN_POINT('',(-2.4,0.5,6.8));
#9961=CARTESIAN_POINT('',(-2.4,0.5,6.8));
#9962=CARTESIAN_POINT('',(-1.4,0.5,6.8));
#9963=CARTESIAN_POINT('',(-1.4,0.5,6.8));
#9964=CARTESIAN_POINT('',(1.4,0.5,7.80000000000001));
#9965=CARTESIAN_POINT('',(1.4,0.5,6.8));
#9966=CARTESIAN_POINT('',(1.4,0.5,6.8));
#9967=CARTESIAN_POINT('',(2.4,0.5,6.8));
#9968=CARTESIAN_POINT('',(2.4,0.5,6.8));
#9969=CARTESIAN_POINT('',(3.25,0.5,-7.7));
#9970=CARTESIAN_POINT('',(3.25,-0.1,-7.7));
#9971=CARTESIAN_POINT('',(3.25,-0.1,-7.7));
#9972=CARTESIAN_POINT('',(3.25,-0.1,1.2));
#9973=CARTESIAN_POINT('',(3.25,0.5,1.2));
#9974=CARTESIAN_POINT('',(3.25,0.5,-7.7));
#9975=CARTESIAN_POINT('',(4.45,0.5,-7.7));
#9976=CARTESIAN_POINT('',(4.45,-0.1,-7.7));
#9977=CARTESIAN_POINT('',(4.45,-0.1,-7.7));
#9978=CARTESIAN_POINT('',(4.45,0.5,-7.7));
#9979=CARTESIAN_POINT('',(4.45,0.5,1.2));
#9980=CARTESIAN_POINT('',(4.45,-0.1,1.2));
#9981=CARTESIAN_POINT('',(4.45,-0.1,1.2));
#9982=CARTESIAN_POINT('',(4.45,0.5,1.2));
#9983=CARTESIAN_POINT('',(-0.6,0.5,-7.7));
#9984=CARTESIAN_POINT('',(-0.6,-0.1,-7.7));
#9985=CARTESIAN_POINT('',(-0.6,-0.1,-7.7));
#9986=CARTESIAN_POINT('',(-0.6,-0.1,5.23));
#9987=CARTESIAN_POINT('',(-0.6,0.5,5.23));
#9988=CARTESIAN_POINT('',(-0.6,0.5,-7.7));
#9989=CARTESIAN_POINT('',(0.6,0.5,-7.7));
#9990=CARTESIAN_POINT('',(0.6,-0.1,-7.7));
#9991=CARTESIAN_POINT('',(0.6,-0.1,-7.7));
#9992=CARTESIAN_POINT('',(0.6,0.5,-7.7));
#9993=CARTESIAN_POINT('',(0.6,0.5,5.23));
#9994=CARTESIAN_POINT('',(0.6,-0.1,5.23));
#9995=CARTESIAN_POINT('',(0.599999999999999,-0.1,5.23));
#9996=CARTESIAN_POINT('',(0.599999999999999,0.5,5.23));
#9997=CARTESIAN_POINT('',(-4.45,0.5,-7.7));
#9998=CARTESIAN_POINT('',(-4.45,-0.1,-7.7));
#9999=CARTESIAN_POINT('',(-4.45,-0.1,-7.7));
#10000=CARTESIAN_POINT('',(-4.45,-0.1,1.2));
#10001=CARTESIAN_POINT('',(-4.45,0.5,1.2));
#10002=CARTESIAN_POINT('',(-4.45,0.5,-7.7));
#10003=CARTESIAN_POINT('',(-3.25,0.5,-7.7));
#10004=CARTESIAN_POINT('',(-3.25,-0.1,-7.7));
#10005=CARTESIAN_POINT('',(-3.25,-0.1,-7.7));
#10006=CARTESIAN_POINT('',(-3.25,0.5,-7.7));
#10007=CARTESIAN_POINT('',(-3.25,0.5,1.2));
#10008=CARTESIAN_POINT('',(-3.25,-0.1,1.2));
#10009=CARTESIAN_POINT('',(-3.25,-0.1,1.2));
#10010=CARTESIAN_POINT('',(-3.25,0.5,1.2));
#10011=CARTESIAN_POINT('',(3.85,0.5,1.2));
#10012=CARTESIAN_POINT('',(3.85,-0.1,1.2));
#10013=CARTESIAN_POINT('',(-3.79470760369927E-16,0.5,5.23));
#10014=CARTESIAN_POINT('',(-3.79470760369927E-16,-0.1,5.23));
#10015=CARTESIAN_POINT('',(-3.85,0.5,1.2));
#10016=CARTESIAN_POINT('',(-3.85,-0.1,1.2));
#10017=CARTESIAN_POINT('',(0.,-0.1,0.));
#10018=CARTESIAN_POINT('',(0.,-0.1,0.));
#10019=CARTESIAN_POINT('',(0.,-0.1,0.));
#10020=CARTESIAN_POINT('',(-4.95,6.55,-1.));
#10021=CARTESIAN_POINT('',(-4.95,2.55,-1.));
#10022=CARTESIAN_POINT('',(-4.95,2.55,-1.));
#10023=CARTESIAN_POINT('',(-4.95,6.55,-1.));
#10024=CARTESIAN_POINT('',(-4.95,6.55,-1.));
#10025=CARTESIAN_POINT('',(-4.95,6.55,-1.));
#10026=CARTESIAN_POINT('',(-4.95,2.55,-1.));
#10027=CARTESIAN_POINT('',(-4.225,2.55,-1.));
#10028=CARTESIAN_POINT('',(-4.225,2.55,-1.));
#10029=CARTESIAN_POINT('',(-4.95,2.55,-1.));
#10030=CARTESIAN_POINT('',(-4.225,2.55,-1.));
#10031=CARTESIAN_POINT('',(-4.225,1.56,-1.));
#10032=CARTESIAN_POINT('',(-4.225,1.56,-1.));
#10033=CARTESIAN_POINT('',(-4.225,2.55,-1.));
#10034=CARTESIAN_POINT('',(-4.225,1.56,-1.));
#10035=CARTESIAN_POINT('',(4.225,1.56,-1.));
#10036=CARTESIAN_POINT('',(4.225,1.56,-1.));
#10037=CARTESIAN_POINT('',(-4.225,1.56,-1.));
#10038=CARTESIAN_POINT('',(4.225,1.56,-1.));
#10039=CARTESIAN_POINT('',(4.225,2.55,-1.));
#10040=CARTESIAN_POINT('',(4.225,2.55,-1.));
#10041=CARTESIAN_POINT('',(4.225,1.56,-1.));
#10042=CARTESIAN_POINT('',(4.225,2.55,-1.));
#10043=CARTESIAN_POINT('',(4.95,2.55,-1.));
#10044=CARTESIAN_POINT('',(4.95,2.55,-1.));
#10045=CARTESIAN_POINT('',(4.225,2.55,-1.));
#10046=CARTESIAN_POINT('',(4.95,2.55,-1.));
#10047=CARTESIAN_POINT('',(4.95,6.55,-1.));
#10048=CARTESIAN_POINT('',(4.95,6.55,-1.));
#10049=CARTESIAN_POINT('',(4.95,2.55,-1.));
#10050=CARTESIAN_POINT('',(4.95,6.55,-1.));
#10051=CARTESIAN_POINT('',(4.225,6.55,-1.));
#10052=CARTESIAN_POINT('',(4.225,6.55,-1.));
#10053=CARTESIAN_POINT('',(4.95,6.55,-1.));
#10054=CARTESIAN_POINT('',(4.225,6.55,-1.));
#10055=CARTESIAN_POINT('',(4.225,7.84,-1.));
#10056=CARTESIAN_POINT('',(4.225,7.84,-1.));
#10057=CARTESIAN_POINT('',(4.225,6.55,-1.));
#10058=CARTESIAN_POINT('',(4.225,7.84,-1.));
#10059=CARTESIAN_POINT('',(2.725,9.34,-1.));
#10060=CARTESIAN_POINT('',(2.725,9.34,-1.));
#10061=CARTESIAN_POINT('',(4.225,7.84,-1.));
#10062=CARTESIAN_POINT('',(2.725,9.34,-1.));
#10063=CARTESIAN_POINT('',(-2.725,9.34,-1.));
#10064=CARTESIAN_POINT('',(-2.725,9.34,-1.));
#10065=CARTESIAN_POINT('',(2.725,9.34,-1.));
#10066=CARTESIAN_POINT('',(-2.725,9.34,-1.));
#10067=CARTESIAN_POINT('',(-4.225,7.84,-1.));
#10068=CARTESIAN_POINT('',(-4.225,7.84,-1.));
#10069=CARTESIAN_POINT('',(-2.725,9.34,-1.));
#10070=CARTESIAN_POINT('',(-4.225,7.84,-1.));
#10071=CARTESIAN_POINT('',(-4.225,6.55,-1.));
#10072=CARTESIAN_POINT('',(-4.225,6.55,-1.));
#10073=CARTESIAN_POINT('',(-4.225,7.84,-1.));
#10074=CARTESIAN_POINT('',(2.8,7.09,-1.));
#10075=CARTESIAN_POINT('',(2.8,7.09,7.8));
#10076=CARTESIAN_POINT('',(2.8,7.09,7.8));
#10077=CARTESIAN_POINT('',(-2.8,7.09,7.8));
#10078=CARTESIAN_POINT('',(2.8,7.09,-1.));
#10079=CARTESIAN_POINT('',(2.8,7.09,-1.));
#10080=CARTESIAN_POINT('',(2.8,7.09,-1.));
#10081=CARTESIAN_POINT('',(-2.8,7.09,-1.));
#10082=CARTESIAN_POINT('',(-2.8,7.09,-1.));
#10083=CARTESIAN_POINT('',(2.8,3.91,-1.));
#10084=CARTESIAN_POINT('',(2.8,3.91,7.8));
#10085=CARTESIAN_POINT('',(2.8,3.91,7.8));
#10086=CARTESIAN_POINT('',(2.8,3.91,-1.));
#10087=CARTESIAN_POINT('',(2.8,3.91,-1.));
#10088=CARTESIAN_POINT('',(2.8,3.91,-1.));
#10089=CARTESIAN_POINT('',(-2.8,3.91,-1.));
#10090=CARTESIAN_POINT('',(-2.8,3.91,7.8));
#10091=CARTESIAN_POINT('',(-2.8,3.91,7.8));
#10092=CARTESIAN_POINT('',(-2.8,3.91,-1.));
#10093=CARTESIAN_POINT('',(-2.8,3.91,-1.));
#10094=CARTESIAN_POINT('',(-2.8,3.91,-1.));
#10095=CARTESIAN_POINT('',(-2.8,7.09,-1.));
#10096=CARTESIAN_POINT('',(-2.8,7.09,7.8));
#10097=CARTESIAN_POINT('',(-2.8,7.09,-1.));
#10098=CARTESIAN_POINT('',(-4.225,6.55,-1.));
#10099=CARTESIAN_POINT('',(-4.225,6.55,-1.));
#10100=CARTESIAN_POINT('',(0.,0.,-1.));
#10101=CARTESIAN_POINT('',(-5.65,10.3,7.8));
#10102=CARTESIAN_POINT('',(-5.9,3.7,-2.9));
#10103=CARTESIAN_POINT('',(-5.9,2.4,-2.9));
#10104=CARTESIAN_POINT('',(-5.9,2.4,-2.9));
#10105=CARTESIAN_POINT('',(-5.9,2.4,-2.4));
#10106=CARTESIAN_POINT('',(-5.9,3.7,-2.4));
#10107=CARTESIAN_POINT('',(-5.9,3.7,-2.4));
#10108=CARTESIAN_POINT('',(-5.9,3.7,-2.9));
#10109=CARTESIAN_POINT('',(-5.9,3.7,-2.9));
#10110=CARTESIAN_POINT('',(-5.9,3.7,-2.9));
#10111=CARTESIAN_POINT('',(-5.9,3.7,-2.4));
#10112=CARTESIAN_POINT('',(-5.9,2.4,-2.4));
#10113=CARTESIAN_POINT('',(-5.9,3.7,-2.4));
#10114=CARTESIAN_POINT('',(-5.65,3.7,-2.9));
#10115=CARTESIAN_POINT('',(-5.65,2.4,-2.9));
#10116=CARTESIAN_POINT('',(-5.65,3.7,-2.9));
#10117=CARTESIAN_POINT('',(0.,3.7,0.));
#10118=CARTESIAN_POINT('',(0.,2.4,0.));
#10119=CARTESIAN_POINT('',(5.65,3.7,-1.96698729810777));
#10120=CARTESIAN_POINT('',(5.65,2.4,-1.96698729810777));
#10121=CARTESIAN_POINT('',(5.9,2.4,-2.4));
#10122=CARTESIAN_POINT('',(5.9,3.7,-2.4));
#10123=CARTESIAN_POINT('',(5.9,3.7,-2.4));
#10124=CARTESIAN_POINT('',(5.65,3.7,-1.96698729810777));
#10125=CARTESIAN_POINT('',(5.9,3.7,-2.4));
#10126=CARTESIAN_POINT('',(5.9,2.4,-2.4));
#10127=CARTESIAN_POINT('',(5.9,2.4,-2.9));
#10128=CARTESIAN_POINT('',(5.9,3.7,-2.9));
#10129=CARTESIAN_POINT('',(5.9,3.7,-2.9));
#10130=CARTESIAN_POINT('',(5.9,3.7,-2.4));
#10131=CARTESIAN_POINT('',(5.9,3.7,-2.9));
#10132=CARTESIAN_POINT('',(5.9,2.4,-2.9));
#10133=CARTESIAN_POINT('',(5.9,3.7,-2.9));
#10134=CARTESIAN_POINT('',(0.,3.7,0.));
#10135=CARTESIAN_POINT('',(0.,2.4,0.));
#10136=CARTESIAN_POINT('',(-5.65,6.1,-5.93301270189222));
#10137=CARTESIAN_POINT('',(-5.65,4.8,-5.93301270189222));
#10138=CARTESIAN_POINT('',(-5.9,4.8,-5.5));
#10139=CARTESIAN_POINT('',(-5.9,6.1,-5.5));
#10140=CARTESIAN_POINT('',(-5.9,6.1,-5.5));
#10141=CARTESIAN_POINT('',(-5.65,6.1,-5.93301270189222));
#10142=CARTESIAN_POINT('',(-5.9,6.1,-5.5));
#10143=CARTESIAN_POINT('',(-5.9,4.8,-5.5));
#10144=CARTESIAN_POINT('',(-5.9,4.8,-5.3));
#10145=CARTESIAN_POINT('',(-5.9,6.1,-5.3));
#10146=CARTESIAN_POINT('',(-5.9,6.1,-5.3));
#10147=CARTESIAN_POINT('',(-5.9,6.1,-5.5));
#10148=CARTESIAN_POINT('',(-5.9,6.1,-5.3));
#10149=CARTESIAN_POINT('',(-5.9,4.8,-5.3));
#10150=CARTESIAN_POINT('',(-5.9,6.1,-5.3));
#10151=CARTESIAN_POINT('',(0.,6.1,0.));
#10152=CARTESIAN_POINT('',(0.,4.8,0.));
#10153=CARTESIAN_POINT('',(5.9,6.1,-5.5));
#10154=CARTESIAN_POINT('',(5.9,4.8,-5.5));
#10155=CARTESIAN_POINT('',(5.9,4.8,-5.5));
#10156=CARTESIAN_POINT('',(5.9,6.1,-5.5));
#10157=CARTESIAN_POINT('',(5.9,6.1,-5.5));
#10158=CARTESIAN_POINT('',(5.9,6.1,-5.5));
#10159=CARTESIAN_POINT('',(5.65,6.1,-5.29999999999999));
#10160=CARTESIAN_POINT('',(5.65,4.8,-5.29999999999999));
#10161=CARTESIAN_POINT('',(5.9,4.8,-5.29999999999999));
#10162=CARTESIAN_POINT('',(5.9,6.1,-5.29999999999999));
#10163=CARTESIAN_POINT('',(5.9,6.1,-5.29999999999999));
#10164=CARTESIAN_POINT('',(5.65,6.1,-5.29999999999999));
#10165=CARTESIAN_POINT('',(5.9,6.1,-5.29999999999999));
#10166=CARTESIAN_POINT('',(5.9,4.8,-5.29999999999999));
#10167=CARTESIAN_POINT('',(5.9,6.1,-5.29999999999999));
#10168=CARTESIAN_POINT('',(0.,6.1,0.));
#10169=CARTESIAN_POINT('',(0.,4.8,0.));
#10170=CARTESIAN_POINT('',(-5.9,8.65,-2.9));
#10171=CARTESIAN_POINT('',(-5.9,7.35,-2.9));
#10172=CARTESIAN_POINT('',(-5.9,7.35,-2.9));
#10173=CARTESIAN_POINT('',(-5.9,7.35,-2.4));
#10174=CARTESIAN_POINT('',(-5.9,8.65,-2.4));
#10175=CARTESIAN_POINT('',(-5.9,8.65,-2.4));
#10176=CARTESIAN_POINT('',(-5.9,8.65,-2.9));
#10177=CARTESIAN_POINT('',(-5.9,8.65,-2.9));
#10178=CARTESIAN_POINT('',(-5.9,8.65,-2.9));
#10179=CARTESIAN_POINT('',(-5.9,8.65,-2.4));
#10180=CARTESIAN_POINT('',(-5.9,7.35,-2.4));
#10181=CARTESIAN_POINT('',(-5.9,8.65,-2.4));
#10182=CARTESIAN_POINT('',(-5.65,8.65,-2.9));
#10183=CARTESIAN_POINT('',(-5.65,7.35,-2.9));
#10184=CARTESIAN_POINT('',(-5.65,8.65,-2.9));
#10185=CARTESIAN_POINT('',(0.,8.65,0.));
#10186=CARTESIAN_POINT('',(0.,7.35,0.));
#10187=CARTESIAN_POINT('',(5.65,8.65,-1.96698729810777));
#10188=CARTESIAN_POINT('',(5.65,7.35,-1.96698729810777));
#10189=CARTESIAN_POINT('',(5.9,7.35,-2.4));
#10190=CARTESIAN_POINT('',(5.9,8.65,-2.4));
#10191=CARTESIAN_POINT('',(5.9,8.65,-2.4));
#10192=CARTESIAN_POINT('',(5.65,8.65,-1.96698729810777));
#10193=CARTESIAN_POINT('',(5.9,8.65,-2.4));
#10194=CARTESIAN_POINT('',(5.9,7.35,-2.4));
#10195=CARTESIAN_POINT('',(5.9,7.35,-2.9));
#10196=CARTESIAN_POINT('',(5.9,8.65,-2.9));
#10197=CARTESIAN_POINT('',(5.9,8.65,-2.9));
#10198=CARTESIAN_POINT('',(5.9,8.65,-2.4));
#10199=CARTESIAN_POINT('',(5.9,8.65,-2.9));
#10200=CARTESIAN_POINT('',(5.9,7.35,-2.9));
#10201=CARTESIAN_POINT('',(5.9,8.65,-2.9));
#10202=CARTESIAN_POINT('',(0.,8.65,0.));
#10203=CARTESIAN_POINT('',(0.,7.35,0.));
#10204=CARTESIAN_POINT('',(0.,0.,0.));
#10205=CARTESIAN_POINT('',(1.75,4.973,-0.245000000000001));
#10206=CARTESIAN_POINT('',(0.75,4.973,-0.245000000000001));
#10207=CARTESIAN_POINT('',(0.75,4.973,-1.4));
#10208=CARTESIAN_POINT('',(0.75,4.973,-0.245000000000001));
#10209=CARTESIAN_POINT('',(1.75,4.973,-1.4));
#10210=CARTESIAN_POINT('',(-0.75,4.973,-1.4));
#10211=CARTESIAN_POINT('',(-0.75,4.973,-0.245000000000001));
#10212=CARTESIAN_POINT('',(-0.75,4.973,-0.245000000000001));
#10213=CARTESIAN_POINT('',(1.75,4.973,-0.245000000000001));
#10214=CARTESIAN_POINT('',(-1.75,4.973,-0.245000000000001));
#10215=CARTESIAN_POINT('',(-1.75,4.973,-0.245000000000001));
#10216=CARTESIAN_POINT('',(-1.75,4.973,-4.4));
#10217=CARTESIAN_POINT('',(1.75,4.973,-4.4));
#10218=CARTESIAN_POINT('',(-1.55,4.973,-4.4));
#10219=CARTESIAN_POINT('',(-1.55,4.973,-0.245000000000001));
#10220=CARTESIAN_POINT('',(-1.55,4.973,-4.675));
#10221=CARTESIAN_POINT('',(1.75,4.973,-4.675));
#10222=CARTESIAN_POINT('',(-0.95,4.973,-4.675));
#10223=CARTESIAN_POINT('',(-0.95,4.973,-0.245000000000001));
#10224=CARTESIAN_POINT('',(-0.95,4.973,-4.4));
#10225=CARTESIAN_POINT('',(1.75,4.973,-4.4));
#10226=CARTESIAN_POINT('',(0.95,4.973,-4.4));
#10227=CARTESIAN_POINT('',(0.95,4.973,-0.245000000000001));
#10228=CARTESIAN_POINT('',(0.95,4.973,-4.675));
#10229=CARTESIAN_POINT('',(1.75,4.973,-4.675));
#10230=CARTESIAN_POINT('',(1.55,4.973,-4.675));
#10231=CARTESIAN_POINT('',(1.55,4.973,-0.245000000000001));
#10232=CARTESIAN_POINT('',(1.55,4.973,-4.4));
#10233=CARTESIAN_POINT('',(1.75,4.973,-4.4));
#10234=CARTESIAN_POINT('',(1.75,4.973,-4.4));
#10235=CARTESIAN_POINT('',(1.75,4.973,-0.245000000000001));
#10236=CARTESIAN_POINT('',(1.75,4.973,-0.245000000000001));
#10237=CARTESIAN_POINT('',(1.75,4.973,-0.245000000000001));
#10238=CARTESIAN_POINT('',(1.75,5.9714,-6.675));
#10239=CARTESIAN_POINT('',(0.75,5.9714,-6.675));
#10240=CARTESIAN_POINT('',(0.75,5.9714,-0.245000000000002));
#10241=CARTESIAN_POINT('',(0.75,5.9714,-1.4));
#10242=CARTESIAN_POINT('',(1.75,5.9714,-0.245000000000002));
#10243=CARTESIAN_POINT('',(1.75,5.9714,-0.245000000000002));
#10244=CARTESIAN_POINT('',(1.75,5.9714,-6.675));
#10245=CARTESIAN_POINT('',(1.75,5.9714,-4.4));
#10246=CARTESIAN_POINT('',(6.75,5.9714,-4.4));
#10247=CARTESIAN_POINT('',(1.55,5.9714,-4.4));
#10248=CARTESIAN_POINT('',(1.55,5.9714,-4.4));
#10249=CARTESIAN_POINT('',(1.55,5.9714,-6.675));
#10250=CARTESIAN_POINT('',(1.75,5.9714,-6.675));
#10251=CARTESIAN_POINT('',(0.95,5.9714,-6.675));
#10252=CARTESIAN_POINT('',(0.95,5.9714,-4.4));
#10253=CARTESIAN_POINT('',(0.95,5.9714,-4.4));
#10254=CARTESIAN_POINT('',(0.95,5.9714,-4.4));
#10255=CARTESIAN_POINT('',(-0.95,5.9714,-4.4));
#10256=CARTESIAN_POINT('',(-0.95,5.9714,-4.4));
#10257=CARTESIAN_POINT('',(-0.95,5.9714,-6.675));
#10258=CARTESIAN_POINT('',(1.75,5.9714,-6.675));
#10259=CARTESIAN_POINT('',(-1.55,5.9714,-6.675));
#10260=CARTESIAN_POINT('',(-1.55,5.9714,-4.4));
#10261=CARTESIAN_POINT('',(-1.55,5.9714,-4.4));
#10262=CARTESIAN_POINT('',(-1.55,5.9714,-4.4));
#10263=CARTESIAN_POINT('',(-1.75,5.9714,-4.4));
#10264=CARTESIAN_POINT('',(-1.75,5.9714,-6.675));
#10265=CARTESIAN_POINT('',(-1.75,5.9714,-0.245000000000002));
#10266=CARTESIAN_POINT('',(1.75,5.9714,-0.245000000000002));
#10267=CARTESIAN_POINT('',(-0.75,5.9714,-0.245000000000002));
#10268=CARTESIAN_POINT('',(-0.75,5.9714,-6.675));
#10269=CARTESIAN_POINT('',(-0.75,5.9714,-1.4));
#10270=CARTESIAN_POINT('',(1.75,5.9714,-1.4));
#10271=CARTESIAN_POINT('',(1.75,6.83,5.83));
#10272=CARTESIAN_POINT('',(0.75,6.83,5.83));
#10273=CARTESIAN_POINT('',(0.75,6.83,6.83));
#10274=CARTESIAN_POINT('',(0.75,6.83,5.83));
#10275=CARTESIAN_POINT('',(1.75,6.83,6.83));
#10276=CARTESIAN_POINT('',(1.75,6.83,6.83));
#10277=CARTESIAN_POINT('',(1.75,6.83,5.83));
#10278=CARTESIAN_POINT('',(1.75,6.83,5.83));
#10279=CARTESIAN_POINT('',(1.75,6.83,5.83));
#10280=CARTESIAN_POINT('',(1.75,6.83,5.83));
#10281=CARTESIAN_POINT('',(-0.75,6.83,5.83));
#10282=CARTESIAN_POINT('',(-0.75,6.83,5.83));
#10283=CARTESIAN_POINT('',(-0.75,6.83,6.83));
#10284=CARTESIAN_POINT('',(1.75,6.83,5.83));
#10285=CARTESIAN_POINT('',(-1.75,6.83,5.83));
#10286=CARTESIAN_POINT('',(-1.75,6.83,5.83));
#10287=CARTESIAN_POINT('',(-1.75,6.83,6.83));
#10288=CARTESIAN_POINT('',(1.75,6.83,6.83));
#10289=CARTESIAN_POINT('',(1.75,6.83,6.83));
#10290=CARTESIAN_POINT('',(0.75,6.83,6.83));
#10291=CARTESIAN_POINT('',(0.75,6.58,6.83));
#10292=CARTESIAN_POINT('',(1.75,6.58,6.83));
#10293=CARTESIAN_POINT('',(1.75,6.58,6.83));
#10294=CARTESIAN_POINT('',(1.75,6.83,6.83));
#10295=CARTESIAN_POINT('',(1.75,6.83,6.83));
#10296=CARTESIAN_POINT('',(-0.75,6.83,6.83));
#10297=CARTESIAN_POINT('',(-0.75,6.58,6.83));
#10298=CARTESIAN_POINT('',(-1.75,6.83,6.83));
#10299=CARTESIAN_POINT('',(-1.75,6.58,6.83));
#10300=CARTESIAN_POINT('',(1.75,6.58,6.83));
#10301=CARTESIAN_POINT('',(1.75,6.58,6.83));
#10302=CARTESIAN_POINT('',(0.75,6.58,6.83));
#10303=CARTESIAN_POINT('',(0.75,6.58,5.83));
#10304=CARTESIAN_POINT('',(1.75,6.58,5.83));
#10305=CARTESIAN_POINT('',(1.75,6.58,5.83));
#10306=CARTESIAN_POINT('',(1.75,6.58,6.83));
#10307=CARTESIAN_POINT('',(1.75,6.58,6.83));
#10308=CARTESIAN_POINT('',(-0.75,6.58,6.83));
#10309=CARTESIAN_POINT('',(-0.75,6.58,5.83));
#10310=CARTESIAN_POINT('',(-1.75,6.58,6.83));
#10311=CARTESIAN_POINT('',(-1.75,6.58,5.83));
#10312=CARTESIAN_POINT('',(1.75,6.58,5.83));
#10313=CARTESIAN_POINT('',(1.75,6.58,5.83));
#10314=CARTESIAN_POINT('',(0.75,6.58,5.83));
#10315=CARTESIAN_POINT('',(0.75,7.39682817214264,4.36327175755217));
#10316=CARTESIAN_POINT('',(1.75,7.39682817214264,4.36327175755216));
#10317=CARTESIAN_POINT('',(1.75,7.39682817214264,4.36327175755216));
#10318=CARTESIAN_POINT('',(1.75,6.58,5.83));
#10319=CARTESIAN_POINT('',(1.75,6.58,5.83));
#10320=CARTESIAN_POINT('',(-0.75,6.58,5.83));
#10321=CARTESIAN_POINT('',(-0.75,7.39682817214264,4.36327175755217));
#10322=CARTESIAN_POINT('',(-1.75,6.58,5.83));
#10323=CARTESIAN_POINT('',(-1.75,7.39682817214264,4.36327175755216));
#10324=CARTESIAN_POINT('',(1.75,7.39682817214264,4.36327175755216));
#10325=CARTESIAN_POINT('',(1.75,6.96,4.12));
#10326=CARTESIAN_POINT('',(0.75,6.96,4.12));
#10327=CARTESIAN_POINT('',(0.75,7.42303960853165,3.93133542746224));
#10328=CARTESIAN_POINT('',(1.75,7.42303960853165,3.93133542746224));
#10329=CARTESIAN_POINT('',(1.75,7.42303960853165,3.93133542746224));
#10330=CARTESIAN_POINT('',(1.75,6.96,4.12));
#10331=CARTESIAN_POINT('',(1.75,6.96,4.12));
#10332=CARTESIAN_POINT('',(1.75,7.42303960853165,3.93133542746224));
#10333=CARTESIAN_POINT('',(-0.75,7.42303960853165,3.93133542746224));
#10334=CARTESIAN_POINT('',(-1.75,7.42303960853165,3.93133542746224));
#10335=CARTESIAN_POINT('',(-0.75,6.96,4.12));
#10336=CARTESIAN_POINT('',(-1.75,6.96,4.12));
#10337=CARTESIAN_POINT('',(1.75,7.42303960853165,3.93133542746224));
#10338=CARTESIAN_POINT('',(0.75,7.42303960853165,3.93133542746224));
#10339=CARTESIAN_POINT('',(0.75,5.7214,-0.245000000000001));
#10340=CARTESIAN_POINT('',(1.75,5.7214,-0.245000000000001));
#10341=CARTESIAN_POINT('',(1.75,5.7214,-0.245000000000001));
#10342=CARTESIAN_POINT('',(1.75,7.42303960853165,3.93133542746224));
#10343=CARTESIAN_POINT('',(1.75,7.42303960853165,3.93133542746224));
#10344=CARTESIAN_POINT('',(-0.75,7.42303960853165,3.93133542746224));
#10345=CARTESIAN_POINT('',(-0.75,5.7214,-0.245000000000001));
#10346=CARTESIAN_POINT('',(-1.75,7.42303960853165,3.93133542746224));
#10347=CARTESIAN_POINT('',(-1.75,5.7214,-0.245000000000001));
#10348=CARTESIAN_POINT('',(1.75,5.7214,-0.245000000000001));
#10349=CARTESIAN_POINT('',(1.75,5.7214,-0.245000000000001));
#10350=CARTESIAN_POINT('',(0.75,5.7214,-0.245000000000001));
#10351=CARTESIAN_POINT('',(0.75,5.7214,-1.4));
#10352=CARTESIAN_POINT('',(1.75,5.7214,-1.4));
#10353=CARTESIAN_POINT('',(-0.75,5.7214,-1.4));
#10354=CARTESIAN_POINT('',(-0.75,5.7214,-0.245000000000001));
#10355=CARTESIAN_POINT('',(-1.75,5.7214,-0.245000000000001));
#10356=CARTESIAN_POINT('',(-1.75,5.7214,-3.175));
#10357=CARTESIAN_POINT('',(1.75,5.7214,-3.175));
#10358=CARTESIAN_POINT('',(1.75,5.7214,-3.175));
#10359=CARTESIAN_POINT('',(1.75,5.7214,-0.245000000000001));
#10360=CARTESIAN_POINT('',(1.75,5.223,-3.175));
#10361=CARTESIAN_POINT('',(0.75,5.223,-3.175));
#10362=CARTESIAN_POINT('',(0.75,5.223,-0.245000000000001));
#10363=CARTESIAN_POINT('',(0.75,5.223,-1.4));
#10364=CARTESIAN_POINT('',(1.75,5.223,-0.245000000000001));
#10365=CARTESIAN_POINT('',(1.75,5.223,-0.245000000000001));
#10366=CARTESIAN_POINT('',(1.75,5.223,-3.175));
#10367=CARTESIAN_POINT('',(1.75,5.223,-3.175));
#10368=CARTESIAN_POINT('',(1.75,5.223,-3.175));
#10369=CARTESIAN_POINT('',(-1.75,5.223,-3.175));
#10370=CARTESIAN_POINT('',(-1.75,5.223,-3.175));
#10371=CARTESIAN_POINT('',(-1.75,5.223,-0.245000000000001));
#10372=CARTESIAN_POINT('',(1.75,5.223,-0.245000000000001));
#10373=CARTESIAN_POINT('',(-0.75,5.223,-0.245000000000001));
#10374=CARTESIAN_POINT('',(-0.75,5.223,-3.175));
#10375=CARTESIAN_POINT('',(-0.75,5.223,-1.4));
#10376=CARTESIAN_POINT('',(1.75,5.223,-1.4));
#10377=CARTESIAN_POINT('',(1.75,5.223,-0.245000000000001));
#10378=CARTESIAN_POINT('',(0.75,5.223,-0.245000000000001));
#10379=CARTESIAN_POINT('',(0.75,3.57482816788629,3.93665560655429));
#10380=CARTESIAN_POINT('',(1.75,3.57482816788629,3.93665560655429));
#10381=CARTESIAN_POINT('',(1.75,3.57482816788629,3.93665560655429));
#10382=CARTESIAN_POINT('',(1.75,5.223,-0.245000000000001));
#10383=CARTESIAN_POINT('',(1.75,5.223,-0.245000000000001));
#10384=CARTESIAN_POINT('',(-0.75,5.223,-0.245000000000001));
#10385=CARTESIAN_POINT('',(-0.75,3.57482816788629,3.93665560655429));
#10386=CARTESIAN_POINT('',(-1.75,5.223,-0.245000000000001));
#10387=CARTESIAN_POINT('',(-1.75,3.57482816788629,3.93665560655429));
#10388=CARTESIAN_POINT('',(1.75,3.57482816788629,3.93665560655429));
#10389=CARTESIAN_POINT('',(1.75,4.04,4.12));
#10390=CARTESIAN_POINT('',(0.75,4.04,4.12));
#10391=CARTESIAN_POINT('',(0.75,3.60317182785736,4.36327175755216));
#10392=CARTESIAN_POINT('',(1.75,3.60317182785736,4.36327175755216));
#10393=CARTESIAN_POINT('',(1.75,3.60317182785736,4.36327175755216));
#10394=CARTESIAN_POINT('',(1.75,4.04,4.12));
#10395=CARTESIAN_POINT('',(1.75,4.04,4.12));
#10396=CARTESIAN_POINT('',(1.75,3.60317182785736,4.36327175755216));
#10397=CARTESIAN_POINT('',(-0.75,3.60317182785736,4.36327175755216));
#10398=CARTESIAN_POINT('',(-1.75,3.60317182785736,4.36327175755216));
#10399=CARTESIAN_POINT('',(-0.75,4.04,4.12));
#10400=CARTESIAN_POINT('',(-1.75,4.04,4.12));
#10401=CARTESIAN_POINT('',(1.75,3.60317182785736,4.36327175755217));
#10402=CARTESIAN_POINT('',(0.75,3.60317182785736,4.36327175755217));
#10403=CARTESIAN_POINT('',(0.75,4.42,5.83));
#10404=CARTESIAN_POINT('',(1.75,4.42,5.83));
#10405=CARTESIAN_POINT('',(1.75,4.42,5.83));
#10406=CARTESIAN_POINT('',(1.75,3.60317182785736,4.36327175755217));
#10407=CARTESIAN_POINT('',(1.75,3.60317182785736,4.36327175755217));
#10408=CARTESIAN_POINT('',(-0.75,3.60317182785736,4.36327175755217));
#10409=CARTESIAN_POINT('',(-0.75,4.42,5.83));
#10410=CARTESIAN_POINT('',(-1.75,3.60317182785736,4.36327175755217));
#10411=CARTESIAN_POINT('',(-1.75,4.42,5.83));
#10412=CARTESIAN_POINT('',(1.75,4.42,5.83));
#10413=CARTESIAN_POINT('',(1.75,4.42,5.83));
#10414=CARTESIAN_POINT('',(0.75,4.42,5.83));
#10415=CARTESIAN_POINT('',(0.75,4.42,6.83));
#10416=CARTESIAN_POINT('',(1.75,4.42,6.83));
#10417=CARTESIAN_POINT('',(1.75,4.42,6.83));
#10418=CARTESIAN_POINT('',(1.75,4.42,5.83));
#10419=CARTESIAN_POINT('',(1.75,4.42,5.83));
#10420=CARTESIAN_POINT('',(-0.75,4.42,5.83));
#10421=CARTESIAN_POINT('',(-0.75,4.42,6.83));
#10422=CARTESIAN_POINT('',(-1.75,4.42,5.83));
#10423=CARTESIAN_POINT('',(-1.75,4.42,6.83));
#10424=CARTESIAN_POINT('',(1.75,4.42,6.83));
#10425=CARTESIAN_POINT('',(1.75,4.42,6.83));
#10426=CARTESIAN_POINT('',(0.75,4.42,6.83));
#10427=CARTESIAN_POINT('',(0.75,4.17,6.83));
#10428=CARTESIAN_POINT('',(1.75,4.17,6.83));
#10429=CARTESIAN_POINT('',(1.75,4.17,6.83));
#10430=CARTESIAN_POINT('',(1.75,4.42,6.83));
#10431=CARTESIAN_POINT('',(1.75,4.42,6.83));
#10432=CARTESIAN_POINT('',(-0.75,4.42,6.83));
#10433=CARTESIAN_POINT('',(-0.75,4.17,6.83));
#10434=CARTESIAN_POINT('',(-1.75,4.42,6.83));
#10435=CARTESIAN_POINT('',(-1.75,4.17,6.83));
#10436=CARTESIAN_POINT('',(1.75,4.17,6.83));
#10437=CARTESIAN_POINT('',(1.75,4.17,6.83));
#10438=CARTESIAN_POINT('',(0.75,4.17,6.83));
#10439=CARTESIAN_POINT('',(0.75,4.17,5.83));
#10440=CARTESIAN_POINT('',(1.75,4.17,5.83));
#10441=CARTESIAN_POINT('',(1.75,4.17,5.83));
#10442=CARTESIAN_POINT('',(1.75,4.17,6.83));
#10443=CARTESIAN_POINT('',(1.75,4.17,6.83));
#10444=CARTESIAN_POINT('',(-0.75,4.17,6.83));
#10445=CARTESIAN_POINT('',(-0.75,4.17,5.83));
#10446=CARTESIAN_POINT('',(-1.75,4.17,6.83));
#10447=CARTESIAN_POINT('',(-1.75,4.17,5.83));
#10448=CARTESIAN_POINT('',(1.75,4.17,5.83));
#10449=CARTESIAN_POINT('',(1.75,4.17,5.83));
#10450=CARTESIAN_POINT('',(0.75,4.17,5.83));
#10451=CARTESIAN_POINT('',(0.75,3.3923304840674,4.49818540179605));
#10452=CARTESIAN_POINT('',(1.75,3.3923304840674,4.49818540179605));
#10453=CARTESIAN_POINT('',(1.75,3.3923304840674,4.49818540179605));
#10454=CARTESIAN_POINT('',(1.75,4.17,5.83));
#10455=CARTESIAN_POINT('',(1.75,4.17,5.83));
#10456=CARTESIAN_POINT('',(-0.75,4.17,5.83));
#10457=CARTESIAN_POINT('',(-0.75,3.3923304840674,4.49818540179605));
#10458=CARTESIAN_POINT('',(-1.75,4.17,5.83));
#10459=CARTESIAN_POINT('',(-1.75,3.3923304840674,4.49818540179605));
#10460=CARTESIAN_POINT('',(1.75,3.3923304840674,4.49818540179605));
#10461=CARTESIAN_POINT('',(1.75,4.04,4.12));
#10462=CARTESIAN_POINT('',(0.75,4.04,4.12));
#10463=CARTESIAN_POINT('',(0.75,3.34333575749916,3.842225031328));
#10464=CARTESIAN_POINT('',(1.75,3.34333575749916,3.842225031328));
#10465=CARTESIAN_POINT('',(1.75,3.34333575749916,3.842225031328));
#10466=CARTESIAN_POINT('',(1.75,4.04,4.12));
#10467=CARTESIAN_POINT('',(1.75,4.04,4.12));
#10468=CARTESIAN_POINT('',(-0.75,4.04,4.12));
#10469=CARTESIAN_POINT('',(-0.75,3.34333575749916,3.842225031328));
#10470=CARTESIAN_POINT('',(-1.75,4.04,4.12));
#10471=CARTESIAN_POINT('',(-1.75,3.34333575749916,3.842225031328));
#10472=CARTESIAN_POINT('',(1.75,3.34333575749916,3.842225031328));
#10473=CARTESIAN_POINT('',(1.75,3.34333575749916,3.842225031328));
#10474=CARTESIAN_POINT('',(0.75,3.34333575749916,3.842225031328));
#10475=CARTESIAN_POINT('',(1.75,3.34333575749916,3.842225031328));
#10476=CARTESIAN_POINT('',(1.75,3.34333575749916,3.842225031328));
#10477=CARTESIAN_POINT('',(-0.75,3.34333575749916,3.842225031328));
#10478=CARTESIAN_POINT('',(-1.75,3.34333575749916,3.842225031328));
#10479=CARTESIAN_POINT('',(1.75,5.9714,-0.245000000000001));
#10480=CARTESIAN_POINT('',(0.75,5.9714,-0.245000000000001));
#10481=CARTESIAN_POINT('',(0.75,7.65336845037477,3.83409758303769));
#10482=CARTESIAN_POINT('',(1.75,7.65336845037477,3.83409758303769));
#10483=CARTESIAN_POINT('',(1.75,7.65336845037477,3.83409758303769));
#10484=CARTESIAN_POINT('',(1.75,5.9714,-0.245000000000001));
#10485=CARTESIAN_POINT('',(1.75,5.9714,-0.245000000000001));
#10486=CARTESIAN_POINT('',(-0.75,5.9714,-0.245000000000001));
#10487=CARTESIAN_POINT('',(-0.75,7.65336845037477,3.83409758303769));
#10488=CARTESIAN_POINT('',(-1.75,5.9714,-0.245000000000001));
#10489=CARTESIAN_POINT('',(-1.75,7.65336845037477,3.83409758303769));
#10490=CARTESIAN_POINT('',(1.75,7.65336845037477,3.83409758303769));
#10491=CARTESIAN_POINT('',(1.75,6.95999999999999,4.12));
#10492=CARTESIAN_POINT('',(0.75,6.95999999999999,4.12));
#10493=CARTESIAN_POINT('',(0.75,7.6076695159326,4.49818540179605));
#10494=CARTESIAN_POINT('',(1.75,7.6076695159326,4.49818540179605));
#10495=CARTESIAN_POINT('',(1.75,7.6076695159326,4.49818540179605));
#10496=CARTESIAN_POINT('',(1.75,6.95999999999999,4.12));
#10497=CARTESIAN_POINT('',(1.75,6.95999999999999,4.12));
#10498=CARTESIAN_POINT('',(-0.75,6.95999999999999,4.12));
#10499=CARTESIAN_POINT('',(-0.75,7.6076695159326,4.49818540179605));
#10500=CARTESIAN_POINT('',(-1.75,6.95999999999999,4.12));
#10501=CARTESIAN_POINT('',(-1.75,7.6076695159326,4.49818540179605));
#10502=CARTESIAN_POINT('',(1.75,7.6076695159326,4.49818540179605));
#10503=CARTESIAN_POINT('',(1.75,7.6076695159326,4.49818540179605));
#10504=CARTESIAN_POINT('',(0.75,7.6076695159326,4.49818540179605));
#10505=CARTESIAN_POINT('',(1.75,7.6076695159326,4.49818540179605));
#10506=CARTESIAN_POINT('',(1.75,7.6076695159326,4.49818540179605));
#10507=CARTESIAN_POINT('',(-0.75,7.6076695159326,4.49818540179605));
#10508=CARTESIAN_POINT('',(-1.75,7.6076695159326,4.49818540179605));
#10509=CARTESIAN_POINT('',(1.75,4.773,-4.675));
#10510=CARTESIAN_POINT('',(1.75,4.773,-4.875));
#10511=CARTESIAN_POINT('',(1.55,4.773,-4.875));
#10512=CARTESIAN_POINT('',(0.95,4.773,-4.875));
#10513=CARTESIAN_POINT('',(1.55,4.773,-4.675));
#10514=CARTESIAN_POINT('',(0.95,4.773,-4.675));
#10515=CARTESIAN_POINT('',(1.75,4.773,-4.675));
#10516=CARTESIAN_POINT('',(1.75,4.773,-4.875));
#10517=CARTESIAN_POINT('',(-0.95,4.773,-4.875));
#10518=CARTESIAN_POINT('',(-1.55,4.773,-4.875));
#10519=CARTESIAN_POINT('',(-0.95,4.773,-4.675));
#10520=CARTESIAN_POINT('',(-1.55,4.773,-4.675));
#10521=CARTESIAN_POINT('',(1.75,4.773,-4.875));
#10522=CARTESIAN_POINT('',(1.55,4.773,-4.875));
#10523=CARTESIAN_POINT('',(1.55,-3.2,-4.875));
#10524=CARTESIAN_POINT('',(0.95,4.773,-4.875));
#10525=CARTESIAN_POINT('',(0.95,-3.2,-4.875));
#10526=CARTESIAN_POINT('',(1.75,-3.2,-4.875));
#10527=CARTESIAN_POINT('',(1.75,4.773,-4.875));
#10528=CARTESIAN_POINT('',(-0.95,4.773,-4.875));
#10529=CARTESIAN_POINT('',(-0.95,-3.2,-4.875));
#10530=CARTESIAN_POINT('',(-1.55,4.773,-4.875));
#10531=CARTESIAN_POINT('',(-1.55,-3.2,-4.875));
#10532=CARTESIAN_POINT('',(1.75,-3.2,-4.875));
#10533=CARTESIAN_POINT('',(1.75,-3.2,-4.875));
#10534=CARTESIAN_POINT('',(1.55,-3.2,-4.4));
#10535=CARTESIAN_POINT('',(1.55,-3.2,-5.125));
#10536=CARTESIAN_POINT('',(0.95,-3.2,-4.4));
#10537=CARTESIAN_POINT('',(0.95,-3.2,-5.125));
#10538=CARTESIAN_POINT('',(1.75,-3.2,-5.125));
#10539=CARTESIAN_POINT('',(1.75,-3.2,-4.875));
#10540=CARTESIAN_POINT('',(-0.95,-3.2,-4.4));
#10541=CARTESIAN_POINT('',(-0.95,-3.2,-5.125));
#10542=CARTESIAN_POINT('',(-1.55,-3.2,-4.4));
#10543=CARTESIAN_POINT('',(-1.55,-3.2,-5.125));
#10544=CARTESIAN_POINT('',(1.75,-3.2,-5.125));
#10545=CARTESIAN_POINT('',(1.75,-3.2,-5.125));
#10546=CARTESIAN_POINT('',(1.55,-3.2,-5.125));
#10547=CARTESIAN_POINT('',(1.55,4.773,-5.125));
#10548=CARTESIAN_POINT('',(0.95,-3.2,-5.125));
#10549=CARTESIAN_POINT('',(0.95,4.773,-5.125));
#10550=CARTESIAN_POINT('',(1.75,4.773,-5.125));
#10551=CARTESIAN_POINT('',(1.75,-3.2,-5.125));
#10552=CARTESIAN_POINT('',(-0.95,-3.2,-5.125));
#10553=CARTESIAN_POINT('',(-0.95,4.773,-5.125));
#10554=CARTESIAN_POINT('',(-1.55,-3.2,-5.125));
#10555=CARTESIAN_POINT('',(-1.55,4.773,-5.125));
#10556=CARTESIAN_POINT('',(1.75,4.773,-5.125));
#10557=CARTESIAN_POINT('',(1.75,4.773,-4.675));
#10558=CARTESIAN_POINT('',(1.55,4.773,-4.675));
#10559=CARTESIAN_POINT('',(1.55,5.223,-4.675));
#10560=CARTESIAN_POINT('',(0.95,4.773,-4.675));
#10561=CARTESIAN_POINT('',(0.95,5.223,-4.675));
#10562=CARTESIAN_POINT('',(1.75,5.223,-4.675));
#10563=CARTESIAN_POINT('',(1.75,4.773,-4.675));
#10564=CARTESIAN_POINT('',(-0.95,4.773,-4.675));
#10565=CARTESIAN_POINT('',(-0.95,5.223,-4.675));
#10566=CARTESIAN_POINT('',(-1.55,4.773,-4.675));
#10567=CARTESIAN_POINT('',(-1.55,5.223,-4.675));
#10568=CARTESIAN_POINT('',(1.75,5.223,-4.675));
#10569=CARTESIAN_POINT('',(1.75,5.223,-4.675));
#10570=CARTESIAN_POINT('',(1.55,5.223,-4.675));
#10571=CARTESIAN_POINT('',(1.55,5.223,-4.4));
#10572=CARTESIAN_POINT('',(0.95,5.223,-4.675));
#10573=CARTESIAN_POINT('',(0.95,5.223,-4.4));
#10574=CARTESIAN_POINT('',(1.75,5.223,-4.4));
#10575=CARTESIAN_POINT('',(-0.95,5.223,-4.4));
#10576=CARTESIAN_POINT('',(-0.95,5.223,-4.675));
#10577=CARTESIAN_POINT('',(-1.55,5.223,-4.675));
#10578=CARTESIAN_POINT('',(-1.55,5.223,-4.4));
#10579=CARTESIAN_POINT('',(1.75,5.223,-4.4));
#10580=CARTESIAN_POINT('',(-1.75,5.223,-4.4));
#10581=CARTESIAN_POINT('',(-1.75,5.223,-4.675));
#10582=CARTESIAN_POINT('',(-1.75,5.223,-3.425));
#10583=CARTESIAN_POINT('',(1.75,5.223,-3.425));
#10584=CARTESIAN_POINT('',(1.75,5.223,-3.425));
#10585=CARTESIAN_POINT('',(1.75,5.223,-4.675));
#10586=CARTESIAN_POINT('',(1.75,5.223,-4.4));
#10587=CARTESIAN_POINT('',(1.75,5.223,-4.4));
#10588=CARTESIAN_POINT('',(1.75,5.7214,-3.425));
#10589=CARTESIAN_POINT('',(-1.55,5.7214,-3.425));
#10590=CARTESIAN_POINT('',(-1.55,5.7214,-6.675));
#10591=CARTESIAN_POINT('',(-1.55,5.7214,-4.4));
#10592=CARTESIAN_POINT('',(1.75,5.7214,-6.675));
#10593=CARTESIAN_POINT('',(-0.95,5.7214,-6.675));
#10594=CARTESIAN_POINT('',(-0.95,5.7214,-3.425));
#10595=CARTESIAN_POINT('',(-0.95,5.7214,-4.4));
#10596=CARTESIAN_POINT('',(1.75,5.7214,-4.4));
#10597=CARTESIAN_POINT('',(0.95,5.7214,-4.4));
#10598=CARTESIAN_POINT('',(0.95,5.7214,-3.425));
#10599=CARTESIAN_POINT('',(0.95,5.7214,-6.675));
#10600=CARTESIAN_POINT('',(1.75,5.7214,-6.675));
#10601=CARTESIAN_POINT('',(1.55,5.7214,-6.675));
#10602=CARTESIAN_POINT('',(1.55,5.7214,-3.425));
#10603=CARTESIAN_POINT('',(1.55,5.7214,-4.4));
#10604=CARTESIAN_POINT('',(1.75,5.7214,-4.4));
#10605=CARTESIAN_POINT('',(1.75,5.7214,-4.4));
#10606=CARTESIAN_POINT('',(1.75,5.7214,-3.425));
#10607=CARTESIAN_POINT('',(1.75,5.7214,-3.425));
#10608=CARTESIAN_POINT('',(1.75,5.7214,-3.425));
#10609=CARTESIAN_POINT('',(-1.75,5.7214,-3.425));
#10610=CARTESIAN_POINT('',(-1.75,5.7214,-3.425));
#10611=CARTESIAN_POINT('',(-1.75,5.7214,-4.4));
#10612=CARTESIAN_POINT('',(1.75,5.7214,-4.4));
#10613=CARTESIAN_POINT('',(1.75,5.5214,-6.675));
#10614=CARTESIAN_POINT('',(1.75,5.5214,-6.875));
#10615=CARTESIAN_POINT('',(1.55,5.5214,-6.875));
#10616=CARTESIAN_POINT('',(0.95,5.5214,-6.875));
#10617=CARTESIAN_POINT('',(1.55,5.5214,-6.675));
#10618=CARTESIAN_POINT('',(0.95,5.5214,-6.675));
#10619=CARTESIAN_POINT('',(1.75,5.5214,-6.675));
#10620=CARTESIAN_POINT('',(1.75,5.5214,-6.875));
#10621=CARTESIAN_POINT('',(-0.95,5.5214,-6.875));
#10622=CARTESIAN_POINT('',(-1.55,5.5214,-6.875));
#10623=CARTESIAN_POINT('',(-0.95,5.5214,-6.675));
#10624=CARTESIAN_POINT('',(-1.55,5.5214,-6.675));
#10625=CARTESIAN_POINT('',(1.75,5.5214,-6.875));
#10626=CARTESIAN_POINT('',(1.55,5.5214,-6.875));
#10627=CARTESIAN_POINT('',(1.55,-3.2,-6.875));
#10628=CARTESIAN_POINT('',(0.95,5.5214,-6.875));
#10629=CARTESIAN_POINT('',(0.95,-3.2,-6.875));
#10630=CARTESIAN_POINT('',(1.75,-3.2,-6.875));
#10631=CARTESIAN_POINT('',(1.75,5.5214,-6.875));
#10632=CARTESIAN_POINT('',(-0.95,5.5214,-6.875));
#10633=CARTESIAN_POINT('',(-0.95,-3.2,-6.875));
#10634=CARTESIAN_POINT('',(-1.55,5.5214,-6.875));
#10635=CARTESIAN_POINT('',(-1.55,-3.2,-6.875));
#10636=CARTESIAN_POINT('',(1.75,-3.2,-6.875));
#10637=CARTESIAN_POINT('',(1.75,-3.2,-6.875));
#10638=CARTESIAN_POINT('',(1.55,-3.2,-4.4));
#10639=CARTESIAN_POINT('',(1.55,-3.2,-7.125));
#10640=CARTESIAN_POINT('',(0.95,-3.2,-4.4));
#10641=CARTESIAN_POINT('',(0.95,-3.2,-7.125));
#10642=CARTESIAN_POINT('',(1.75,-3.2,-7.125));
#10643=CARTESIAN_POINT('',(1.75,-3.2,-6.875));
#10644=CARTESIAN_POINT('',(-0.95,-3.2,-4.4));
#10645=CARTESIAN_POINT('',(-0.95,-3.2,-7.125));
#10646=CARTESIAN_POINT('',(-1.55,-3.2,-4.4));
#10647=CARTESIAN_POINT('',(-1.55,-3.2,-7.125));
#10648=CARTESIAN_POINT('',(1.75,-3.2,-7.125));
#10649=CARTESIAN_POINT('',(1.75,-3.2,-7.125));
#10650=CARTESIAN_POINT('',(1.55,-3.2,-7.125));
#10651=CARTESIAN_POINT('',(1.55,5.5214,-7.125));
#10652=CARTESIAN_POINT('',(0.95,-3.2,-7.125));
#10653=CARTESIAN_POINT('',(0.95,5.5214,-7.125));
#10654=CARTESIAN_POINT('',(1.75,5.5214,-7.125));
#10655=CARTESIAN_POINT('',(1.75,-3.2,-7.125));
#10656=CARTESIAN_POINT('',(-0.95,-3.2,-7.125));
#10657=CARTESIAN_POINT('',(-0.95,5.5214,-7.125));
#10658=CARTESIAN_POINT('',(-1.55,-3.2,-7.125));
#10659=CARTESIAN_POINT('',(-1.55,5.5214,-7.125));
#10660=CARTESIAN_POINT('',(1.75,5.5214,-7.125));
#10661=CARTESIAN_POINT('',(1.75,5.5214,-6.675));
#10662=CARTESIAN_POINT('',(1.55,5.5214,-6.675));
#10663=CARTESIAN_POINT('',(0.95,5.5214,-6.675));
#10664=CARTESIAN_POINT('',(1.75,5.5214,-6.675));
#10665=CARTESIAN_POINT('',(-0.95,5.5214,-6.675));
#10666=CARTESIAN_POINT('',(-1.55,5.5214,-6.675));
#10667=CARTESIAN_POINT('',(1.75,5.7214,-3.175));
#10668=CARTESIAN_POINT('',(-1.75,5.7214,-3.175));
#10669=CARTESIAN_POINT('',(1.75,5.7214,-3.175));
#10670=CARTESIAN_POINT('',(1.75,5.223,-3.425));
#10671=CARTESIAN_POINT('',(-1.75,5.223,-3.425));
#10672=CARTESIAN_POINT('',(1.75,5.223,-3.425));
#10673=CARTESIAN_POINT('',(1.75,6.96,4.12));
#10674=CARTESIAN_POINT('',(1.75,6.96,-4.4));
#10675=CARTESIAN_POINT('',(1.75,6.96,-4.4));
#10676=CARTESIAN_POINT('',(-1.75,6.96,4.12));
#10677=CARTESIAN_POINT('',(-1.75,6.96,-4.4));
#10678=CARTESIAN_POINT('',(-1.75,6.96,-4.4));
#10679=CARTESIAN_POINT('',(0.,0.,-4.4));
#10680=CARTESIAN_POINT('',(-1.55,-3.2,-4.4));
#10681=CARTESIAN_POINT('',(-1.55,-3.2,-4.4));
#10682=CARTESIAN_POINT('',(0.,0.,-4.4));
#10683=CARTESIAN_POINT('',(-1.55,-3.2,-4.4));
#10684=CARTESIAN_POINT('',(-1.55,-3.2,-4.4));
#10685=CARTESIAN_POINT('',(0.,0.,-4.4));
#10686=CARTESIAN_POINT('',(1.55,5.9714,-4.4));
#10687=CARTESIAN_POINT('',(1.55,5.9714,-4.4));
#10688=CARTESIAN_POINT('',(0.,0.,-4.4));
#10689=CARTESIAN_POINT('',(1.55,5.9714,-4.4));
#10690=CARTESIAN_POINT('',(1.55,5.9714,-4.4));
#10691=CARTESIAN_POINT('',(0.,0.,-4.4));
#10692=CARTESIAN_POINT('',(-0.95,5.9714,-4.4));
#10693=CARTESIAN_POINT('',(0.95,-3.2,-4.4));
#10694=CARTESIAN_POINT('',(-0.95,5.9714,-4.4));
#10695=CARTESIAN_POINT('',(0.95,-3.2,-4.4));
#10696=CARTESIAN_POINT('',(0.95,-3.2,-4.4));
#10697=CARTESIAN_POINT('',(0.95,-3.2,-4.4));
#10698=CARTESIAN_POINT('',(-0.95,5.9714,-4.4));
#10699=CARTESIAN_POINT('',(-0.95,5.9714,-4.4));
#10700=CARTESIAN_POINT('',(0.,0.,-4.4));
#10701=CARTESIAN_POINT('',(-0.75,10.8,-1.4));
#10702=CARTESIAN_POINT('',(-0.75,10.8,-1.4));
#10703=CARTESIAN_POINT('',(0.75,10.8,8.1));
#10704=CARTESIAN_POINT('',(0.75,10.8,-1.4));
#10705=CARTESIAN_POINT('',(0.75,10.8,-1.4));
#10706=CARTESIAN_POINT('',(0.75,10.8,-1.4));
#10707=CARTESIAN_POINT('',(0.75,10.8,-1.4));
#10708=CARTESIAN_POINT('',(-0.75,10.8,-1.4));
#10709=CARTESIAN_POINT('',(0.75,10.8,8.1));
#10710=CARTESIAN_POINT('',(-0.75,10.8,-1.4));
#10711=CARTESIAN_POINT('',(0.,0.,0.));
#10712=(
GEOMETRIC_REPRESENTATION_CONTEXT(3)
GLOBAL_UNCERTAINTY_ASSIGNED_CONTEXT((#10716))
GLOBAL_UNIT_ASSIGNED_CONTEXT((#10722,#10721,#10720))
REPRESENTATION_CONTEXT('USB-B-S-F-B-TH-FR','TOP_LEVEL_ASSEMBLY_PART')
);
#10713=(
GEOMETRIC_REPRESENTATION_CONTEXT(3)
GLOBAL_UNCERTAINTY_ASSIGNED_CONTEXT((#10717))
GLOBAL_UNIT_ASSIGNED_CONTEXT((#10722,#10721,#10720))
REPRESENTATION_CONTEXT('USB-B-S-TH_S','COMPONENT_PART')
);
#10714=(
GEOMETRIC_REPRESENTATION_CONTEXT(3)
GLOBAL_UNCERTAINTY_ASSIGNED_CONTEXT((#10718))
GLOBAL_UNIT_ASSIGNED_CONTEXT((#10722,#10721,#10720))
REPRESENTATION_CONTEXT('USB-B-S-B-TH_B','COMPONENT_PART')
);
#10715=(
GEOMETRIC_REPRESENTATION_CONTEXT(3)
GLOBAL_UNCERTAINTY_ASSIGNED_CONTEXT((#10719))
GLOBAL_UNIT_ASSIGNED_CONTEXT((#10722,#10721,#10720))
REPRESENTATION_CONTEXT('USB-B-S-TH_P','COMPONENT_PART')
);
#10716=UNCERTAINTY_MEASURE_WITH_UNIT(LENGTH_MEASURE(1.E-5),#10722,
'DISTANCE_ACCURACY_VALUE','Maximum Tolerance applied to model');
#10717=UNCERTAINTY_MEASURE_WITH_UNIT(LENGTH_MEASURE(1.E-5),#10722,
'DISTANCE_ACCURACY_VALUE','Maximum Tolerance applied to model');
#10718=UNCERTAINTY_MEASURE_WITH_UNIT(LENGTH_MEASURE(1.E-5),#10722,
'DISTANCE_ACCURACY_VALUE','Maximum Tolerance applied to model');
#10719=UNCERTAINTY_MEASURE_WITH_UNIT(LENGTH_MEASURE(1.E-5),#10722,
'DISTANCE_ACCURACY_VALUE','Maximum Tolerance applied to model');
#10720=(
NAMED_UNIT(*)
SI_UNIT($,.STERADIAN.)
SOLID_ANGLE_UNIT()
);
#10721=(
NAMED_UNIT(*)
PLANE_ANGLE_UNIT()
SI_UNIT($,.RADIAN.)
);
#10722=(
LENGTH_UNIT()
NAMED_UNIT(*)
SI_UNIT(.MILLI.,.METRE.)
);
#10723=PRODUCT_DEFINITION_SHAPE('','',#10730);
#10724=PRODUCT_DEFINITION_SHAPE('','',#10731);
#10725=PRODUCT_DEFINITION_SHAPE(' ','NAUO PRDDFN',#21);
#10726=PRODUCT_DEFINITION_SHAPE('','',#10732);
#10727=PRODUCT_DEFINITION_SHAPE(' ','NAUO PRDDFN',#22);
#10728=PRODUCT_DEFINITION_SHAPE('','',#10733);
#10729=PRODUCT_DEFINITION_SHAPE(' ','NAUO PRDDFN',#23);
#10730=PRODUCT_DEFINITION('','',#10738,#10734);
#10731=PRODUCT_DEFINITION('','',#10739,#10735);
#10732=PRODUCT_DEFINITION('','',#10740,#10736);
#10733=PRODUCT_DEFINITION('','',#10741,#10737);
#10734=DESIGN_CONTEXT('',#10759,'design');
#10735=DESIGN_CONTEXT('',#10759,'design');
#10736=DESIGN_CONTEXT('',#10759,'design');
#10737=DESIGN_CONTEXT('',#10759,'design');
#10738=PRODUCT_DEFINITION_FORMATION_WITH_SPECIFIED_SOURCE('','',#10746,
 .NOT_KNOWN.);
#10739=PRODUCT_DEFINITION_FORMATION_WITH_SPECIFIED_SOURCE('','',#10747,
 .NOT_KNOWN.);
#10740=PRODUCT_DEFINITION_FORMATION_WITH_SPECIFIED_SOURCE('','',#10748,
 .NOT_KNOWN.);
#10741=PRODUCT_DEFINITION_FORMATION_WITH_SPECIFIED_SOURCE('','',#10749,
 .NOT_KNOWN.);
#10742=PRODUCT_RELATED_PRODUCT_CATEGORY('','',(#10746));
#10743=PRODUCT_RELATED_PRODUCT_CATEGORY('','',(#10747));
#10744=PRODUCT_RELATED_PRODUCT_CATEGORY('','',(#10748));
#10745=PRODUCT_RELATED_PRODUCT_CATEGORY('','',(#10749));
#10746=PRODUCT('USB-B-S-F-B-TH-FR','USB-B-S-F-B-TH-FR',
'USB-B-S-F-B-TH-FR',(#10754));
#10747=PRODUCT('USB-B-S-TH_S','USB-B-S-TH_S','USB-B-S-TH_S',(#10755));
#10748=PRODUCT('USB-B-S-B-TH_B','USB-B-S-B-TH_B','USB-B-S-B-TH_B',(#10756));
#10749=PRODUCT('USB-B-S-TH_P','USB-B-S-TH_P','USB-B-S-TH_P',(#10757));
#10750=PRODUCT_CATEGORY('','');
#10751=PRODUCT_CATEGORY('','');
#10752=PRODUCT_CATEGORY('','');
#10753=PRODUCT_CATEGORY('','');
#10754=MECHANICAL_CONTEXT('',#10759,'mechanical');
#10755=MECHANICAL_CONTEXT('',#10759,'mechanical');
#10756=MECHANICAL_CONTEXT('',#10759,'mechanical');
#10757=MECHANICAL_CONTEXT('',#10759,'mechanical');
#10758=APPLICATION_PROTOCOL_DEFINITION('international standard',
'config_control_design',2010,#10759);
#10759=APPLICATION_CONTEXT(
'configuration controlled 3D designs of mechanical parts and assemblie
s');
ENDSEC;
END-ISO-10303-21;
